ticker,run_time,semantic_layer,in_raw_universe,in_classified_universe,in_main_compute_universe,in_second_stage_candidate,raw_price_ok,price_status,latest_price_date,latest_close,special_tag,inferred_exclusion_reason,raw105_refresh_status,raw105_latest_price_date,raw105_latest_close,raw105_latest_volume,raw105_freshness_status,freshness_acceptance_status,freshness_max_latest_price_date,model_data_status,model_screen_bucket,model_screen_reason,model_theme_bucket,model_second_stage_bucket,model_second_stage_score,model_second_stage_reason,is_current_main_compute,is_current_second_stage,is_top_candidate_file,is_watchlist_file,candidate_tier,full_buy_decision,decision_reason_cn,tier_order
QCOM,2026-05-15 15:58:40,SECOND_STAGE_CANDIDATE,True,True,True,True,True,OK_EXISTING_LOCAL_PRICE,2026-05-14,200.0800018310547,,,OK_YFINANCE_LATEST_AVAILABLE,2026-05-14,200.0800018310547,24401500.0,OK_LATEST_AVAILABLE,ACCEPT_LATEST_DATE,2026-05-14,OK,PASS_BASIC_SCREEN,"fresh, affordable, non-leveraged, enough history",OTHER_STOCK,PULLBACK_REVIEW,125.4625,meaningful pullback from 60d high with not-broken short-term momentum,True,True,True,False,A_SECOND_STAGE_TOP10,WORTH_REVIEW_BUT_NO_BUY_TODAY_EVENT_OR_BUDGET_LOCKED,进入 second stage，但今日被事件/预算门控锁住：NO_TRADE_EVENT_RISK_EXTREME / NO_BUY_EVENT_LOCKED / NO_NEW_BUYS_NOW,1
INTC,2026-05-15 15:58:40,SECOND_STAGE_CANDIDATE,True,True,True,True,True,OK_EXISTING_LOCAL_PRICE,2026-05-14,115.93000030517578,,,OK_YFINANCE_LATEST_AVAILABLE,2026-05-14,115.93000030517578,117575900.0,OK_LATEST_AVAILABLE,ACCEPT_LATEST_DATE,2026-05-14,OK,PASS_BASIC_SCREEN,"fresh, affordable, non-leveraged, enough history",OTHER_STOCK,PULLBACK_REVIEW,123.026,meaningful pullback from 60d high with not-broken short-term momentum,True,True,True,False,A_SECOND_STAGE_TOP10,WORTH_REVIEW_BUT_NO_BUY_TODAY_EVENT_OR_BUDGET_LOCKED,进入 second stage，但今日被事件/预算门控锁住：NO_TRADE_EVENT_RISK_EXTREME / NO_BUY_EVENT_LOCKED / NO_NEW_BUYS_NOW,1
NET,2026-05-15 15:58:40,SECOND_STAGE_CANDIDATE,True,True,True,True,True,OK_EXISTING_LOCAL_PRICE,2026-05-14,199.8099975585937,,,OK_YFINANCE_LATEST_AVAILABLE,2026-05-14,199.80999755859372,4092300.0,OK_LATEST_AVAILABLE,ACCEPT_LATEST_DATE,2026-05-14,OK,PASS_BASIC_SCREEN,"fresh, affordable, non-leveraged, enough history",OTHER_STOCK,PULLBACK_REVIEW,120.3725,meaningful pullback from 60d high with not-broken short-term momentum,True,True,True,False,A_SECOND_STAGE_TOP10,WORTH_REVIEW_BUT_NO_BUY_TODAY_EVENT_OR_BUDGET_LOCKED,进入 second stage，但今日被事件/预算门控锁住：NO_TRADE_EVENT_RISK_EXTREME / NO_BUY_EVENT_LOCKED / NO_NEW_BUYS_NOW,1
VST,2026-05-15 15:58:40,SECOND_STAGE_CANDIDATE,True,True,True,True,True,OK_EXISTING_LOCAL_PRICE,2026-05-14,141.89999389648438,,,OK_YFINANCE_LATEST_AVAILABLE,2026-05-14,141.89999389648438,5108800.0,OK_LATEST_AVAILABLE,ACCEPT_LATEST_DATE,2026-05-14,OK,PASS_BASIC_SCREEN,"fresh, affordable, non-leveraged, enough history",AI_POWER_INFRA,PULLBACK_REVIEW,118.05,meaningful pullback from 60d high with not-broken short-term momentum,True,True,True,False,A_SECOND_STAGE_TOP10,WORTH_REVIEW_BUT_NO_BUY_TODAY_EVENT_OR_BUDGET_LOCKED,进入 second stage，但今日被事件/预算门控锁住：NO_TRADE_EVENT_RISK_EXTREME / NO_BUY_EVENT_LOCKED / NO_NEW_BUYS_NOW,1
CRWV,2026-05-15 15:58:40,SECOND_STAGE_CANDIDATE,True,True,True,True,True,OK_EXISTING_LOCAL_PRICE,2026-05-14,114.21499633789062,,,OK_YFINANCE_LATEST_AVAILABLE,2026-05-14,114.21499633789062,27634000.0,OK_LATEST_AVAILABLE,ACCEPT_LATEST_DATE,2026-05-14,OK,PASS_BASIC_SCREEN,"fresh, affordable, non-leveraged, enough history",AI_DATA_INFRA,PULLBACK_REVIEW,114.4315,meaningful pullback from 60d high with not-broken short-term momentum,True,True,True,False,A_SECOND_STAGE_TOP10,WORTH_REVIEW_BUT_NO_BUY_TODAY_EVENT_OR_BUDGET_LOCKED,进入 second stage，但今日被事件/预算门控锁住：NO_TRADE_EVENT_RISK_EXTREME / NO_BUY_EVENT_LOCKED / NO_NEW_BUYS_NOW,1
CEG,2026-05-15 15:58:40,SECOND_STAGE_CANDIDATE,True,True,True,True,True,OK_EXISTING_LOCAL_PRICE,2026-05-14,275.260009765625,,,OK_YFINANCE_LATEST_AVAILABLE,2026-05-14,275.260009765625,3649600.0,OK_LATEST_AVAILABLE,ACCEPT_LATEST_DATE,2026-05-14,OK,PASS_BASIC_SCREEN,"fresh, affordable, non-leveraged, enough history",AI_POWER_INFRA,PULLBACK_REVIEW,114.005,meaningful pullback from 60d high with not-broken short-term momentum,True,True,True,False,A_SECOND_STAGE_TOP10,WORTH_REVIEW_BUT_NO_BUY_TODAY_EVENT_OR_BUDGET_LOCKED,进入 second stage，但今日被事件/预算门控锁住：NO_TRADE_EVENT_RISK_EXTREME / NO_BUY_EVENT_LOCKED / NO_NEW_BUYS_NOW,1
SNOW,2026-05-15 15:58:40,SECOND_STAGE_CANDIDATE,True,True,True,True,True,OK_EXISTING_LOCAL_PRICE,2026-05-14,150.75999450683594,,,OK_YFINANCE_LATEST_AVAILABLE,2026-05-14,150.75999450683594,5826100.0,OK_LATEST_AVAILABLE,ACCEPT_LATEST_DATE,2026-05-14,OK,PASS_BASIC_SCREEN,"fresh, affordable, non-leveraged, enough history",OTHER_STOCK,PULLBACK_REVIEW,113.347,meaningful pullback from 60d high with not-broken short-term momentum,True,True,True,False,A_SECOND_STAGE_TOP10,WORTH_REVIEW_BUT_NO_BUY_TODAY_EVENT_OR_BUDGET_LOCKED,进入 second stage，但今日被事件/预算门控锁住：NO_TRADE_EVENT_RISK_EXTREME / NO_BUY_EVENT_LOCKED / NO_NEW_BUYS_NOW,1
FLR,2026-05-15 15:58:40,SECOND_STAGE_CANDIDATE,True,True,True,True,True,OK_EXISTING_LOCAL_PRICE,2026-05-14,45.4900016784668,,,OK_YFINANCE_LATEST_AVAILABLE,2026-05-14,45.4900016784668,2814800.0,OK_LATEST_AVAILABLE,ACCEPT_LATEST_DATE,2026-05-14,OK,PASS_BASIC_SCREEN,"fresh, affordable, non-leveraged, enough history",AI_POWER_INFRA,PULLBACK_REVIEW,113.1795,meaningful pullback from 60d high with not-broken short-term momentum,True,True,True,False,A_SECOND_STAGE_TOP10,WORTH_REVIEW_BUT_NO_BUY_TODAY_EVENT_OR_BUDGET_LOCKED,进入 second stage，但今日被事件/预算门控锁住：NO_TRADE_EVENT_RISK_EXTREME / NO_BUY_EVENT_LOCKED / NO_NEW_BUYS_NOW,1
CRDO,2026-05-15 15:58:40,SECOND_STAGE_CANDIDATE,True,True,True,True,True,OK_EXISTING_LOCAL_PRICE,2026-05-14,184.5399932861328,,,OK_YFINANCE_LATEST_AVAILABLE,2026-05-14,184.5399932861328,4940000.0,OK_LATEST_AVAILABLE,ACCEPT_LATEST_DATE,2026-05-14,OK,PASS_BASIC_SCREEN,"fresh, affordable, non-leveraged, enough history",AI_DATA_INFRA,PULLBACK_REVIEW,112.6345,meaningful pullback from 60d high with not-broken short-term momentum,True,True,True,False,A_SECOND_STAGE_TOP10,WORTH_REVIEW_BUT_NO_BUY_TODAY_EVENT_OR_BUDGET_LOCKED,进入 second stage，但今日被事件/预算门控锁住：NO_TRADE_EVENT_RISK_EXTREME / NO_BUY_EVENT_LOCKED / NO_NEW_BUYS_NOW,1
ANET,2026-05-15 15:58:40,SECOND_STAGE_CANDIDATE,True,True,True,True,True,OK_EXISTING_LOCAL_PRICE,2026-05-14,147.80999755859375,,,OK_YFINANCE_LATEST_AVAILABLE,2026-05-14,147.80999755859375,15703500.0,OK_LATEST_AVAILABLE,ACCEPT_LATEST_DATE,2026-05-14,OK,PASS_BASIC_SCREEN,"fresh, affordable, non-leveraged, enough history",AI_DATA_INFRA,PULLBACK_REVIEW,112.424,meaningful pullback from 60d high with not-broken short-term momentum,True,True,True,False,A_SECOND_STAGE_TOP10,WORTH_REVIEW_BUT_NO_BUY_TODAY_EVENT_OR_BUDGET_LOCKED,进入 second stage，但今日被事件/预算门控锁住：NO_TRADE_EVENT_RISK_EXTREME / NO_BUY_EVENT_LOCKED / NO_NEW_BUYS_NOW,1
ECL,2026-05-15 15:58:40,MAIN_COMPUTE_UNIVERSE,True,True,True,False,True,OK_EXISTING_LOCAL_PRICE,2026-05-14,248.8800048828125,,,OK_YFINANCE_LATEST_AVAILABLE,2026-05-14,248.8800048828125,1587600.0,OK_LATEST_AVAILABLE,ACCEPT_LATEST_DATE,2026-05-14,OK,PASS_BASIC_SCREEN,"fresh, affordable, non-leveraged, enough history",OTHER_STOCK,PULLBACK_REVIEW,112.076,meaningful pullback from 60d high with not-broken short-term momentum,True,False,False,True,B_MAIN_COMPUTE_NOT_TOP10,WATCH_MAIN_COMPUTE_NO_BUY_TODAY,进入 main compute，但未进入 second stage；且今日门控锁住，不买,2
FORM,2026-05-15 15:58:40,MAIN_COMPUTE_UNIVERSE,True,True,True,False,True,OK_EXISTING_LOCAL_PRICE,2026-05-14,127.98999786376952,,,OK_YFINANCE_LATEST_AVAILABLE,2026-05-14,127.98999786376952,1383600.0,OK_LATEST_AVAILABLE,ACCEPT_LATEST_DATE,2026-05-14,OK,PASS_BASIC_SCREEN,"fresh, affordable, non-leveraged, enough history",OTHER_STOCK,PULLBACK_REVIEW,111.53,meaningful pullback from 60d high with not-broken short-term momentum,True,False,False,True,B_MAIN_COMPUTE_NOT_TOP10,WATCH_MAIN_COMPUTE_NO_BUY_TODAY,进入 main compute，但未进入 second stage；且今日门控锁住，不买,2
CAMT,2026-05-15 15:58:40,MAIN_COMPUTE_UNIVERSE,True,True,True,False,True,OK_EXISTING_LOCAL_PRICE,2026-05-14,171.36000061035156,,,OK_YFINANCE_LATEST_AVAILABLE,2026-05-14,171.36000061035156,511300.0,OK_LATEST_AVAILABLE,ACCEPT_LATEST_DATE,2026-05-14,OK,PASS_BASIC_SCREEN,"fresh, affordable, non-leveraged, enough history",OTHER_STOCK,PULLBACK_REVIEW,109.5245,meaningful pullback from 60d high with not-broken short-term momentum,True,False,False,True,B_MAIN_COMPUTE_NOT_TOP10,WATCH_MAIN_COMPUTE_NO_BUY_TODAY,进入 main compute，但未进入 second stage；且今日门控锁住，不买,2
PLTR,2026-05-15 15:58:40,MAIN_COMPUTE_UNIVERSE,True,True,True,False,True,OK_EXISTING_LOCAL_PRICE,2026-05-14,133.72999572753906,,,OK_YFINANCE_LATEST_AVAILABLE,2026-05-14,133.72999572753906,36945600.0,OK_LATEST_AVAILABLE,ACCEPT_LATEST_DATE,2026-05-14,OK,PASS_BASIC_SCREEN,"fresh, affordable, non-leveraged, enough history",OTHER_STOCK,PULLBACK_REVIEW,108.1325,meaningful pullback from 60d high with not-broken short-term momentum,True,False,False,True,B_MAIN_COMPUTE_NOT_TOP10,WATCH_MAIN_COMPUTE_NO_BUY_TODAY,进入 main compute，但未进入 second stage；且今日门控锁住，不买,2
CRM,2026-05-15 15:58:40,MAIN_COMPUTE_UNIVERSE,True,True,True,False,True,OK_EXISTING_LOCAL_PRICE,2026-05-14,167.5800018310547,,,OK_YFINANCE_LATEST_AVAILABLE,2026-05-14,167.5800018310547,9731300.0,OK_LATEST_AVAILABLE,ACCEPT_LATEST_DATE,2026-05-14,OK,PASS_BASIC_SCREEN,"fresh, affordable, non-leveraged, enough history",OTHER_STOCK,PULLBACK_REVIEW,108.1085,meaningful pullback from 60d high with not-broken short-term momentum,True,False,False,True,B_MAIN_COMPUTE_NOT_TOP10,WATCH_MAIN_COMPUTE_NO_BUY_TODAY,进入 main compute，但未进入 second stage；且今日门控锁住，不买,2
APH,2026-05-15 15:58:40,MAIN_COMPUTE_UNIVERSE,True,True,True,False,True,OK_EXISTING_LOCAL_PRICE,2026-05-14,129.19000244140625,,,OK_YFINANCE_LATEST_AVAILABLE,2026-05-14,129.19000244140625,10840100.0,OK_LATEST_AVAILABLE,ACCEPT_LATEST_DATE,2026-05-14,OK,PASS_BASIC_SCREEN,"fresh, affordable, non-leveraged, enough history",OTHER_STOCK,PULLBACK_REVIEW,104.328,meaningful pullback from 60d high with not-broken short-term momentum,True,False,False,True,B_MAIN_COMPUTE_NOT_TOP10,WATCH_MAIN_COMPUTE_NO_BUY_TODAY,进入 main compute，但未进入 second stage；且今日门控锁住，不买,2
ZS,2026-05-15 15:58:40,MAIN_COMPUTE_UNIVERSE,True,True,True,False,True,OK_EXISTING_LOCAL_PRICE,2026-05-14,153.6999969482422,,,OK_YFINANCE_LATEST_AVAILABLE,2026-05-14,153.6999969482422,3991900.0,OK_LATEST_AVAILABLE,ACCEPT_LATEST_DATE,2026-05-14,OK,PASS_BASIC_SCREEN,"fresh, affordable, non-leveraged, enough history",OTHER_STOCK,PULLBACK_REVIEW,101.337,meaningful pullback from 60d high with not-broken short-term momentum,True,False,False,True,B_MAIN_COMPUTE_NOT_TOP10,WATCH_MAIN_COMPUTE_NO_BUY_TODAY,进入 main compute，但未进入 second stage；且今日门控锁住，不买,2
ENTG,2026-05-15 15:58:40,MAIN_COMPUTE_UNIVERSE,True,True,True,False,True,OK_EXISTING_LOCAL_PRICE,2026-05-14,139.25999450683594,,,OK_YFINANCE_LATEST_AVAILABLE,2026-05-14,139.25999450683594,3082200.0,OK_LATEST_AVAILABLE,ACCEPT_LATEST_DATE,2026-05-14,OK,PASS_BASIC_SCREEN,"fresh, affordable, non-leveraged, enough history",OTHER_STOCK,PULLBACK_REVIEW,100.625,meaningful pullback from 60d high with not-broken short-term momentum,True,False,False,True,B_MAIN_COMPUTE_NOT_TOP10,WATCH_MAIN_COMPUTE_NO_BUY_TODAY,进入 main compute，但未进入 second stage；且今日门控锁住，不买,2
ACM,2026-05-15 15:58:40,MAIN_COMPUTE_UNIVERSE,True,True,True,False,True,OK_EXISTING_LOCAL_PRICE,2026-05-14,71.0,,,OK_YFINANCE_LATEST_AVAILABLE,2026-05-14,71.0,1477400.0,OK_LATEST_AVAILABLE,ACCEPT_LATEST_DATE,2026-05-14,OK,PASS_BASIC_SCREEN,"fresh, affordable, non-leveraged, enough history",AI_POWER_INFRA,DEEP_PULLBACK_HIGH_RISK_REVIEW,79.6795,deep drawdown; possible value setup but requires stricter event/news review,True,False,False,True,B_MAIN_COMPUTE_NOT_TOP10,WATCH_MAIN_COMPUTE_NO_BUY_TODAY,进入 main compute，但未进入 second stage；且今日门控锁住，不买,2
NOW,2026-05-15 15:58:40,MAIN_COMPUTE_UNIVERSE,True,True,True,False,True,OK_EXISTING_LOCAL_PRICE,2026-05-14,90.5,,,OK_YFINANCE_LATEST_AVAILABLE,2026-05-14,90.5,25442200.0,OK_LATEST_AVAILABLE,ACCEPT_LATEST_DATE,2026-05-14,OK,PASS_BASIC_SCREEN,"fresh, affordable, non-leveraged, enough history",OTHER_STOCK,DEEP_PULLBACK_HIGH_RISK_REVIEW,75.236,deep drawdown; possible value setup but requires stricter event/news review,True,False,False,True,B_MAIN_COMPUTE_NOT_TOP10,WATCH_MAIN_COMPUTE_NO_BUY_TODAY,进入 main compute，但未进入 second stage；且今日门控锁住，不买,2
XLK,2026-05-15 15:58:40,MAIN_COMPUTE_UNIVERSE,True,True,True,False,True,OK_EXISTING_LOCAL_PRICE,2026-05-14,179.5,BENCHMARK_OR_CORE_ETF,,OK_YFINANCE_LATEST_AVAILABLE,2026-05-14,179.5,11412000.0,OK_LATEST_AVAILABLE,ACCEPT_LATEST_DATE,2026-05-14,OK,PASS_BASIC_SCREEN,"fresh, affordable, non-leveraged, enough history",CORE_ETF,NEAR_HIGH_WATCH_ONLY,34.808,fresh and strong but not enough pullback; watch only,True,False,False,True,B_MAIN_COMPUTE_NOT_TOP10,WATCH_MAIN_COMPUTE_NO_BUY_TODAY,进入 main compute，但未进入 second stage；且今日门控锁住，不买,2
IYW,2026-05-15 15:58:40,MAIN_COMPUTE_UNIVERSE,True,True,True,False,True,OK_EXISTING_LOCAL_PRICE,2026-05-14,243.0599975585937,,,OK_YFINANCE_LATEST_AVAILABLE,2026-05-14,243.05999755859372,973300.0,OK_LATEST_AVAILABLE,ACCEPT_LATEST_DATE,2026-05-14,OK,PASS_BASIC_SCREEN,"fresh, affordable, non-leveraged, enough history",CORE_ETF,NEAR_HIGH_WATCH_ONLY,34.767,fresh and strong but not enough pullback; watch only,True,False,False,True,B_MAIN_COMPUTE_NOT_TOP10,WATCH_MAIN_COMPUTE_NO_BUY_TODAY,进入 main compute，但未进入 second stage；且今日门控锁住，不买,2
NVDA,2026-05-15 15:58:40,MAIN_COMPUTE_UNIVERSE,True,True,True,False,True,OK_EXISTING_LOCAL_PRICE,2026-05-14,235.7400054931641,,,OK_YFINANCE_LATEST_AVAILABLE,2026-05-14,235.7400054931641,179114200.0,OK_LATEST_AVAILABLE,ACCEPT_LATEST_DATE,2026-05-14,OK,PASS_BASIC_SCREEN,"fresh, affordable, non-leveraged, enough history",CORE_AI_SEMI,NEAR_HIGH_WATCH_ONLY,33.885,fresh and strong but not enough pullback; watch only,True,False,False,True,B_MAIN_COMPUTE_NOT_TOP10,WATCH_MAIN_COMPUTE_NO_BUY_TODAY,进入 main compute，但未进入 second stage；且今日门控锁住，不买,2
POWL,2026-05-15 15:58:40,MAIN_COMPUTE_UNIVERSE,True,True,True,False,True,OK_EXISTING_LOCAL_PRICE,2026-05-14,296.9800109863281,,,OK_YFINANCE_LATEST_AVAILABLE,2026-05-14,296.9800109863281,599700.0,OK_LATEST_AVAILABLE,ACCEPT_LATEST_DATE,2026-05-14,OK,PASS_BASIC_SCREEN,"fresh, affordable, non-leveraged, enough history",AI_POWER_INFRA,NEAR_HIGH_WATCH_ONLY,33.756,fresh and strong but not enough pullback; watch only,True,False,False,True,B_MAIN_COMPUTE_NOT_TOP10,WATCH_MAIN_COMPUTE_NO_BUY_TODAY,进入 main compute，但未进入 second stage；且今日门控锁住，不买,2
IGV,2026-05-15 15:58:40,MAIN_COMPUTE_UNIVERSE,True,True,True,False,True,OK_EXISTING_LOCAL_PRICE,2026-05-14,90.63999938964844,,,OK_YFINANCE_LATEST_AVAILABLE,2026-05-14,90.63999938964844,17055100.0,OK_LATEST_AVAILABLE,ACCEPT_LATEST_DATE,2026-05-14,OK,PASS_BASIC_SCREEN,"fresh, affordable, non-leveraged, enough history",CORE_ETF,NEAR_HIGH_WATCH_ONLY,33.744,fresh and strong but not enough pullback; watch only,True,False,False,True,B_MAIN_COMPUTE_NOT_TOP10,WATCH_MAIN_COMPUTE_NO_BUY_TODAY,进入 main compute，但未进入 second stage；且今日门控锁住，不买,2
LRCX,2026-05-15 15:58:40,MAIN_COMPUTE_UNIVERSE,True,True,True,False,True,OK_EXISTING_LOCAL_PRICE,2026-05-14,299.1499938964844,,,OK_YFINANCE_LATEST_AVAILABLE,2026-05-14,299.1499938964844,6383400.0,OK_LATEST_AVAILABLE,ACCEPT_LATEST_DATE,2026-05-14,OK,PASS_BASIC_SCREEN,"fresh, affordable, non-leveraged, enough history",CORE_AI_SEMI,NEAR_HIGH_WATCH_ONLY,33.463,fresh and strong but not enough pullback; watch only,True,False,False,True,B_MAIN_COMPUTE_NOT_TOP10,WATCH_MAIN_COMPUTE_NO_BUY_TODAY,进入 main compute，但未进入 second stage；且今日门控锁住，不买,2
SMCI,2026-05-15 15:58:40,MAIN_COMPUTE_UNIVERSE,True,True,True,False,True,OK_EXISTING_LOCAL_PRICE,2026-05-14,33.029998779296875,,,OK_YFINANCE_LATEST_AVAILABLE,2026-05-14,33.029998779296875,32285500.0,OK_LATEST_AVAILABLE,ACCEPT_LATEST_DATE,2026-05-14,OK,PASS_BASIC_SCREEN,"fresh, affordable, non-leveraged, enough history",AI_DATA_INFRA,NEAR_HIGH_WATCH_ONLY,31.63,fresh and strong but not enough pullback; watch only,True,False,False,True,B_MAIN_COMPUTE_NOT_TOP10,WATCH_MAIN_COMPUTE_NO_BUY_TODAY,进入 main compute，但未进入 second stage；且今日门控锁住，不买,2
NTAP,2026-05-15 15:58:40,MAIN_COMPUTE_UNIVERSE,True,True,True,False,True,OK_EXISTING_LOCAL_PRICE,2026-05-14,119.93000030517578,,,OK_YFINANCE_LATEST_AVAILABLE,2026-05-14,119.93000030517578,4518200.0,OK_LATEST_AVAILABLE,ACCEPT_LATEST_DATE,2026-05-14,OK,PASS_BASIC_SCREEN,"fresh, affordable, non-leveraged, enough history",AI_DATA_INFRA,NEAR_HIGH_WATCH_ONLY,31.567,fresh and strong but not enough pullback; watch only,True,False,False,True,B_MAIN_COMPUTE_NOT_TOP10,WATCH_MAIN_COMPUTE_NO_BUY_TODAY,进入 main compute，但未进入 second stage；且今日门控锁住，不买,2
ACLS,2026-05-15 15:58:40,MAIN_COMPUTE_UNIVERSE,True,True,True,False,True,OK_EXISTING_LOCAL_PRICE,2026-05-14,161.63999938964844,,,OK_YFINANCE_LATEST_AVAILABLE,2026-05-14,161.63999938964844,393300.0,OK_LATEST_AVAILABLE,ACCEPT_LATEST_DATE,2026-05-14,OK,PASS_BASIC_SCREEN,"fresh, affordable, non-leveraged, enough history",OTHER_STOCK,NEAR_HIGH_WATCH_ONLY,28.611,fresh and strong but not enough pullback; watch only,True,False,False,True,B_MAIN_COMPUTE_NOT_TOP10,WATCH_MAIN_COMPUTE_NO_BUY_TODAY,进入 main compute，但未进入 second stage；且今日门控锁住，不买,2
ACMR,2026-05-15 15:58:40,MAIN_COMPUTE_UNIVERSE,True,True,True,False,True,OK_EXISTING_LOCAL_PRICE,2026-05-14,63.18999862670898,,,OK_YFINANCE_LATEST_AVAILABLE,2026-05-14,63.18999862670898,2206000.0,OK_LATEST_AVAILABLE,ACCEPT_LATEST_DATE,2026-05-14,OK,PASS_BASIC_SCREEN,"fresh, affordable, non-leveraged, enough history",OTHER_STOCK,NEAR_HIGH_WATCH_ONLY,28.195,fresh and strong but not enough pullback; watch only,True,False,False,True,B_MAIN_COMPUTE_NOT_TOP10,WATCH_MAIN_COMPUTE_NO_BUY_TODAY,进入 main compute，但未进入 second stage；且今日门控锁住，不买,2
MCHP,2026-05-15 15:58:40,MAIN_COMPUTE_UNIVERSE,True,True,True,False,True,OK_EXISTING_LOCAL_PRICE,2026-05-14,97.04000091552734,,,OK_YFINANCE_LATEST_AVAILABLE,2026-05-14,97.04000091552734,6974300.0,OK_LATEST_AVAILABLE,ACCEPT_LATEST_DATE,2026-05-14,OK,PASS_BASIC_SCREEN,"fresh, affordable, non-leveraged, enough history",OTHER_STOCK,NEAR_HIGH_WATCH_ONLY,27.624,fresh and strong but not enough pullback; watch only,True,False,False,True,B_MAIN_COMPUTE_NOT_TOP10,WATCH_MAIN_COMPUTE_NO_BUY_TODAY,进入 main compute，但未进入 second stage；且今日门控锁住，不买,2
BTDR,2026-05-15 15:58:40,MAIN_COMPUTE_UNIVERSE,True,True,True,False,True,OK_EXISTING_LOCAL_PRICE,2026-05-14,14.75,,,OK_YFINANCE_LATEST_AVAILABLE,2026-05-14,14.75,14112700.0,OK_LATEST_AVAILABLE,ACCEPT_LATEST_DATE,2026-05-14,OK,PASS_BASIC_SCREEN,"fresh, affordable, non-leveraged, enough history",OTHER_STOCK,NEAR_HIGH_WATCH_ONLY,26.876,fresh and strong but not enough pullback; watch only,True,False,False,True,B_MAIN_COMPUTE_NOT_TOP10,WATCH_MAIN_COMPUTE_NO_BUY_TODAY,进入 main compute，但未进入 second stage；且今日门控锁住，不买,2
ICHR,2026-05-15 15:58:40,MAIN_COMPUTE_UNIVERSE,True,True,True,False,True,OK_EXISTING_LOCAL_PRICE,2026-05-14,74.51000213623047,,,OK_YFINANCE_LATEST_AVAILABLE,2026-05-14,74.51000213623047,510900.0,OK_LATEST_AVAILABLE,ACCEPT_LATEST_DATE,2026-05-14,OK,PASS_BASIC_SCREEN,"fresh, affordable, non-leveraged, enough history",OTHER_STOCK,NEAR_HIGH_WATCH_ONLY,26.701,fresh and strong but not enough pullback; watch only,True,False,False,True,B_MAIN_COMPUTE_NOT_TOP10,WATCH_MAIN_COMPUTE_NO_BUY_TODAY,进入 main compute，但未进入 second stage；且今日门控锁住，不买,2
AMKR,2026-05-15 15:58:40,MAIN_COMPUTE_UNIVERSE,True,True,True,False,True,OK_EXISTING_LOCAL_PRICE,2026-05-14,72.08999633789062,,,OK_YFINANCE_LATEST_AVAILABLE,2026-05-14,72.08999633789062,4827300.0,OK_LATEST_AVAILABLE,ACCEPT_LATEST_DATE,2026-05-14,OK,PASS_BASIC_SCREEN,"fresh, affordable, non-leveraged, enough history",OTHER_STOCK,NEAR_HIGH_WATCH_ONLY,26.461,fresh and strong but not enough pullback; watch only,True,False,False,True,B_MAIN_COMPUTE_NOT_TOP10,WATCH_MAIN_COMPUTE_NO_BUY_TODAY,进入 main compute，但未进入 second stage；且今日门控锁住，不买,2
AAPL,2026-05-15 15:58:40,MAIN_COMPUTE_UNIVERSE,True,True,True,False,True,OK_EXISTING_LOCAL_PRICE,2026-05-14,298.2099914550781,,,OK_YFINANCE_LATEST_AVAILABLE,2026-05-14,298.2099914550781,35263400.0,OK_LATEST_AVAILABLE,ACCEPT_LATEST_DATE,2026-05-14,OK,PASS_BASIC_SCREEN,"fresh, affordable, non-leveraged, enough history",OTHER_STOCK,NEAR_HIGH_WATCH_ONLY,26.322,fresh and strong but not enough pullback; watch only,True,False,False,True,B_MAIN_COMPUTE_NOT_TOP10,WATCH_MAIN_COMPUTE_NO_BUY_TODAY,进入 main compute，但未进入 second stage；且今日门控锁住，不买,2
CARR,2026-05-15 15:58:40,MAIN_COMPUTE_UNIVERSE,True,True,True,False,True,OK_EXISTING_LOCAL_PRICE,2026-05-14,66.7300033569336,,,OK_YFINANCE_LATEST_AVAILABLE,2026-05-14,66.7300033569336,3823000.0,OK_LATEST_AVAILABLE,ACCEPT_LATEST_DATE,2026-05-14,OK,PASS_BASIC_SCREEN,"fresh, affordable, non-leveraged, enough history",OTHER_STOCK,NEAR_HIGH_WATCH_ONLY,26.176,fresh and strong but not enough pullback; watch only,True,False,False,True,B_MAIN_COMPUTE_NOT_TOP10,WATCH_MAIN_COMPUTE_NO_BUY_TODAY,进入 main compute，但未进入 second stage；且今日门控锁住，不买,2
ORCL,2026-05-15 15:58:40,MAIN_COMPUTE_UNIVERSE,True,True,True,False,True,OK_EXISTING_LOCAL_PRICE,2026-05-14,195.6100006103516,,,OK_YFINANCE_LATEST_AVAILABLE,2026-05-14,195.6100006103516,22497800.0,OK_LATEST_AVAILABLE,ACCEPT_LATEST_DATE,2026-05-14,OK,PASS_BASIC_SCREEN,"fresh, affordable, non-leveraged, enough history",OTHER_STOCK,NEAR_HIGH_WATCH_ONLY,25.968,fresh and strong but not enough pullback; watch only,True,False,False,True,B_MAIN_COMPUTE_NOT_TOP10,WATCH_MAIN_COMPUTE_NO_BUY_TODAY,进入 main compute，但未进入 second stage；且今日门控锁住，不买,2
AMZN,2026-05-15 15:58:40,MAIN_COMPUTE_UNIVERSE,True,True,True,False,True,OK_EXISTING_LOCAL_PRICE,2026-05-14,267.2200012207031,,,OK_YFINANCE_LATEST_AVAILABLE,2026-05-14,267.2200012207031,31257000.0,OK_LATEST_AVAILABLE,ACCEPT_LATEST_DATE,2026-05-14,OK,PASS_BASIC_SCREEN,"fresh, affordable, non-leveraged, enough history",OTHER_STOCK,NEAR_HIGH_WATCH_ONLY,25.702,fresh and strong but not enough pullback; watch only,True,False,False,True,B_MAIN_COMPUTE_NOT_TOP10,WATCH_MAIN_COMPUTE_NO_BUY_TODAY,进入 main compute，但未进入 second stage；且今日门控锁住，不买,2
D,2026-05-15 15:58:40,MAIN_COMPUTE_UNIVERSE,True,True,True,False,True,OK_EXISTING_LOCAL_PRICE,2026-05-14,62.970001220703125,,,OK_YFINANCE_LATEST_AVAILABLE,2026-05-14,62.970001220703125,3167400.0,OK_LATEST_AVAILABLE,ACCEPT_LATEST_DATE,2026-05-14,OK,PASS_BASIC_SCREEN,"fresh, affordable, non-leveraged, enough history",OTHER_STOCK,NEAR_HIGH_WATCH_ONLY,25.078,fresh and strong but not enough pullback; watch only,True,False,False,True,B_MAIN_COMPUTE_NOT_TOP10,WATCH_MAIN_COMPUTE_NO_BUY_TODAY,进入 main compute，但未进入 second stage；且今日门控锁住，不买,2
IRDM,2026-05-15 15:58:40,MAIN_COMPUTE_UNIVERSE,True,True,True,False,True,OK_EXISTING_LOCAL_PRICE,2026-05-14,43.43000030517578,,,OK_YFINANCE_LATEST_AVAILABLE,2026-05-14,43.43000030517578,2537300.0,OK_LATEST_AVAILABLE,ACCEPT_LATEST_DATE,2026-05-14,OK,PASS_BASIC_SCREEN,"fresh, affordable, non-leveraged, enough history",OTHER_STOCK,NEAR_HIGH_WATCH_ONLY,25.005,fresh and strong but not enough pullback; watch only,True,False,False,True,B_MAIN_COMPUTE_NOT_TOP10,WATCH_MAIN_COMPUTE_NO_BUY_TODAY,进入 main compute，但未进入 second stage；且今日门控锁住，不买,2
ETR,2026-05-15 15:58:40,MAIN_COMPUTE_UNIVERSE,True,True,True,False,True,OK_EXISTING_LOCAL_PRICE,2026-05-14,112.9000015258789,,,OK_YFINANCE_LATEST_AVAILABLE,2026-05-14,112.9000015258789,2318900.0,OK_LATEST_AVAILABLE,ACCEPT_LATEST_DATE,2026-05-14,OK,PASS_BASIC_SCREEN,"fresh, affordable, non-leveraged, enough history",OTHER_STOCK,WATCH_ONLY,15.0,does not meet pullback review criteria,True,False,False,True,B_MAIN_COMPUTE_NOT_TOP10,WATCH_MAIN_COMPUTE_NO_BUY_TODAY,进入 main compute，但未进入 second stage；且今日门控锁住，不买,2
MOD,2026-05-15 15:58:40,MAIN_COMPUTE_UNIVERSE,True,True,True,False,True,OK_EXISTING_LOCAL_PRICE,2026-05-14,292.1600036621094,,,OK_YFINANCE_LATEST_AVAILABLE,2026-05-14,292.1600036621094,1043400.0,OK_LATEST_AVAILABLE,ACCEPT_LATEST_DATE,2026-05-14,OK,PASS_BASIC_SCREEN,"fresh, affordable, non-leveraged, enough history",AI_POWER_INFRA,MOMENTUM_TOO_EXTENDED_WATCH_ONLY,12.3715,near 60d high and 20d momentum is too hot; do not chase,True,False,False,True,B_MAIN_COMPUTE_NOT_TOP10,WATCH_MAIN_COMPUTE_NO_BUY_TODAY,进入 main compute，但未进入 second stage；且今日门控锁住，不买,2
MRVL,2026-05-15 15:58:40,MAIN_COMPUTE_UNIVERSE,True,True,True,False,True,OK_EXISTING_LOCAL_PRICE,2026-05-14,182.5800018310547,,,OK_YFINANCE_LATEST_AVAILABLE,2026-05-14,182.5800018310547,32599600.0,OK_LATEST_AVAILABLE,ACCEPT_LATEST_DATE,2026-05-14,OK,PASS_BASIC_SCREEN,"fresh, affordable, non-leveraged, enough history",CORE_AI_SEMI,MOMENTUM_TOO_EXTENDED_WATCH_ONLY,11.465,near 60d high and 20d momentum is too hot; do not chase,True,False,False,True,B_MAIN_COMPUTE_NOT_TOP10,WATCH_MAIN_COMPUTE_NO_BUY_TODAY,进入 main compute，但未进入 second stage；且今日门控锁住，不买,2
PSTG,2026-05-15 15:58:40,MAIN_COMPUTE_UNIVERSE,True,True,True,False,True,OK_EXISTING_LOCAL_PRICE,2026-05-14,83.80000305175781,,,OK_YFINANCE_LATEST_AVAILABLE,2026-05-14,83.80000305175781,2466963.0,OK_LATEST_AVAILABLE,ACCEPT_LATEST_DATE,2026-05-14,OK,PASS_BASIC_SCREEN,"fresh, affordable, non-leveraged, enough history",AI_DATA_INFRA,MOMENTUM_TOO_EXTENDED_WATCH_ONLY,11.46,near 60d high and 20d momentum is too hot; do not chase,True,False,False,True,B_MAIN_COMPUTE_NOT_TOP10,WATCH_MAIN_COMPUTE_NO_BUY_TODAY,进入 main compute，但未进入 second stage；且今日门控锁住，不买,2
GNRC,2026-05-15 15:58:40,MAIN_COMPUTE_UNIVERSE,True,True,True,False,True,OK_EXISTING_LOCAL_PRICE,2026-05-14,276.489990234375,,,OK_YFINANCE_LATEST_AVAILABLE,2026-05-14,276.489990234375,700900.0,OK_LATEST_AVAILABLE,ACCEPT_LATEST_DATE,2026-05-14,OK,PASS_BASIC_SCREEN,"fresh, affordable, non-leveraged, enough history",AI_POWER_INFRA,MOMENTUM_TOO_EXTENDED_WATCH_ONLY,11.0035,near 60d high and 20d momentum is too hot; do not chase,True,False,False,True,B_MAIN_COMPUTE_NOT_TOP10,WATCH_MAIN_COMPUTE_NO_BUY_TODAY,进入 main compute，但未进入 second stage；且今日门控锁住，不买,2
ARM,2026-05-15 15:58:40,MAIN_COMPUTE_UNIVERSE,True,True,True,False,True,OK_EXISTING_LOCAL_PRICE,2026-05-14,228.5,,,OK_YFINANCE_LATEST_AVAILABLE,2026-05-14,228.5,8437400.0,OK_LATEST_AVAILABLE,ACCEPT_LATEST_DATE,2026-05-14,OK,PASS_BASIC_SCREEN,"fresh, affordable, non-leveraged, enough history",CORE_AI_SEMI,MOMENTUM_TOO_EXTENDED_WATCH_ONLY,10.886,near 60d high and 20d momentum is too hot; do not chase,True,False,False,True,B_MAIN_COMPUTE_NOT_TOP10,WATCH_MAIN_COMPUTE_NO_BUY_TODAY,进入 main compute，但未进入 second stage；且今日门控锁住，不买,2
NVT,2026-05-15 15:58:40,MAIN_COMPUTE_UNIVERSE,True,True,True,False,True,OK_EXISTING_LOCAL_PRICE,2026-05-14,173.9600067138672,,,OK_YFINANCE_LATEST_AVAILABLE,2026-05-14,173.9600067138672,1376300.0,OK_LATEST_AVAILABLE,ACCEPT_LATEST_DATE,2026-05-14,OK,PASS_BASIC_SCREEN,"fresh, affordable, non-leveraged, enough history",AI_POWER_INFRA,MOMENTUM_TOO_EXTENDED_WATCH_ONLY,10.882,near 60d high and 20d momentum is too hot; do not chase,True,False,False,True,B_MAIN_COMPUTE_NOT_TOP10,WATCH_MAIN_COMPUTE_NO_BUY_TODAY,进入 main compute，但未进入 second stage；且今日门控锁住，不买,2
DELL,2026-05-15 15:58:40,MAIN_COMPUTE_UNIVERSE,True,True,True,False,True,OK_EXISTING_LOCAL_PRICE,2026-05-14,247.88999938964844,,,OK_YFINANCE_LATEST_AVAILABLE,2026-05-14,247.88999938964844,6235300.0,OK_LATEST_AVAILABLE,ACCEPT_LATEST_DATE,2026-05-14,OK,PASS_BASIC_SCREEN,"fresh, affordable, non-leveraged, enough history",AI_DATA_INFRA,MOMENTUM_TOO_EXTENDED_WATCH_ONLY,10.743,near 60d high and 20d momentum is too hot; do not chase,True,False,False,True,B_MAIN_COMPUTE_NOT_TOP10,WATCH_MAIN_COMPUTE_NO_BUY_TODAY,进入 main compute，但未进入 second stage；且今日门控锁住，不买,2
HPE,2026-05-15 15:58:40,MAIN_COMPUTE_UNIVERSE,True,True,True,False,True,OK_EXISTING_LOCAL_PRICE,2026-05-14,34.130001068115234,,,OK_YFINANCE_LATEST_AVAILABLE,2026-05-14,34.130001068115234,34625300.0,OK_LATEST_AVAILABLE,ACCEPT_LATEST_DATE,2026-05-14,OK,PASS_BASIC_SCREEN,"fresh, affordable, non-leveraged, enough history",AI_DATA_INFRA,MOMENTUM_TOO_EXTENDED_WATCH_ONLY,10.2255,near 60d high and 20d momentum is too hot; do not chase,True,False,False,True,B_MAIN_COMPUTE_NOT_TOP10,WATCH_MAIN_COMPUTE_NO_BUY_TODAY,进入 main compute，但未进入 second stage；且今日门控锁住，不买,2
ALAB,2026-05-15 15:58:40,MAIN_COMPUTE_UNIVERSE,True,True,True,False,True,OK_EXISTING_LOCAL_PRICE,2026-05-14,228.63999938964844,,,OK_YFINANCE_LATEST_AVAILABLE,2026-05-14,228.63999938964844,4607500.0,OK_LATEST_AVAILABLE,ACCEPT_LATEST_DATE,2026-05-14,OK,PASS_BASIC_SCREEN,"fresh, affordable, non-leveraged, enough history",AI_DATA_INFRA,MOMENTUM_TOO_EXTENDED_WATCH_ONLY,9.921,near 60d high and 20d momentum is too hot; do not chase,True,False,False,True,B_MAIN_COMPUTE_NOT_TOP10,WATCH_MAIN_COMPUTE_NO_BUY_TODAY,进入 main compute，但未进入 second stage；且今日门控锁住，不买,2
IREN,2026-05-15 15:58:40,MAIN_COMPUTE_UNIVERSE,True,True,True,False,True,OK_EXISTING_LOCAL_PRICE,2026-05-14,58.400001525878906,,,OK_YFINANCE_LATEST_AVAILABLE,2026-05-14,58.400001525878906,58044400.0,OK_LATEST_AVAILABLE,ACCEPT_LATEST_DATE,2026-05-14,OK,PASS_BASIC_SCREEN,"fresh, affordable, non-leveraged, enough history",OTHER_STOCK,MOMENTUM_TOO_EXTENDED_WATCH_ONLY,6.6355,near 60d high and 20d momentum is too hot; do not chase,True,False,False,True,B_MAIN_COMPUTE_NOT_TOP10,WATCH_MAIN_COMPUTE_NO_BUY_TODAY,进入 main compute，但未进入 second stage；且今日门控锁住，不买,2
COHU,2026-05-15 15:58:40,MAIN_COMPUTE_UNIVERSE,True,True,True,False,True,OK_EXISTING_LOCAL_PRICE,2026-05-14,48.959999084472656,,,OK_YFINANCE_LATEST_AVAILABLE,2026-05-14,48.959999084472656,1661100.0,OK_LATEST_AVAILABLE,ACCEPT_LATEST_DATE,2026-05-14,OK,PASS_BASIC_SCREEN,"fresh, affordable, non-leveraged, enough history",OTHER_STOCK,MOMENTUM_TOO_EXTENDED_WATCH_ONLY,6.346,near 60d high and 20d momentum is too hot; do not chase,True,False,False,True,B_MAIN_COMPUTE_NOT_TOP10,WATCH_MAIN_COMPUTE_NO_BUY_TODAY,进入 main compute，但未进入 second stage；且今日门控锁住，不买,2
GLW,2026-05-15 15:58:40,MAIN_COMPUTE_UNIVERSE,True,True,True,False,True,OK_EXISTING_LOCAL_PRICE,2026-05-14,208.27999877929688,,,OK_YFINANCE_LATEST_AVAILABLE,2026-05-14,208.27999877929688,10931900.0,OK_LATEST_AVAILABLE,ACCEPT_LATEST_DATE,2026-05-14,OK,PASS_BASIC_SCREEN,"fresh, affordable, non-leveraged, enough history",OTHER_STOCK,MOMENTUM_TOO_EXTENDED_WATCH_ONLY,6.1885,near 60d high and 20d momentum is too hot; do not chase,True,False,False,True,B_MAIN_COMPUTE_NOT_TOP10,WATCH_MAIN_COMPUTE_NO_BUY_TODAY,进入 main compute，但未进入 second stage；且今日门控锁住，不买,2
CORZ,2026-05-15 15:58:40,MAIN_COMPUTE_UNIVERSE,True,True,True,False,True,OK_EXISTING_LOCAL_PRICE,2026-05-14,24.920000076293945,,,OK_YFINANCE_LATEST_AVAILABLE,2026-05-14,24.920000076293945,17513100.0,OK_LATEST_AVAILABLE,ACCEPT_LATEST_DATE,2026-05-14,OK,PASS_BASIC_SCREEN,"fresh, affordable, non-leveraged, enough history",OTHER_STOCK,MOMENTUM_TOO_EXTENDED_WATCH_ONLY,5.7715,near 60d high and 20d momentum is too hot; do not chase,True,False,False,True,B_MAIN_COMPUTE_NOT_TOP10,WATCH_MAIN_COMPUTE_NO_BUY_TODAY,进入 main compute，但未进入 second stage；且今日门控锁住，不买,2
CIFR,2026-05-15 15:58:40,MAIN_COMPUTE_UNIVERSE,True,True,True,False,True,OK_EXISTING_LOCAL_PRICE,2026-05-14,22.290000915527344,,,OK_YFINANCE_LATEST_AVAILABLE,2026-05-14,22.290000915527344,27468600.0,OK_LATEST_AVAILABLE,ACCEPT_LATEST_DATE,2026-05-14,OK,PASS_BASIC_SCREEN,"fresh, affordable, non-leveraged, enough history",OTHER_STOCK,MOMENTUM_TOO_EXTENDED_WATCH_ONLY,5.7175,near 60d high and 20d momentum is too hot; do not chase,True,False,False,True,B_MAIN_COMPUTE_NOT_TOP10,WATCH_MAIN_COMPUTE_NO_BUY_TODAY,进入 main compute，但未进入 second stage；且今日门控锁住，不买,2
KLIC,2026-05-15 15:58:40,MAIN_COMPUTE_UNIVERSE,True,True,True,False,True,OK_EXISTING_LOCAL_PRICE,2026-05-14,104.08999633789062,,,OK_YFINANCE_LATEST_AVAILABLE,2026-05-14,104.08999633789062,651400.0,OK_LATEST_AVAILABLE,ACCEPT_LATEST_DATE,2026-05-14,OK,PASS_BASIC_SCREEN,"fresh, affordable, non-leveraged, enough history",OTHER_STOCK,MOMENTUM_TOO_EXTENDED_WATCH_ONLY,5.3995,near 60d high and 20d momentum is too hot; do not chase,True,False,False,True,B_MAIN_COMPUTE_NOT_TOP10,WATCH_MAIN_COMPUTE_NO_BUY_TODAY,进入 main compute，但未进入 second stage；且今日门控锁住，不买,2
AEHR,2026-05-15 15:58:40,MAIN_COMPUTE_UNIVERSE,True,True,True,False,True,OK_EXISTING_LOCAL_PRICE,2026-05-14,106.33999633789062,,,OK_YFINANCE_LATEST_AVAILABLE,2026-05-14,106.33999633789062,2107300.0,OK_LATEST_AVAILABLE,ACCEPT_LATEST_DATE,2026-05-14,OK,PASS_BASIC_SCREEN,"fresh, affordable, non-leveraged, enough history",OTHER_STOCK,MOMENTUM_TOO_EXTENDED_WATCH_ONLY,5.2705,near 60d high and 20d momentum is too hot; do not chase,True,False,False,True,B_MAIN_COMPUTE_NOT_TOP10,WATCH_MAIN_COMPUTE_NO_BUY_TODAY,进入 main compute，但未进入 second stage；且今日门控锁住，不买,2
CSCO,2026-05-15 15:58:40,MAIN_COMPUTE_UNIVERSE,True,True,True,False,True,OK_EXISTING_LOCAL_PRICE,2026-05-14,115.52999877929688,,,OK_YFINANCE_LATEST_AVAILABLE,2026-05-14,115.52999877929688,70877600.0,OK_LATEST_AVAILABLE,ACCEPT_LATEST_DATE,2026-05-14,OK,PASS_BASIC_SCREEN,"fresh, affordable, non-leveraged, enough history",OTHER_STOCK,MOMENTUM_TOO_EXTENDED_WATCH_ONLY,4.492,near 60d high and 20d momentum is too hot; do not chase,True,False,False,True,B_MAIN_COMPUTE_NOT_TOP10,WATCH_MAIN_COMPUTE_NO_BUY_TODAY,进入 main compute，但未进入 second stage；且今日门控锁住，不买,2
NXPI,2026-05-15 15:58:40,MAIN_COMPUTE_UNIVERSE,True,True,True,False,True,OK_EXISTING_LOCAL_PRICE,2026-05-14,294.1700134277344,,,OK_YFINANCE_LATEST_AVAILABLE,2026-05-14,294.1700134277344,2171900.0,OK_LATEST_AVAILABLE,ACCEPT_LATEST_DATE,2026-05-14,OK,PASS_BASIC_SCREEN,"fresh, affordable, non-leveraged, enough history",OTHER_STOCK,MOMENTUM_TOO_EXTENDED_WATCH_ONLY,4.354,near 60d high and 20d momentum is too hot; do not chase,True,False,False,True,B_MAIN_COMPUTE_NOT_TOP10,WATCH_MAIN_COMPUTE_NO_BUY_TODAY,进入 main compute，但未进入 second stage；且今日门控锁住，不买,2
VECO,2026-05-15 15:58:40,MAIN_COMPUTE_UNIVERSE,True,True,True,False,True,OK_EXISTING_LOCAL_PRICE,2026-05-14,59.5099983215332,,,OK_YFINANCE_LATEST_AVAILABLE,2026-05-14,59.5099983215332,797400.0,OK_LATEST_AVAILABLE,ACCEPT_LATEST_DATE,2026-05-14,OK,PASS_BASIC_SCREEN,"fresh, affordable, non-leveraged, enough history",OTHER_STOCK,MOMENTUM_TOO_EXTENDED_WATCH_ONLY,4.1875,near 60d high and 20d momentum is too hot; do not chase,True,False,False,True,B_MAIN_COMPUTE_NOT_TOP10,WATCH_MAIN_COMPUTE_NO_BUY_TODAY,进入 main compute，但未进入 second stage；且今日门控锁住，不买,2
PANW,2026-05-15 15:58:40,MAIN_COMPUTE_UNIVERSE,True,True,True,False,True,OK_EXISTING_LOCAL_PRICE,2026-05-14,238.2100067138672,,,OK_YFINANCE_LATEST_AVAILABLE,2026-05-14,238.2100067138672,10342000.0,OK_LATEST_AVAILABLE,ACCEPT_LATEST_DATE,2026-05-14,OK,PASS_BASIC_SCREEN,"fresh, affordable, non-leveraged, enough history",OTHER_STOCK,MOMENTUM_TOO_EXTENDED_WATCH_ONLY,3.5995,near 60d high and 20d momentum is too hot; do not chase,True,False,False,True,B_MAIN_COMPUTE_NOT_TOP10,WATCH_MAIN_COMPUTE_NO_BUY_TODAY,进入 main compute，但未进入 second stage；且今日门控锁住，不买,2
SANM,2026-05-15 15:58:40,MAIN_COMPUTE_UNIVERSE,True,True,True,False,True,OK_EXISTING_LOCAL_PRICE,2026-05-14,242.0399932861328,,,OK_YFINANCE_LATEST_AVAILABLE,2026-05-14,242.0399932861328,845700.0,OK_LATEST_AVAILABLE,ACCEPT_LATEST_DATE,2026-05-14,OK,PASS_BASIC_SCREEN,"fresh, affordable, non-leveraged, enough history",OTHER_STOCK,MOMENTUM_TOO_EXTENDED_WATCH_ONLY,3.514,near 60d high and 20d momentum is too hot; do not chase,True,False,False,True,B_MAIN_COMPUTE_NOT_TOP10,WATCH_MAIN_COMPUTE_NO_BUY_TODAY,进入 main compute，但未进入 second stage；且今日门控锁住，不买,2
ON,2026-05-15 15:58:40,MAIN_COMPUTE_UNIVERSE,True,True,True,False,True,OK_EXISTING_LOCAL_PRICE,2026-05-14,118.37000274658205,,,OK_YFINANCE_LATEST_AVAILABLE,2026-05-14,118.37000274658205,11492500.0,OK_LATEST_AVAILABLE,ACCEPT_LATEST_DATE,2026-05-14,OK,PASS_BASIC_SCREEN,"fresh, affordable, non-leveraged, enough history",OTHER_STOCK,MOMENTUM_TOO_EXTENDED_WATCH_ONLY,2.7865,near 60d high and 20d momentum is too hot; do not chase,True,False,False,True,B_MAIN_COMPUTE_NOT_TOP10,WATCH_MAIN_COMPUTE_NO_BUY_TODAY,进入 main compute，但未进入 second stage；且今日门控锁住，不买,2
DDOG,2026-05-15 15:58:40,MAIN_COMPUTE_UNIVERSE,True,True,True,False,True,OK_EXISTING_LOCAL_PRICE,2026-05-14,202.83999633789065,,,OK_YFINANCE_LATEST_AVAILABLE,2026-05-14,202.83999633789065,4936300.0,OK_LATEST_AVAILABLE,ACCEPT_LATEST_DATE,2026-05-14,OK,PASS_BASIC_SCREEN,"fresh, affordable, non-leveraged, enough history",OTHER_STOCK,MOMENTUM_TOO_EXTENDED_WATCH_ONLY,0.358,near 60d high and 20d momentum is too hot; do not chase,True,False,False,True,B_MAIN_COMPUTE_NOT_TOP10,WATCH_MAIN_COMPUTE_NO_BUY_TODAY,进入 main compute，但未进入 second stage；且今日门控锁住，不买,2
FLEX,2026-05-15 15:58:40,MAIN_COMPUTE_UNIVERSE,True,True,True,False,True,OK_EXISTING_LOCAL_PRICE,2026-05-14,143.60000610351562,,,OK_YFINANCE_LATEST_AVAILABLE,2026-05-14,143.60000610351562,4881200.0,OK_LATEST_AVAILABLE,ACCEPT_LATEST_DATE,2026-05-14,OK,PASS_BASIC_SCREEN,"fresh, affordable, non-leveraged, enough history",OTHER_STOCK,MOMENTUM_TOO_EXTENDED_WATCH_ONLY,-1.952,near 60d high and 20d momentum is too hot; do not chase,True,False,False,True,B_MAIN_COMPUTE_NOT_TOP10,WATCH_MAIN_COMPUTE_NO_BUY_TODAY,进入 main compute，但未进入 second stage；且今日门控锁住，不买,2
AMAT,2026-05-15 15:58:40,CLASSIFIED_ONLY_NOT_MAIN_COMPUTE,True,True,False,False,True,OK_EXISTING_LOCAL_PRICE,2026-05-14,440.55999755859375,,,OK_YFINANCE_LATEST_AVAILABLE,2026-05-14,440.55999755859375,14681200.0,OK_LATEST_AVAILABLE,ACCEPT_LATEST_DATE,2026-05-14,OK,BLOCK_TOO_EXPENSIVE,one share price exceeds max_price_usd=300.0,CORE_AI_SEMI,EXCLUDED_BY_BASIC_SCREEN,-999.0,not PASS_BASIC_SCREEN: BLOCK_TOO_EXPENSIVE,False,False,False,False,C_CLASSIFIED_NOT_MAIN_COMPUTE,NO_BUY_NOT_MAIN_COMPUTE,未进入当前 main compute；只保留在 RAW/classified 层，不作为今日买入候选,3
AMD,2026-05-15 15:58:40,CLASSIFIED_ONLY_NOT_MAIN_COMPUTE,True,True,False,False,True,OK_EXISTING_LOCAL_PRICE,2026-05-14,449.7000122070313,,,OK_YFINANCE_LATEST_AVAILABLE,2026-05-14,449.7000122070313,26061800.0,OK_LATEST_AVAILABLE,ACCEPT_LATEST_DATE,2026-05-14,OK,BLOCK_TOO_EXPENSIVE,one share price exceeds max_price_usd=300.0,CORE_AI_SEMI,EXCLUDED_BY_BASIC_SCREEN,-999.0,not PASS_BASIC_SCREEN: BLOCK_TOO_EXPENSIVE,False,False,False,False,C_CLASSIFIED_NOT_MAIN_COMPUTE,NO_BUY_NOT_MAIN_COMPUTE,未进入当前 main compute；只保留在 RAW/classified 层，不作为今日买入候选,3
ASML,2026-05-15 15:58:40,CLASSIFIED_ONLY_NOT_MAIN_COMPUTE,True,True,False,False,True,OK_EXISTING_LOCAL_PRICE,2026-05-14,1584.510009765625,,,OK_YFINANCE_LATEST_AVAILABLE,2026-05-14,1584.510009765625,1410100.0,OK_LATEST_AVAILABLE,ACCEPT_LATEST_DATE,2026-05-14,OK,BLOCK_TOO_EXPENSIVE,one share price exceeds max_price_usd=300.0,CORE_AI_SEMI,EXCLUDED_BY_BASIC_SCREEN,-999.0,not PASS_BASIC_SCREEN: BLOCK_TOO_EXPENSIVE,False,False,False,False,C_CLASSIFIED_NOT_MAIN_COMPUTE,NO_BUY_NOT_MAIN_COMPUTE,未进入当前 main compute；只保留在 RAW/classified 层，不作为今日买入候选,3
AVGO,2026-05-15 15:58:40,CLASSIFIED_ONLY_NOT_MAIN_COMPUTE,True,True,False,False,True,OK_EXISTING_LOCAL_PRICE,2026-05-14,439.7900085449219,,,OK_YFINANCE_LATEST_AVAILABLE,2026-05-14,439.7900085449219,19673600.0,OK_LATEST_AVAILABLE,ACCEPT_LATEST_DATE,2026-05-14,OK,BLOCK_TOO_EXPENSIVE,one share price exceeds max_price_usd=300.0,CORE_AI_SEMI,EXCLUDED_BY_BASIC_SCREEN,-999.0,not PASS_BASIC_SCREEN: BLOCK_TOO_EXPENSIVE,False,False,False,False,C_CLASSIFIED_NOT_MAIN_COMPUTE,NO_BUY_NOT_MAIN_COMPUTE,未进入当前 main compute；只保留在 RAW/classified 层，不作为今日买入候选,3
BE,2026-05-15 15:58:40,CLASSIFIED_ONLY_NOT_MAIN_COMPUTE,True,True,False,False,True,OK_EXISTING_LOCAL_PRICE,2026-05-14,303.4100036621094,,,OK_YFINANCE_LATEST_AVAILABLE,2026-05-14,303.4100036621094,8029900.0,OK_LATEST_AVAILABLE,ACCEPT_LATEST_DATE,2026-05-14,OK,BLOCK_TOO_EXPENSIVE,one share price exceeds max_price_usd=300.0,AI_POWER_INFRA,EXCLUDED_BY_BASIC_SCREEN,-999.0,not PASS_BASIC_SCREEN: BLOCK_TOO_EXPENSIVE,False,False,False,False,C_CLASSIFIED_NOT_MAIN_COMPUTE,NO_BUY_NOT_MAIN_COMPUTE,未进入当前 main compute；只保留在 RAW/classified 层，不作为今日买入候选,3
CIEN,2026-05-15 15:58:40,CLASSIFIED_ONLY_NOT_MAIN_COMPUTE,True,True,False,False,True,OK_EXISTING_LOCAL_PRICE,2026-05-14,591.5700073242188,,,OK_YFINANCE_LATEST_AVAILABLE,2026-05-14,591.5700073242188,1120100.0,OK_LATEST_AVAILABLE,ACCEPT_LATEST_DATE,2026-05-14,OK,BLOCK_TOO_EXPENSIVE,one share price exceeds max_price_usd=300.0,OTHER_STOCK,EXCLUDED_BY_BASIC_SCREEN,-999.0,not PASS_BASIC_SCREEN: BLOCK_TOO_EXPENSIVE,False,False,False,False,C_CLASSIFIED_NOT_MAIN_COMPUTE,NO_BUY_NOT_MAIN_COMPUTE,未进入当前 main compute；只保留在 RAW/classified 层，不作为今日买入候选,3
CLS,2026-05-15 15:58:40,CLASSIFIED_ONLY_NOT_MAIN_COMPUTE,True,True,False,False,True,OK_EXISTING_LOCAL_PRICE,2026-05-14,381.5899963378906,,,OK_YFINANCE_LATEST_AVAILABLE,2026-05-14,381.5899963378906,1532500.0,OK_LATEST_AVAILABLE,ACCEPT_LATEST_DATE,2026-05-14,OK,BLOCK_TOO_EXPENSIVE,one share price exceeds max_price_usd=300.0,OTHER_STOCK,EXCLUDED_BY_BASIC_SCREEN,-999.0,not PASS_BASIC_SCREEN: BLOCK_TOO_EXPENSIVE,False,False,False,False,C_CLASSIFIED_NOT_MAIN_COMPUTE,NO_BUY_NOT_MAIN_COMPUTE,未进入当前 main compute；只保留在 RAW/classified 层，不作为今日买入候选,3
COHR,2026-05-15 15:58:40,CLASSIFIED_ONLY_NOT_MAIN_COMPUTE,True,True,False,False,True,OK_EXISTING_LOCAL_PRICE,2026-05-14,404.9400024414063,,,OK_YFINANCE_LATEST_AVAILABLE,2026-05-14,404.9400024414063,4782500.0,OK_LATEST_AVAILABLE,ACCEPT_LATEST_DATE,2026-05-14,OK,BLOCK_TOO_EXPENSIVE,one share price exceeds max_price_usd=300.0,AI_DATA_INFRA,EXCLUDED_BY_BASIC_SCREEN,-999.0,not PASS_BASIC_SCREEN: BLOCK_TOO_EXPENSIVE,False,False,False,False,C_CLASSIFIED_NOT_MAIN_COMPUTE,NO_BUY_NOT_MAIN_COMPUTE,未进入当前 main compute；只保留在 RAW/classified 层，不作为今日买入候选,3
CRWD,2026-05-15 15:58:40,CLASSIFIED_ONLY_NOT_MAIN_COMPUTE,True,True,False,False,True,OK_EXISTING_LOCAL_PRICE,2026-05-14,579.9500122070312,,,OK_YFINANCE_LATEST_AVAILABLE,2026-05-14,579.9500122070312,2814000.0,OK_LATEST_AVAILABLE,ACCEPT_LATEST_DATE,2026-05-14,OK,BLOCK_TOO_EXPENSIVE,one share price exceeds max_price_usd=300.0,OTHER_STOCK,EXCLUDED_BY_BASIC_SCREEN,-999.0,not PASS_BASIC_SCREEN: BLOCK_TOO_EXPENSIVE,False,False,False,False,C_CLASSIFIED_NOT_MAIN_COMPUTE,NO_BUY_NOT_MAIN_COMPUTE,未进入当前 main compute；只保留在 RAW/classified 层，不作为今日买入候选,3
ETN,2026-05-15 15:58:40,CLASSIFIED_ONLY_NOT_MAIN_COMPUTE,True,True,False,False,True,OK_EXISTING_LOCAL_PRICE,2026-05-14,408.1000061035156,,,OK_YFINANCE_LATEST_AVAILABLE,2026-05-14,408.1000061035156,2010400.0,OK_LATEST_AVAILABLE,ACCEPT_LATEST_DATE,2026-05-14,OK,BLOCK_TOO_EXPENSIVE,one share price exceeds max_price_usd=300.0,AI_POWER_INFRA,EXCLUDED_BY_BASIC_SCREEN,-999.0,not PASS_BASIC_SCREEN: BLOCK_TOO_EXPENSIVE,False,False,False,False,C_CLASSIFIED_NOT_MAIN_COMPUTE,NO_BUY_NOT_MAIN_COMPUTE,未进入当前 main compute；只保留在 RAW/classified 层，不作为今日买入候选,3
FIX,2026-05-15 15:58:40,CLASSIFIED_ONLY_NOT_MAIN_COMPUTE,True,True,False,False,True,OK_EXISTING_LOCAL_PRICE,2026-05-14,2042.3599853515625,,,OK_YFINANCE_LATEST_AVAILABLE,2026-05-14,2042.3599853515625,225900.0,OK_LATEST_AVAILABLE,ACCEPT_LATEST_DATE,2026-05-14,OK,BLOCK_TOO_EXPENSIVE,one share price exceeds max_price_usd=300.0,OTHER_STOCK,EXCLUDED_BY_BASIC_SCREEN,-999.0,not PASS_BASIC_SCREEN: BLOCK_TOO_EXPENSIVE,False,False,False,False,C_CLASSIFIED_NOT_MAIN_COMPUTE,NO_BUY_NOT_MAIN_COMPUTE,未进入当前 main compute；只保留在 RAW/classified 层，不作为今日买入候选,3
FN,2026-05-15 15:58:40,CLASSIFIED_ONLY_NOT_MAIN_COMPUTE,True,True,False,False,True,OK_EXISTING_LOCAL_PRICE,2026-05-14,746.469970703125,,,OK_YFINANCE_LATEST_AVAILABLE,2026-05-14,746.469970703125,841700.0,OK_LATEST_AVAILABLE,ACCEPT_LATEST_DATE,2026-05-14,OK,BLOCK_TOO_EXPENSIVE,one share price exceeds max_price_usd=300.0,OTHER_STOCK,EXCLUDED_BY_BASIC_SCREEN,-999.0,not PASS_BASIC_SCREEN: BLOCK_TOO_EXPENSIVE,False,False,False,False,C_CLASSIFIED_NOT_MAIN_COMPUTE,NO_BUY_NOT_MAIN_COMPUTE,未进入当前 main compute；只保留在 RAW/classified 层，不作为今日买入候选,3
GEV,2026-05-15 15:58:40,CLASSIFIED_ONLY_NOT_MAIN_COMPUTE,True,True,False,False,True,OK_EXISTING_LOCAL_PRICE,2026-05-14,1090.530029296875,,,OK_YFINANCE_LATEST_AVAILABLE,2026-05-14,1090.530029296875,1684800.0,OK_LATEST_AVAILABLE,ACCEPT_LATEST_DATE,2026-05-14,OK,BLOCK_TOO_EXPENSIVE,one share price exceeds max_price_usd=300.0,AI_POWER_INFRA,EXCLUDED_BY_BASIC_SCREEN,-999.0,not PASS_BASIC_SCREEN: BLOCK_TOO_EXPENSIVE,False,False,False,False,C_CLASSIFIED_NOT_MAIN_COMPUTE,NO_BUY_NOT_MAIN_COMPUTE,未进入当前 main compute；只保留在 RAW/classified 层，不作为今日买入候选,3
GOOGL,2026-05-15 15:58:40,CLASSIFIED_ONLY_NOT_MAIN_COMPUTE,True,True,False,False,True,OK_EXISTING_LOCAL_PRICE,2026-05-14,401.0700073242188,,,OK_YFINANCE_LATEST_AVAILABLE,2026-05-14,401.0700073242188,21103800.0,OK_LATEST_AVAILABLE,ACCEPT_LATEST_DATE,2026-05-14,OK,BLOCK_TOO_EXPENSIVE,one share price exceeds max_price_usd=300.0,OTHER_STOCK,EXCLUDED_BY_BASIC_SCREEN,-999.0,not PASS_BASIC_SCREEN: BLOCK_TOO_EXPENSIVE,False,False,False,False,C_CLASSIFIED_NOT_MAIN_COMPUTE,NO_BUY_NOT_MAIN_COMPUTE,未进入当前 main compute；只保留在 RAW/classified 层，不作为今日买入候选,3
HUBB,2026-05-15 15:58:40,CLASSIFIED_ONLY_NOT_MAIN_COMPUTE,True,True,False,False,True,OK_EXISTING_LOCAL_PRICE,2026-05-14,482.0299987792969,,,OK_YFINANCE_LATEST_AVAILABLE,2026-05-14,482.0299987792969,643949.0,OK_LATEST_AVAILABLE,ACCEPT_LATEST_DATE,2026-05-14,OK,BLOCK_TOO_EXPENSIVE,one share price exceeds max_price_usd=300.0,AI_POWER_INFRA,EXCLUDED_BY_BASIC_SCREEN,-999.0,not PASS_BASIC_SCREEN: BLOCK_TOO_EXPENSIVE,False,False,False,False,C_CLASSIFIED_NOT_MAIN_COMPUTE,NO_BUY_NOT_MAIN_COMPUTE,未进入当前 main compute；只保留在 RAW/classified 层，不作为今日买入候选,3
JBL,2026-05-15 15:58:40,CLASSIFIED_ONLY_NOT_MAIN_COMPUTE,True,True,False,False,True,OK_EXISTING_LOCAL_PRICE,2026-05-14,354.3399963378906,,,OK_YFINANCE_LATEST_AVAILABLE,2026-05-14,354.3399963378906,985800.0,OK_LATEST_AVAILABLE,ACCEPT_LATEST_DATE,2026-05-14,OK,BLOCK_TOO_EXPENSIVE,one share price exceeds max_price_usd=300.0,OTHER_STOCK,EXCLUDED_BY_BASIC_SCREEN,-999.0,not PASS_BASIC_SCREEN: BLOCK_TOO_EXPENSIVE,False,False,False,True,C_CLASSIFIED_NOT_MAIN_COMPUTE,NO_BUY_NOT_MAIN_COMPUTE,未进入当前 main compute；只保留在 RAW/classified 层，不作为今日买入候选,3
KEYS,2026-05-15 15:58:40,CLASSIFIED_ONLY_NOT_MAIN_COMPUTE,True,True,False,False,True,OK_EXISTING_LOCAL_PRICE,2026-05-14,361.5499877929688,,,OK_YFINANCE_LATEST_AVAILABLE,2026-05-14,361.5499877929688,1066200.0,OK_LATEST_AVAILABLE,ACCEPT_LATEST_DATE,2026-05-14,OK,BLOCK_TOO_EXPENSIVE,one share price exceeds max_price_usd=300.0,OTHER_STOCK,EXCLUDED_BY_BASIC_SCREEN,-999.0,not PASS_BASIC_SCREEN: BLOCK_TOO_EXPENSIVE,False,False,False,True,C_CLASSIFIED_NOT_MAIN_COMPUTE,NO_BUY_NOT_MAIN_COMPUTE,未进入当前 main compute；只保留在 RAW/classified 层，不作为今日买入候选,3
KLAC,2026-05-15 15:58:40,CLASSIFIED_ONLY_NOT_MAIN_COMPUTE,True,True,False,False,True,OK_EXISTING_LOCAL_PRICE,2026-05-14,1892.93994140625,,,OK_YFINANCE_LATEST_AVAILABLE,2026-05-14,1892.93994140625,810000.0,OK_LATEST_AVAILABLE,ACCEPT_LATEST_DATE,2026-05-14,OK,BLOCK_TOO_EXPENSIVE,one share price exceeds max_price_usd=300.0,CORE_AI_SEMI,EXCLUDED_BY_BASIC_SCREEN,-999.0,not PASS_BASIC_SCREEN: BLOCK_TOO_EXPENSIVE,False,False,False,True,C_CLASSIFIED_NOT_MAIN_COMPUTE,NO_BUY_NOT_MAIN_COMPUTE,未进入当前 main compute；只保留在 RAW/classified 层，不作为今日买入候选,3
LITE,2026-05-15 15:58:40,CLASSIFIED_ONLY_NOT_MAIN_COMPUTE,True,True,False,False,True,OK_EXISTING_LOCAL_PRICE,2026-05-14,1001.8099975585938,,,OK_YFINANCE_LATEST_AVAILABLE,2026-05-14,1001.8099975585938,3544000.0,OK_LATEST_AVAILABLE,ACCEPT_LATEST_DATE,2026-05-14,OK,BLOCK_TOO_EXPENSIVE,one share price exceeds max_price_usd=300.0,AI_DATA_INFRA,EXCLUDED_BY_BASIC_SCREEN,-999.0,not PASS_BASIC_SCREEN: BLOCK_TOO_EXPENSIVE,False,False,False,True,C_CLASSIFIED_NOT_MAIN_COMPUTE,NO_BUY_NOT_MAIN_COMPUTE,未进入当前 main compute；只保留在 RAW/classified 层，不作为今日买入候选,3
MDB,2026-05-15 15:58:40,CLASSIFIED_ONLY_NOT_MAIN_COMPUTE,True,True,False,False,True,OK_EXISTING_LOCAL_PRICE,2026-05-14,303.0899963378906,,,OK_YFINANCE_LATEST_AVAILABLE,2026-05-14,303.0899963378906,1143800.0,OK_LATEST_AVAILABLE,ACCEPT_LATEST_DATE,2026-05-14,OK,BLOCK_TOO_EXPENSIVE,one share price exceeds max_price_usd=300.0,OTHER_STOCK,EXCLUDED_BY_BASIC_SCREEN,-999.0,not PASS_BASIC_SCREEN: BLOCK_TOO_EXPENSIVE,False,False,False,True,C_CLASSIFIED_NOT_MAIN_COMPUTE,NO_BUY_NOT_MAIN_COMPUTE,未进入当前 main compute；只保留在 RAW/classified 层，不作为今日买入候选,3
META,2026-05-15 15:58:40,CLASSIFIED_ONLY_NOT_MAIN_COMPUTE,True,True,False,False,True,OK_EXISTING_LOCAL_PRICE,2026-05-14,618.4299926757812,,,OK_YFINANCE_LATEST_AVAILABLE,2026-05-14,618.4299926757812,10632700.0,OK_LATEST_AVAILABLE,ACCEPT_LATEST_DATE,2026-05-14,OK,BLOCK_TOO_EXPENSIVE,one share price exceeds max_price_usd=300.0,OTHER_STOCK,EXCLUDED_BY_BASIC_SCREEN,-999.0,not PASS_BASIC_SCREEN: BLOCK_TOO_EXPENSIVE,False,False,False,True,C_CLASSIFIED_NOT_MAIN_COMPUTE,NO_BUY_NOT_MAIN_COMPUTE,未进入当前 main compute；只保留在 RAW/classified 层，不作为今日买入候选,3
MKSI,2026-05-15 15:58:40,CLASSIFIED_ONLY_NOT_MAIN_COMPUTE,True,True,False,False,True,OK_EXISTING_LOCAL_PRICE,2026-05-14,313.8099975585937,,,OK_YFINANCE_LATEST_AVAILABLE,2026-05-14,313.8099975585937,984100.0,OK_LATEST_AVAILABLE,ACCEPT_LATEST_DATE,2026-05-14,OK,BLOCK_TOO_EXPENSIVE,one share price exceeds max_price_usd=300.0,OTHER_STOCK,EXCLUDED_BY_BASIC_SCREEN,-999.0,not PASS_BASIC_SCREEN: BLOCK_TOO_EXPENSIVE,False,False,False,True,C_CLASSIFIED_NOT_MAIN_COMPUTE,NO_BUY_NOT_MAIN_COMPUTE,未进入当前 main compute；只保留在 RAW/classified 层，不作为今日买入候选,3
MPWR,2026-05-15 15:58:40,CLASSIFIED_ONLY_NOT_MAIN_COMPUTE,True,True,False,False,True,OK_EXISTING_LOCAL_PRICE,2026-05-14,1613.969970703125,,,OK_YFINANCE_LATEST_AVAILABLE,2026-05-14,1613.969970703125,373600.0,OK_LATEST_AVAILABLE,ACCEPT_LATEST_DATE,2026-05-14,OK,BLOCK_TOO_EXPENSIVE,one share price exceeds max_price_usd=300.0,OTHER_STOCK,EXCLUDED_BY_BASIC_SCREEN,-999.0,not PASS_BASIC_SCREEN: BLOCK_TOO_EXPENSIVE,False,False,False,True,C_CLASSIFIED_NOT_MAIN_COMPUTE,NO_BUY_NOT_MAIN_COMPUTE,未进入当前 main compute；只保留在 RAW/classified 层，不作为今日买入候选,3
MSFT,2026-05-15 15:58:40,CLASSIFIED_ONLY_NOT_MAIN_COMPUTE,True,True,False,False,True,OK_EXISTING_LOCAL_PRICE,2026-05-14,409.4299926757813,,,OK_YFINANCE_LATEST_AVAILABLE,2026-05-14,409.4299926757813,27027600.0,OK_LATEST_AVAILABLE,ACCEPT_LATEST_DATE,2026-05-14,OK,BLOCK_TOO_EXPENSIVE,one share price exceeds max_price_usd=300.0,OTHER_STOCK,EXCLUDED_BY_BASIC_SCREEN,-999.0,not PASS_BASIC_SCREEN: BLOCK_TOO_EXPENSIVE,False,False,False,True,C_CLASSIFIED_NOT_MAIN_COMPUTE,NO_BUY_NOT_MAIN_COMPUTE,未进入当前 main compute；只保留在 RAW/classified 层，不作为今日买入候选,3
MU,2026-05-15 15:58:40,CLASSIFIED_ONLY_NOT_MAIN_COMPUTE,True,True,False,False,True,OK_EXISTING_LOCAL_PRICE,2026-05-14,776.010009765625,,,OK_YFINANCE_LATEST_AVAILABLE,2026-05-14,776.010009765625,41939800.0,OK_LATEST_AVAILABLE,ACCEPT_LATEST_DATE,2026-05-14,OK,BLOCK_TOO_EXPENSIVE,one share price exceeds max_price_usd=300.0,AI_DATA_INFRA,EXCLUDED_BY_BASIC_SCREEN,-999.0,not PASS_BASIC_SCREEN: BLOCK_TOO_EXPENSIVE,False,False,False,True,C_CLASSIFIED_NOT_MAIN_COMPUTE,NO_BUY_NOT_MAIN_COMPUTE,未进入当前 main compute；只保留在 RAW/classified 层，不作为今日买入候选,3
PWR,2026-05-15 15:58:40,CLASSIFIED_ONLY_NOT_MAIN_COMPUTE,True,True,False,False,True,OK_EXISTING_LOCAL_PRICE,2026-05-14,780.0800170898438,,,OK_YFINANCE_LATEST_AVAILABLE,2026-05-14,780.0800170898438,827100.0,OK_LATEST_AVAILABLE,ACCEPT_LATEST_DATE,2026-05-14,OK,BLOCK_TOO_EXPENSIVE,one share price exceeds max_price_usd=300.0,AI_POWER_INFRA,EXCLUDED_BY_BASIC_SCREEN,-999.0,not PASS_BASIC_SCREEN: BLOCK_TOO_EXPENSIVE,False,False,False,True,C_CLASSIFIED_NOT_MAIN_COMPUTE,NO_BUY_NOT_MAIN_COMPUTE,未进入当前 main compute；只保留在 RAW/classified 层，不作为今日买入候选,3
QQQ,2026-05-15 15:58:40,CLASSIFIED_ONLY_NOT_MAIN_COMPUTE,True,True,False,False,True,OK_EXISTING_LOCAL_PRICE,2026-05-14,719.7899780273438,BENCHMARK_OR_CORE_ETF,,OK_YFINANCE_LATEST_AVAILABLE,2026-05-14,719.7899780273438,33209400.0,OK_LATEST_AVAILABLE,ACCEPT_LATEST_DATE,2026-05-14,OK,BLOCK_TOO_EXPENSIVE,one share price exceeds max_price_usd=300.0,CORE_ETF,EXCLUDED_BY_BASIC_SCREEN,-999.0,not PASS_BASIC_SCREEN: BLOCK_TOO_EXPENSIVE,False,False,False,True,C_CLASSIFIED_NOT_MAIN_COMPUTE,NO_BUY_NOT_MAIN_COMPUTE,未进入当前 main compute；只保留在 RAW/classified 层，不作为今日买入候选,3
SMH,2026-05-15 15:58:40,CLASSIFIED_ONLY_NOT_MAIN_COMPUTE,True,True,False,False,True,OK_EXISTING_LOCAL_PRICE,2026-05-14,578.3400268554688,BENCHMARK_OR_CORE_ETF,,OK_YFINANCE_LATEST_AVAILABLE,2026-05-14,578.3400268554688,8425300.0,OK_LATEST_AVAILABLE,ACCEPT_LATEST_DATE,2026-05-14,OK,BLOCK_TOO_EXPENSIVE,one share price exceeds max_price_usd=300.0,CORE_ETF,EXCLUDED_BY_BASIC_SCREEN,-999.0,not PASS_BASIC_SCREEN: BLOCK_TOO_EXPENSIVE,False,False,False,True,C_CLASSIFIED_NOT_MAIN_COMPUTE,NO_BUY_NOT_MAIN_COMPUTE,未进入当前 main compute；只保留在 RAW/classified 层，不作为今日买入候选,3
SNDK,2026-05-15 15:58:40,CLASSIFIED_ONLY_NOT_MAIN_COMPUTE,True,True,False,False,True,OK_EXISTING_LOCAL_PRICE,2026-05-14,1382.719970703125,,,OK_YFINANCE_LATEST_AVAILABLE,2026-05-14,1382.719970703125,11138700.0,OK_LATEST_AVAILABLE,ACCEPT_LATEST_DATE,2026-05-14,OK,BLOCK_TOO_EXPENSIVE,one share price exceeds max_price_usd=300.0,OTHER_STOCK,EXCLUDED_BY_BASIC_SCREEN,-999.0,not PASS_BASIC_SCREEN: BLOCK_TOO_EXPENSIVE,False,False,False,True,C_CLASSIFIED_NOT_MAIN_COMPUTE,NO_BUY_NOT_MAIN_COMPUTE,未进入当前 main compute；只保留在 RAW/classified 层，不作为今日买入候选,3
SOXL,2026-05-15 15:58:40,CLASSIFIED_ONLY_NOT_MAIN_COMPUTE,True,True,False,False,True,OK_EXISTING_LOCAL_PRICE,2026-05-14,186.19000244140625,LEVERAGED_ETF_WATCH_ONLY,,OK_YFINANCE_LATEST_AVAILABLE,2026-05-14,186.19000244140625,43052700.0,OK_LATEST_AVAILABLE,ACCEPT_LATEST_DATE,2026-05-14,OK,WATCH_ONLY_LEVERAGED,leveraged ETF; separate behavior guard required,OTHER_STOCK,EXCLUDED_BY_BASIC_SCREEN,-999.0,not PASS_BASIC_SCREEN: WATCH_ONLY_LEVERAGED,False,False,False,True,C_CLASSIFIED_NOT_MAIN_COMPUTE,NO_BUY_NOT_MAIN_COMPUTE,未进入当前 main compute；只保留在 RAW/classified 层，不作为今日买入候选,3
SOXX,2026-05-15 15:58:40,CLASSIFIED_ONLY_NOT_MAIN_COMPUTE,True,True,False,False,True,OK_EXISTING_LOCAL_PRICE,2026-05-14,530.030029296875,BENCHMARK_OR_CORE_ETF,,OK_YFINANCE_LATEST_AVAILABLE,2026-05-14,530.030029296875,5181800.0,OK_LATEST_AVAILABLE,ACCEPT_LATEST_DATE,2026-05-14,OK,BLOCK_TOO_EXPENSIVE,one share price exceeds max_price_usd=300.0,CORE_ETF,EXCLUDED_BY_BASIC_SCREEN,-999.0,not PASS_BASIC_SCREEN: BLOCK_TOO_EXPENSIVE,False,False,False,True,C_CLASSIFIED_NOT_MAIN_COMPUTE,NO_BUY_NOT_MAIN_COMPUTE,未进入当前 main compute；只保留在 RAW/classified 层，不作为今日买入候选,3
SPY,2026-05-15 15:58:40,CLASSIFIED_ONLY_NOT_MAIN_COMPUTE,True,True,False,False,True,OK_EXISTING_LOCAL_PRICE,2026-05-14,748.1699829101562,BENCHMARK_OR_CORE_ETF,,OK_YFINANCE_LATEST_AVAILABLE,2026-05-14,748.1699829101562,45231100.0,OK_LATEST_AVAILABLE,ACCEPT_LATEST_DATE,2026-05-14,OK,BENCHMARK_ONLY,benchmark/reference asset; not execution candidate,OTHER_STOCK,EXCLUDED_BY_BASIC_SCREEN,-999.0,not PASS_BASIC_SCREEN: BENCHMARK_ONLY,False,False,False,True,C_CLASSIFIED_NOT_MAIN_COMPUTE,NO_BUY_NOT_MAIN_COMPUTE,未进入当前 main compute；只保留在 RAW/classified 层，不作为今日买入候选,3
STX,2026-05-15 15:58:40,CLASSIFIED_ONLY_NOT_MAIN_COMPUTE,True,True,False,False,True,OK_EXISTING_LOCAL_PRICE,2026-05-14,804.760009765625,,,OK_YFINANCE_LATEST_AVAILABLE,2026-05-14,804.760009765625,2355400.0,OK_LATEST_AVAILABLE,ACCEPT_LATEST_DATE,2026-05-14,OK,BLOCK_TOO_EXPENSIVE,one share price exceeds max_price_usd=300.0,AI_DATA_INFRA,EXCLUDED_BY_BASIC_SCREEN,-999.0,not PASS_BASIC_SCREEN: BLOCK_TOO_EXPENSIVE,False,False,False,True,C_CLASSIFIED_NOT_MAIN_COMPUTE,NO_BUY_NOT_MAIN_COMPUTE,未进入当前 main compute；只保留在 RAW/classified 层，不作为今日买入候选,3
TER,2026-05-15 15:58:40,CLASSIFIED_ONLY_NOT_MAIN_COMPUTE,True,True,False,False,True,OK_EXISTING_LOCAL_PRICE,2026-05-14,356.54998779296875,,,OK_YFINANCE_LATEST_AVAILABLE,2026-05-14,356.54998779296875,2350400.0,OK_LATEST_AVAILABLE,ACCEPT_LATEST_DATE,2026-05-14,OK,BLOCK_TOO_EXPENSIVE,one share price exceeds max_price_usd=300.0,OTHER_STOCK,EXCLUDED_BY_BASIC_SCREEN,-999.0,not PASS_BASIC_SCREEN: BLOCK_TOO_EXPENSIVE,False,False,False,True,C_CLASSIFIED_NOT_MAIN_COMPUTE,NO_BUY_NOT_MAIN_COMPUTE,未进入当前 main compute；只保留在 RAW/classified 层，不作为今日买入候选,3
TQQQ,2026-05-15 15:58:40,CLASSIFIED_ONLY_NOT_MAIN_COMPUTE,True,True,False,False,True,OK_EXISTING_LOCAL_PRICE,2026-05-14,78.94999694824219,LEVERAGED_ETF_WATCH_ONLY,,OK_YFINANCE_LATEST_AVAILABLE,2026-05-14,78.94999694824219,57915100.0,OK_LATEST_AVAILABLE,ACCEPT_LATEST_DATE,2026-05-14,OK,WATCH_ONLY_LEVERAGED,leveraged ETF; separate behavior guard required,OTHER_STOCK,EXCLUDED_BY_BASIC_SCREEN,-999.0,not PASS_BASIC_SCREEN: WATCH_ONLY_LEVERAGED,False,False,False,True,C_CLASSIFIED_NOT_MAIN_COMPUTE,NO_BUY_NOT_MAIN_COMPUTE,未进入当前 main compute；只保留在 RAW/classified 层，不作为今日买入候选,3
TSLA,2026-05-15 15:58:40,CLASSIFIED_ONLY_NOT_MAIN_COMPUTE,True,True,False,False,True,OK_EXISTING_LOCAL_PRICE,2026-05-14,443.2999877929688,,,OK_YFINANCE_LATEST_AVAILABLE,2026-05-14,443.2999877929688,45939400.0,OK_LATEST_AVAILABLE,ACCEPT_LATEST_DATE,2026-05-14,OK,BLOCK_TOO_EXPENSIVE,one share price exceeds max_price_usd=300.0,OTHER_STOCK,EXCLUDED_BY_BASIC_SCREEN,-999.0,not PASS_BASIC_SCREEN: BLOCK_TOO_EXPENSIVE,False,False,False,True,C_CLASSIFIED_NOT_MAIN_COMPUTE,NO_BUY_NOT_MAIN_COMPUTE,未进入当前 main compute；只保留在 RAW/classified 层，不作为今日买入候选,3
TSM,2026-05-15 15:58:40,CLASSIFIED_ONLY_NOT_MAIN_COMPUTE,True,True,False,False,True,OK_EXISTING_LOCAL_PRICE,2026-05-14,417.7200012207031,,,OK_YFINANCE_LATEST_AVAILABLE,2026-05-14,417.7200012207031,18544400.0,OK_LATEST_AVAILABLE,ACCEPT_LATEST_DATE,2026-05-14,OK,BLOCK_TOO_EXPENSIVE,one share price exceeds max_price_usd=300.0,CORE_AI_SEMI,EXCLUDED_BY_BASIC_SCREEN,-999.0,not PASS_BASIC_SCREEN: BLOCK_TOO_EXPENSIVE,False,False,False,True,C_CLASSIFIED_NOT_MAIN_COMPUTE,NO_BUY_NOT_MAIN_COMPUTE,未进入当前 main compute；只保留在 RAW/classified 层，不作为今日买入候选,3
TXN,2026-05-15 15:58:40,CLASSIFIED_ONLY_NOT_MAIN_COMPUTE,True,True,False,False,True,OK_EXISTING_LOCAL_PRICE,2026-05-14,308.1700134277344,,,OK_YFINANCE_LATEST_AVAILABLE,2026-05-14,308.1700134277344,5766300.0,OK_LATEST_AVAILABLE,ACCEPT_LATEST_DATE,2026-05-14,OK,BLOCK_TOO_EXPENSIVE,one share price exceeds max_price_usd=300.0,OTHER_STOCK,EXCLUDED_BY_BASIC_SCREEN,-999.0,not PASS_BASIC_SCREEN: BLOCK_TOO_EXPENSIVE,False,False,False,True,C_CLASSIFIED_NOT_MAIN_COMPUTE,NO_BUY_NOT_MAIN_COMPUTE,未进入当前 main compute；只保留在 RAW/classified 层，不作为今日买入候选,3
VRT,2026-05-15 15:58:40,CLASSIFIED_ONLY_NOT_MAIN_COMPUTE,True,True,False,False,True,OK_EXISTING_LOCAL_PRICE,2026-05-14,376.2300109863281,,,OK_YFINANCE_LATEST_AVAILABLE,2026-05-14,376.2300109863281,3604300.0,OK_LATEST_AVAILABLE,ACCEPT_LATEST_DATE,2026-05-14,OK,BLOCK_TOO_EXPENSIVE,one share price exceeds max_price_usd=300.0,AI_POWER_INFRA,EXCLUDED_BY_BASIC_SCREEN,-999.0,not PASS_BASIC_SCREEN: BLOCK_TOO_EXPENSIVE,False,False,False,True,C_CLASSIFIED_NOT_MAIN_COMPUTE,NO_BUY_NOT_MAIN_COMPUTE,未进入当前 main compute；只保留在 RAW/classified 层，不作为今日买入候选,3
WDC,2026-05-15 15:58:40,CLASSIFIED_ONLY_NOT_MAIN_COMPUTE,True,True,False,False,True,OK_EXISTING_LOCAL_PRICE,2026-05-14,489.1499938964844,,,OK_YFINANCE_LATEST_AVAILABLE,2026-05-14,489.1499938964844,5531400.0,OK_LATEST_AVAILABLE,ACCEPT_LATEST_DATE,2026-05-14,OK,BLOCK_TOO_EXPENSIVE,one share price exceeds max_price_usd=300.0,AI_DATA_INFRA,EXCLUDED_BY_BASIC_SCREEN,-999.0,not PASS_BASIC_SCREEN: BLOCK_TOO_EXPENSIVE,False,False,False,True,C_CLASSIFIED_NOT_MAIN_COMPUTE,NO_BUY_NOT_MAIN_COMPUTE,未进入当前 main compute；只保留在 RAW/classified 层，不作为今日买入候选,3
