ticker,run_time,semantic_layer,in_raw_universe,in_classified_universe,in_main_compute_universe,in_second_stage_candidate,raw_price_ok,price_status,latest_price_date,latest_close,special_tag,inferred_exclusion_reason,raw105_refresh_status,raw105_latest_price_date,raw105_latest_close,raw105_latest_volume,raw105_freshness_status,freshness_acceptance_status,freshness_max_latest_price_date,is_current_main_compute,is_current_second_stage,is_top_candidate_file,is_watchlist_file,candidate_tier,full_buy_decision,decision_reason_cn,tier_order
AAPL,2026-05-27 22:22:57,SECOND_STAGE_CANDIDATE,True,True,True,True,True,OK_EXISTING_LOCAL_PRICE,2026-05-15,300.2300109863281,,,OK_YFINANCE_LATEST_AVAILABLE,2026-05-26,308.3299865722656,47956900.0,OK_LATEST_AVAILABLE,ACCEPT_LATEST_DATE,2026-05-26,True,True,True,False,A_SECOND_STAGE_TOP10,BUY_CANDIDATE_REQUIRES_MANUAL_CONFIRMATION,进入 second stage，且门控未锁；需要人工复核触发价、仓位、事件风险后才可买,1
ACLS,2026-05-27 22:22:57,SECOND_STAGE_CANDIDATE,True,True,True,True,True,OK_EXISTING_LOCAL_PRICE,2026-05-15,155.17999267578125,,,OK_YFINANCE_LATEST_AVAILABLE,2026-05-26,164.27000427246094,478500.0,OK_LATEST_AVAILABLE,ACCEPT_LATEST_DATE,2026-05-26,True,True,True,False,A_SECOND_STAGE_TOP10,BUY_CANDIDATE_REQUIRES_MANUAL_CONFIRMATION,进入 second stage，且门控未锁；需要人工复核触发价、仓位、事件风险后才可买,1
ACM,2026-05-27 22:22:57,SECOND_STAGE_CANDIDATE,True,True,True,True,True,OK_EXISTING_LOCAL_PRICE,2026-05-15,71.30999755859375,,,OK_YFINANCE_LATEST_AVAILABLE,2026-05-26,72.47000122070312,1529200.0,OK_LATEST_AVAILABLE,ACCEPT_LATEST_DATE,2026-05-26,True,True,True,False,A_SECOND_STAGE_TOP10,BUY_CANDIDATE_REQUIRES_MANUAL_CONFIRMATION,进入 second stage，且门控未锁；需要人工复核触发价、仓位、事件风险后才可买,1
ACMR,2026-05-27 22:22:57,SECOND_STAGE_CANDIDATE,True,True,True,True,True,OK_EXISTING_LOCAL_PRICE,2026-05-15,63.66999816894531,,,OK_YFINANCE_LATEST_AVAILABLE,2026-05-26,86.45999908447266,3613200.0,OK_LATEST_AVAILABLE,ACCEPT_LATEST_DATE,2026-05-26,True,True,True,False,A_SECOND_STAGE_TOP10,BUY_CANDIDATE_REQUIRES_MANUAL_CONFIRMATION,进入 second stage，且门控未锁；需要人工复核触发价、仓位、事件风险后才可买,1
AEHR,2026-05-27 22:22:57,SECOND_STAGE_CANDIDATE,True,True,True,True,True,OK_EXISTING_LOCAL_PRICE,2026-05-15,99.5,,,OK_YFINANCE_LATEST_AVAILABLE,2026-05-26,109.91999816894533,2689100.0,OK_LATEST_AVAILABLE,ACCEPT_LATEST_DATE,2026-05-26,True,True,True,False,A_SECOND_STAGE_TOP10,BUY_CANDIDATE_REQUIRES_MANUAL_CONFIRMATION,进入 second stage，且门控未锁；需要人工复核触发价、仓位、事件风险后才可买,1
ALAB,2026-05-27 22:22:57,SECOND_STAGE_CANDIDATE,True,True,True,True,True,OK_EXISTING_LOCAL_PRICE,2026-05-15,232.67999267578125,,,OK_YFINANCE_LATEST_AVAILABLE,2026-05-26,318.7200012207031,8101800.0,OK_LATEST_AVAILABLE,ACCEPT_LATEST_DATE,2026-05-26,True,True,True,False,A_SECOND_STAGE_TOP10,BUY_CANDIDATE_REQUIRES_MANUAL_CONFIRMATION,进入 second stage，且门控未锁；需要人工复核触发价、仓位、事件风险后才可买,1
AMAT,2026-05-27 22:22:57,SECOND_STAGE_CANDIDATE,True,True,True,True,True,OK_EXISTING_LOCAL_PRICE,2026-05-15,436.6199951171875,,,OK_YFINANCE_LATEST_AVAILABLE,2026-05-26,454.8900146484375,8044400.0,OK_LATEST_AVAILABLE,ACCEPT_LATEST_DATE,2026-05-26,True,True,True,False,A_SECOND_STAGE_TOP10,BUY_CANDIDATE_REQUIRES_MANUAL_CONFIRMATION,进入 second stage，且门控未锁；需要人工复核触发价、仓位、事件风险后才可买,1
AMD,2026-05-27 22:22:57,SECOND_STAGE_CANDIDATE,True,True,True,True,True,OK_EXISTING_LOCAL_PRICE,2026-05-15,424.1000061035156,,,OK_YFINANCE_LATEST_AVAILABLE,2026-05-26,503.8900146484375,38281400.0,OK_LATEST_AVAILABLE,ACCEPT_LATEST_DATE,2026-05-26,True,True,True,False,A_SECOND_STAGE_TOP10,BUY_CANDIDATE_REQUIRES_MANUAL_CONFIRMATION,进入 second stage，且门控未锁；需要人工复核触发价、仓位、事件风险后才可买,1
AMKR,2026-05-27 22:22:57,SECOND_STAGE_CANDIDATE,True,True,True,True,True,OK_EXISTING_LOCAL_PRICE,2026-05-15,70.3499984741211,,,OK_YFINANCE_LATEST_AVAILABLE,2026-05-26,73.45999908447266,8587300.0,OK_LATEST_AVAILABLE,ACCEPT_LATEST_DATE,2026-05-26,True,True,True,False,A_SECOND_STAGE_TOP10,BUY_CANDIDATE_REQUIRES_MANUAL_CONFIRMATION,进入 second stage，且门控未锁；需要人工复核触发价、仓位、事件风险后才可买,1
AMZN,2026-05-27 22:22:57,SECOND_STAGE_CANDIDATE,True,True,True,True,True,OK_EXISTING_LOCAL_PRICE,2026-05-15,264.1400146484375,,,OK_YFINANCE_LATEST_AVAILABLE,2026-05-26,265.2900085449219,37964400.0,OK_LATEST_AVAILABLE,ACCEPT_LATEST_DATE,2026-05-26,True,True,True,False,A_SECOND_STAGE_TOP10,BUY_CANDIDATE_REQUIRES_MANUAL_CONFIRMATION,进入 second stage，且门控未锁；需要人工复核触发价、仓位、事件风险后才可买,1
ANET,2026-05-27 22:22:57,SECOND_STAGE_CANDIDATE,True,True,True,True,True,OK_EXISTING_LOCAL_PRICE,2026-05-15,141.97000122070312,,,OK_YFINANCE_LATEST_AVAILABLE,2026-05-26,158.00999450683594,11823500.0,OK_LATEST_AVAILABLE,ACCEPT_LATEST_DATE,2026-05-26,True,True,True,False,A_SECOND_STAGE_TOP10,BUY_CANDIDATE_REQUIRES_MANUAL_CONFIRMATION,进入 second stage，且门控未锁；需要人工复核触发价、仓位、事件风险后才可买,1
APH,2026-05-27 22:22:57,SECOND_STAGE_CANDIDATE,True,True,True,True,True,OK_EXISTING_LOCAL_PRICE,2026-05-15,125.0,,,OK_YFINANCE_LATEST_AVAILABLE,2026-05-26,139.55999755859375,16589900.0,OK_LATEST_AVAILABLE,ACCEPT_LATEST_DATE,2026-05-26,True,True,True,False,A_SECOND_STAGE_TOP10,BUY_CANDIDATE_REQUIRES_MANUAL_CONFIRMATION,进入 second stage，且门控未锁；需要人工复核触发价、仓位、事件风险后才可买,1
ARM,2026-05-27 22:22:57,SECOND_STAGE_CANDIDATE,True,True,True,True,True,OK_EXISTING_LOCAL_PRICE,2026-05-15,209.16000366210932,,,OK_YFINANCE_LATEST_AVAILABLE,2026-05-26,321.2200012207031,10866600.0,OK_LATEST_AVAILABLE,ACCEPT_LATEST_DATE,2026-05-26,True,True,True,False,A_SECOND_STAGE_TOP10,BUY_CANDIDATE_REQUIRES_MANUAL_CONFIRMATION,进入 second stage，且门控未锁；需要人工复核触发价、仓位、事件风险后才可买,1
ASML,2026-05-27 22:22:57,SECOND_STAGE_CANDIDATE,True,True,True,True,True,OK_EXISTING_LOCAL_PRICE,2026-05-15,1501.81005859375,,,OK_YFINANCE_LATEST_AVAILABLE,2026-05-26,1632.030029296875,1651000.0,OK_LATEST_AVAILABLE,ACCEPT_LATEST_DATE,2026-05-26,True,True,True,False,A_SECOND_STAGE_TOP10,BUY_CANDIDATE_REQUIRES_MANUAL_CONFIRMATION,进入 second stage，且门控未锁；需要人工复核触发价、仓位、事件风险后才可买,1
AVGO,2026-05-27 22:22:57,SECOND_STAGE_CANDIDATE,True,True,True,True,True,OK_EXISTING_LOCAL_PRICE,2026-05-15,425.1900024414063,,,OK_YFINANCE_LATEST_AVAILABLE,2026-05-26,422.010009765625,22529700.0,OK_LATEST_AVAILABLE,ACCEPT_LATEST_DATE,2026-05-26,True,True,True,False,A_SECOND_STAGE_TOP10,BUY_CANDIDATE_REQUIRES_MANUAL_CONFIRMATION,进入 second stage，且门控未锁；需要人工复核触发价、仓位、事件风险后才可买,1
BE,2026-05-27 22:22:57,SECOND_STAGE_CANDIDATE,True,True,True,True,True,OK_EXISTING_LOCAL_PRICE,2026-05-15,275.95001220703125,,,OK_YFINANCE_LATEST_AVAILABLE,2026-05-26,302.3999938964844,8816000.0,OK_LATEST_AVAILABLE,ACCEPT_LATEST_DATE,2026-05-26,True,True,True,False,A_SECOND_STAGE_TOP10,BUY_CANDIDATE_REQUIRES_MANUAL_CONFIRMATION,进入 second stage，且门控未锁；需要人工复核触发价、仓位、事件风险后才可买,1
BTDR,2026-05-27 22:22:57,SECOND_STAGE_CANDIDATE,True,True,True,True,True,OK_EXISTING_LOCAL_PRICE,2026-05-15,13.350000381469728,,,OK_YFINANCE_LATEST_AVAILABLE,2026-05-26,15.109999656677246,11882100.0,OK_LATEST_AVAILABLE,ACCEPT_LATEST_DATE,2026-05-26,True,True,True,False,A_SECOND_STAGE_TOP10,BUY_CANDIDATE_REQUIRES_MANUAL_CONFIRMATION,进入 second stage，且门控未锁；需要人工复核触发价、仓位、事件风险后才可买,1
CAMT,2026-05-27 22:22:57,SECOND_STAGE_CANDIDATE,True,True,True,True,True,OK_EXISTING_LOCAL_PRICE,2026-05-15,168.35000610351562,,,OK_YFINANCE_LATEST_AVAILABLE,2026-05-26,174.72999572753906,369800.0,OK_LATEST_AVAILABLE,ACCEPT_LATEST_DATE,2026-05-26,True,True,True,False,A_SECOND_STAGE_TOP10,BUY_CANDIDATE_REQUIRES_MANUAL_CONFIRMATION,进入 second stage，且门控未锁；需要人工复核触发价、仓位、事件风险后才可买,1
CARR,2026-05-27 22:22:57,SECOND_STAGE_CANDIDATE,True,True,True,True,True,OK_EXISTING_LOCAL_PRICE,2026-05-15,64.66999816894531,,,OK_YFINANCE_LATEST_AVAILABLE,2026-05-26,64.88999938964844,5746300.0,OK_LATEST_AVAILABLE,ACCEPT_LATEST_DATE,2026-05-26,True,True,True,False,A_SECOND_STAGE_TOP10,BUY_CANDIDATE_REQUIRES_MANUAL_CONFIRMATION,进入 second stage，且门控未锁；需要人工复核触发价、仓位、事件风险后才可买,1
CEG,2026-05-27 22:22:57,SECOND_STAGE_CANDIDATE,True,True,True,True,True,OK_EXISTING_LOCAL_PRICE,2026-05-15,267.20001220703125,,,OK_YFINANCE_LATEST_AVAILABLE,2026-05-26,301.57000732421875,3606900.0,OK_LATEST_AVAILABLE,ACCEPT_LATEST_DATE,2026-05-26,True,True,True,False,A_SECOND_STAGE_TOP10,BUY_CANDIDATE_REQUIRES_MANUAL_CONFIRMATION,进入 second stage，且门控未锁；需要人工复核触发价、仓位、事件风险后才可买,1
CIEN,2026-05-27 22:22:57,MAIN_COMPUTE_UNIVERSE,True,True,True,False,True,OK_EXISTING_LOCAL_PRICE,2026-05-15,554.4600219726562,,,OK_YFINANCE_LATEST_AVAILABLE,2026-05-26,602.3900146484375,1407700.0,OK_LATEST_AVAILABLE,ACCEPT_LATEST_DATE,2026-05-26,True,False,False,False,B_MAIN_COMPUTE_NOT_TOP10,WATCH_MAIN_COMPUTE_NOT_BUY_CANDIDATE,进入 main compute，但未进入 second stage；观察，不是今日买入候选,2
CIFR,2026-05-27 22:22:57,MAIN_COMPUTE_UNIVERSE,True,True,True,False,True,OK_EXISTING_LOCAL_PRICE,2026-05-15,20.32999992370605,,,OK_YFINANCE_LATEST_AVAILABLE,2026-05-26,23.020000457763672,25371000.0,OK_LATEST_AVAILABLE,ACCEPT_LATEST_DATE,2026-05-26,True,False,False,False,B_MAIN_COMPUTE_NOT_TOP10,WATCH_MAIN_COMPUTE_NOT_BUY_CANDIDATE,进入 main compute，但未进入 second stage；观察，不是今日买入候选,2
CLS,2026-05-27 22:22:57,MAIN_COMPUTE_UNIVERSE,True,True,True,False,True,OK_EXISTING_LOCAL_PRICE,2026-05-15,358.54998779296875,,,OK_YFINANCE_LATEST_AVAILABLE,2026-05-26,370.8399963378906,2164500.0,OK_LATEST_AVAILABLE,ACCEPT_LATEST_DATE,2026-05-26,True,False,False,False,B_MAIN_COMPUTE_NOT_TOP10,WATCH_MAIN_COMPUTE_NOT_BUY_CANDIDATE,进入 main compute，但未进入 second stage；观察，不是今日买入候选,2
COHR,2026-05-27 22:22:57,MAIN_COMPUTE_UNIVERSE,True,True,True,False,True,OK_EXISTING_LOCAL_PRICE,2026-05-15,382.4500122070313,,,OK_YFINANCE_LATEST_AVAILABLE,2026-05-26,381.3500061035156,4081200.0,OK_LATEST_AVAILABLE,ACCEPT_LATEST_DATE,2026-05-26,True,False,False,False,B_MAIN_COMPUTE_NOT_TOP10,WATCH_MAIN_COMPUTE_NOT_BUY_CANDIDATE,进入 main compute，但未进入 second stage；观察，不是今日买入候选,2
COHU,2026-05-27 22:22:57,MAIN_COMPUTE_UNIVERSE,True,True,True,False,True,OK_EXISTING_LOCAL_PRICE,2026-05-15,47.13999938964844,,,OK_YFINANCE_LATEST_AVAILABLE,2026-05-26,49.93000030517578,2632000.0,OK_LATEST_AVAILABLE,ACCEPT_LATEST_DATE,2026-05-26,True,False,False,False,B_MAIN_COMPUTE_NOT_TOP10,WATCH_MAIN_COMPUTE_NOT_BUY_CANDIDATE,进入 main compute，但未进入 second stage；观察，不是今日买入候选,2
CORZ,2026-05-27 22:22:57,MAIN_COMPUTE_UNIVERSE,True,True,True,False,True,OK_EXISTING_LOCAL_PRICE,2026-05-15,24.209999084472656,,,OK_YFINANCE_LATEST_AVAILABLE,2026-05-26,26.3700008392334,18829600.0,OK_LATEST_AVAILABLE,ACCEPT_LATEST_DATE,2026-05-26,True,False,False,False,B_MAIN_COMPUTE_NOT_TOP10,WATCH_MAIN_COMPUTE_NOT_BUY_CANDIDATE,进入 main compute，但未进入 second stage；观察，不是今日买入候选,2
CRDO,2026-05-27 22:22:57,MAIN_COMPUTE_UNIVERSE,True,True,True,False,True,OK_EXISTING_LOCAL_PRICE,2026-05-15,172.1699981689453,,,OK_YFINANCE_LATEST_AVAILABLE,2026-05-26,221.63999938964844,9561900.0,OK_LATEST_AVAILABLE,ACCEPT_LATEST_DATE,2026-05-26,True,False,False,False,B_MAIN_COMPUTE_NOT_TOP10,WATCH_MAIN_COMPUTE_NOT_BUY_CANDIDATE,进入 main compute，但未进入 second stage；观察，不是今日买入候选,2
CRM,2026-05-27 22:22:57,MAIN_COMPUTE_UNIVERSE,True,True,True,False,True,OK_EXISTING_LOCAL_PRICE,2026-05-15,173.50999450683594,,,OK_YFINANCE_LATEST_AVAILABLE,2026-05-26,179.0800018310547,13594000.0,OK_LATEST_AVAILABLE,ACCEPT_LATEST_DATE,2026-05-26,True,False,False,False,B_MAIN_COMPUTE_NOT_TOP10,WATCH_MAIN_COMPUTE_NOT_BUY_CANDIDATE,进入 main compute，但未进入 second stage；观察，不是今日买入候选,2
CRWD,2026-05-27 22:22:57,MAIN_COMPUTE_UNIVERSE,True,True,True,False,True,OK_EXISTING_LOCAL_PRICE,2026-05-15,594.0800170898438,,,OK_YFINANCE_LATEST_AVAILABLE,2026-05-26,671.5499877929688,2079900.0,OK_LATEST_AVAILABLE,ACCEPT_LATEST_DATE,2026-05-26,True,False,False,False,B_MAIN_COMPUTE_NOT_TOP10,WATCH_MAIN_COMPUTE_NOT_BUY_CANDIDATE,进入 main compute，但未进入 second stage；观察，不是今日买入候选,2
CRWV,2026-05-27 22:22:57,MAIN_COMPUTE_UNIVERSE,True,True,True,False,True,OK_EXISTING_LOCAL_PRICE,2026-05-15,107.3000030517578,,,OK_YFINANCE_LATEST_AVAILABLE,2026-05-26,105.88999938964844,21385000.0,OK_LATEST_AVAILABLE,ACCEPT_LATEST_DATE,2026-05-26,True,False,False,False,B_MAIN_COMPUTE_NOT_TOP10,WATCH_MAIN_COMPUTE_NOT_BUY_CANDIDATE,进入 main compute，但未进入 second stage；观察，不是今日买入候选,2
CSCO,2026-05-27 22:22:57,MAIN_COMPUTE_UNIVERSE,True,True,True,False,True,OK_EXISTING_LOCAL_PRICE,2026-05-15,118.20999908447266,,,OK_YFINANCE_LATEST_AVAILABLE,2026-05-26,118.33000183105467,26591300.0,OK_LATEST_AVAILABLE,ACCEPT_LATEST_DATE,2026-05-26,True,False,False,False,B_MAIN_COMPUTE_NOT_TOP10,WATCH_MAIN_COMPUTE_NOT_BUY_CANDIDATE,进入 main compute，但未进入 second stage；观察，不是今日买入候选,2
D,2026-05-27 22:22:57,MAIN_COMPUTE_UNIVERSE,True,True,True,False,True,OK_EXISTING_LOCAL_PRICE,2026-05-15,61.72999954223633,,,OK_YFINANCE_LATEST_AVAILABLE,2026-05-26,67.27999877929688,8121200.0,OK_LATEST_AVAILABLE,ACCEPT_LATEST_DATE,2026-05-26,True,False,False,False,B_MAIN_COMPUTE_NOT_TOP10,WATCH_MAIN_COMPUTE_NOT_BUY_CANDIDATE,进入 main compute，但未进入 second stage；观察，不是今日买入候选,2
DDOG,2026-05-27 22:22:57,MAIN_COMPUTE_UNIVERSE,True,True,True,False,True,OK_EXISTING_LOCAL_PRICE,2026-05-15,207.97999572753903,,,OK_YFINANCE_LATEST_AVAILABLE,2026-05-26,223.6499938964844,3631100.0,OK_LATEST_AVAILABLE,ACCEPT_LATEST_DATE,2026-05-26,True,False,False,False,B_MAIN_COMPUTE_NOT_TOP10,WATCH_MAIN_COMPUTE_NOT_BUY_CANDIDATE,进入 main compute，但未进入 second stage；观察，不是今日买入候选,2
DELL,2026-05-27 22:22:57,MAIN_COMPUTE_UNIVERSE,True,True,True,False,True,OK_EXISTING_LOCAL_PRICE,2026-05-15,241.9900054931641,,,OK_YFINANCE_LATEST_AVAILABLE,2026-05-26,305.0799865722656,10268700.0,OK_LATEST_AVAILABLE,ACCEPT_LATEST_DATE,2026-05-26,True,False,False,False,B_MAIN_COMPUTE_NOT_TOP10,WATCH_MAIN_COMPUTE_NOT_BUY_CANDIDATE,进入 main compute，但未进入 second stage；观察，不是今日买入候选,2
ECL,2026-05-27 22:22:57,MAIN_COMPUTE_UNIVERSE,True,True,True,False,True,OK_EXISTING_LOCAL_PRICE,2026-05-15,247.6199951171875,,,OK_YFINANCE_LATEST_AVAILABLE,2026-05-26,254.22999572753903,1054100.0,OK_LATEST_AVAILABLE,ACCEPT_LATEST_DATE,2026-05-26,True,False,False,False,B_MAIN_COMPUTE_NOT_TOP10,WATCH_MAIN_COMPUTE_NOT_BUY_CANDIDATE,进入 main compute，但未进入 second stage；观察，不是今日买入候选,2
ENTG,2026-05-27 22:22:57,MAIN_COMPUTE_UNIVERSE,True,True,True,False,True,OK_EXISTING_LOCAL_PRICE,2026-05-15,133.07000732421875,,,OK_YFINANCE_LATEST_AVAILABLE,2026-05-26,142.1199951171875,2751200.0,OK_LATEST_AVAILABLE,ACCEPT_LATEST_DATE,2026-05-26,True,False,False,False,B_MAIN_COMPUTE_NOT_TOP10,WATCH_MAIN_COMPUTE_NOT_BUY_CANDIDATE,进入 main compute，但未进入 second stage；观察，不是今日买入候选,2
ETN,2026-05-27 22:22:57,MAIN_COMPUTE_UNIVERSE,True,True,True,False,True,OK_EXISTING_LOCAL_PRICE,2026-05-15,399.4400024414063,,,OK_YFINANCE_LATEST_AVAILABLE,2026-05-26,403.1300048828125,2855200.0,OK_LATEST_AVAILABLE,ACCEPT_LATEST_DATE,2026-05-26,True,False,False,False,B_MAIN_COMPUTE_NOT_TOP10,WATCH_MAIN_COMPUTE_NOT_BUY_CANDIDATE,进入 main compute，但未进入 second stage；观察，不是今日买入候选,2
ETR,2026-05-27 22:22:57,MAIN_COMPUTE_UNIVERSE,True,True,True,False,True,OK_EXISTING_LOCAL_PRICE,2026-05-15,109.02999877929688,,,OK_YFINANCE_LATEST_AVAILABLE,2026-05-26,111.97000122070312,3520400.0,OK_LATEST_AVAILABLE,ACCEPT_LATEST_DATE,2026-05-26,True,False,False,False,B_MAIN_COMPUTE_NOT_TOP10,WATCH_MAIN_COMPUTE_NOT_BUY_CANDIDATE,进入 main compute，但未进入 second stage；观察，不是今日买入候选,2
FIX,2026-05-27 22:22:57,MAIN_COMPUTE_UNIVERSE,True,True,True,False,True,OK_EXISTING_LOCAL_PRICE,2026-05-15,1992.739990234375,,,OK_YFINANCE_LATEST_AVAILABLE,2026-05-26,1883.56005859375,316500.0,OK_LATEST_AVAILABLE,ACCEPT_LATEST_DATE,2026-05-26,True,False,False,False,B_MAIN_COMPUTE_NOT_TOP10,WATCH_MAIN_COMPUTE_NOT_BUY_CANDIDATE,进入 main compute，但未进入 second stage；观察，不是今日买入候选,2
FLEX,2026-05-27 22:22:57,MAIN_COMPUTE_UNIVERSE,True,True,True,False,True,OK_EXISTING_LOCAL_PRICE,2026-05-15,137.86000061035156,,,OK_YFINANCE_LATEST_AVAILABLE,2026-05-26,143.24000549316406,5439300.0,OK_LATEST_AVAILABLE,ACCEPT_LATEST_DATE,2026-05-26,True,False,False,False,B_MAIN_COMPUTE_NOT_TOP10,WATCH_MAIN_COMPUTE_NOT_BUY_CANDIDATE,进入 main compute，但未进入 second stage；观察，不是今日买入候选,2
FLR,2026-05-27 22:22:57,MAIN_COMPUTE_UNIVERSE,True,True,True,False,True,OK_EXISTING_LOCAL_PRICE,2026-05-15,44.36000061035156,,,OK_YFINANCE_LATEST_AVAILABLE,2026-05-26,46.86000061035156,2470000.0,OK_LATEST_AVAILABLE,ACCEPT_LATEST_DATE,2026-05-26,True,False,False,False,B_MAIN_COMPUTE_NOT_TOP10,WATCH_MAIN_COMPUTE_NOT_BUY_CANDIDATE,进入 main compute，但未进入 second stage；观察，不是今日买入候选,2
FN,2026-05-27 22:22:57,MAIN_COMPUTE_UNIVERSE,True,True,True,False,True,OK_EXISTING_LOCAL_PRICE,2026-05-15,722.0399780273438,,,OK_YFINANCE_LATEST_AVAILABLE,2026-05-26,680.77001953125,720900.0,OK_LATEST_AVAILABLE,ACCEPT_LATEST_DATE,2026-05-26,True,False,False,False,B_MAIN_COMPUTE_NOT_TOP10,WATCH_MAIN_COMPUTE_NOT_BUY_CANDIDATE,进入 main compute，但未进入 second stage；观察，不是今日买入候选,2
FORM,2026-05-27 22:22:57,MAIN_COMPUTE_UNIVERSE,True,True,True,False,True,OK_EXISTING_LOCAL_PRICE,2026-05-15,126.2699966430664,,,OK_YFINANCE_LATEST_AVAILABLE,2026-05-26,136.47999572753906,2281800.0,OK_LATEST_AVAILABLE,ACCEPT_LATEST_DATE,2026-05-26,True,False,False,False,B_MAIN_COMPUTE_NOT_TOP10,WATCH_MAIN_COMPUTE_NOT_BUY_CANDIDATE,进入 main compute，但未进入 second stage；观察，不是今日买入候选,2
GEV,2026-05-27 22:22:57,MAIN_COMPUTE_UNIVERSE,True,True,True,False,True,OK_EXISTING_LOCAL_PRICE,2026-05-15,1049.22998046875,,,OK_YFINANCE_LATEST_AVAILABLE,2026-05-26,1070.469970703125,1877300.0,OK_LATEST_AVAILABLE,ACCEPT_LATEST_DATE,2026-05-26,True,False,False,False,B_MAIN_COMPUTE_NOT_TOP10,WATCH_MAIN_COMPUTE_NOT_BUY_CANDIDATE,进入 main compute，但未进入 second stage；观察，不是今日买入候选,2
GLW,2026-05-27 22:22:57,MAIN_COMPUTE_UNIVERSE,True,True,True,False,True,OK_EXISTING_LOCAL_PRICE,2026-05-15,191.8099975585937,,,OK_YFINANCE_LATEST_AVAILABLE,2026-05-26,196.1699981689453,9055500.0,OK_LATEST_AVAILABLE,ACCEPT_LATEST_DATE,2026-05-26,True,False,False,False,B_MAIN_COMPUTE_NOT_TOP10,WATCH_MAIN_COMPUTE_NOT_BUY_CANDIDATE,进入 main compute，但未进入 second stage；观察，不是今日买入候选,2
GNRC,2026-05-27 22:22:57,MAIN_COMPUTE_UNIVERSE,True,True,True,False,True,OK_EXISTING_LOCAL_PRICE,2026-05-15,263.67999267578125,,,OK_YFINANCE_LATEST_AVAILABLE,2026-05-26,274.82000732421875,678800.0,OK_LATEST_AVAILABLE,ACCEPT_LATEST_DATE,2026-05-26,True,False,False,False,B_MAIN_COMPUTE_NOT_TOP10,WATCH_MAIN_COMPUTE_NOT_BUY_CANDIDATE,进入 main compute，但未进入 second stage；观察，不是今日买入候选,2
GOOGL,2026-05-27 22:22:57,MAIN_COMPUTE_UNIVERSE,True,True,True,False,True,OK_EXISTING_LOCAL_PRICE,2026-05-15,396.7799987792969,,,OK_YFINANCE_LATEST_AVAILABLE,2026-05-26,388.8800048828125,27706400.0,OK_LATEST_AVAILABLE,ACCEPT_LATEST_DATE,2026-05-26,True,False,False,False,B_MAIN_COMPUTE_NOT_TOP10,WATCH_MAIN_COMPUTE_NOT_BUY_CANDIDATE,进入 main compute，但未进入 second stage；观察，不是今日买入候选,2
HPE,2026-05-27 22:22:57,MAIN_COMPUTE_UNIVERSE,True,True,True,False,True,OK_EXISTING_LOCAL_PRICE,2026-05-15,33.099998474121094,,,OK_YFINANCE_LATEST_AVAILABLE,2026-05-26,38.060001373291016,16802000.0,OK_LATEST_AVAILABLE,ACCEPT_LATEST_DATE,2026-05-26,True,False,False,False,B_MAIN_COMPUTE_NOT_TOP10,WATCH_MAIN_COMPUTE_NOT_BUY_CANDIDATE,进入 main compute，但未进入 second stage；观察，不是今日买入候选,2
HUBB,2026-05-27 22:22:57,MAIN_COMPUTE_UNIVERSE,True,True,True,False,True,OK_EXISTING_LOCAL_PRICE,2026-05-15,479.9700012207031,,,OK_YFINANCE_LATEST_AVAILABLE,2026-05-26,478.0499877929688,800873.0,OK_LATEST_AVAILABLE,ACCEPT_LATEST_DATE,2026-05-26,True,False,False,False,B_MAIN_COMPUTE_NOT_TOP10,WATCH_MAIN_COMPUTE_NOT_BUY_CANDIDATE,进入 main compute，但未进入 second stage；观察，不是今日买入候选,2
ICHR,2026-05-27 22:22:57,MAIN_COMPUTE_UNIVERSE,True,True,True,False,True,OK_EXISTING_LOCAL_PRICE,2026-05-15,73.2699966430664,,,OK_YFINANCE_LATEST_AVAILABLE,2026-05-26,72.7300033569336,1723400.0,OK_LATEST_AVAILABLE,ACCEPT_LATEST_DATE,2026-05-26,True,False,False,False,B_MAIN_COMPUTE_NOT_TOP10,WATCH_MAIN_COMPUTE_NOT_BUY_CANDIDATE,进入 main compute，但未进入 second stage；观察，不是今日买入候选,2
IGV,2026-05-27 22:22:57,MAIN_COMPUTE_UNIVERSE,True,True,True,False,True,OK_EXISTING_LOCAL_PRICE,2026-05-15,91.77999877929688,,,OK_YFINANCE_LATEST_AVAILABLE,2026-05-26,94.0500030517578,18684600.0,OK_LATEST_AVAILABLE,ACCEPT_LATEST_DATE,2026-05-26,True,False,False,False,B_MAIN_COMPUTE_NOT_TOP10,WATCH_MAIN_COMPUTE_NOT_BUY_CANDIDATE,进入 main compute，但未进入 second stage；观察，不是今日买入候选,2
INTC,2026-05-27 22:22:57,MAIN_COMPUTE_UNIVERSE,True,True,True,False,True,OK_EXISTING_LOCAL_PRICE,2026-05-15,108.7699966430664,,,OK_YFINANCE_LATEST_AVAILABLE,2026-05-26,123.5199966430664,107753200.0,OK_LATEST_AVAILABLE,ACCEPT_LATEST_DATE,2026-05-26,True,False,False,False,B_MAIN_COMPUTE_NOT_TOP10,WATCH_MAIN_COMPUTE_NOT_BUY_CANDIDATE,进入 main compute，但未进入 second stage；观察，不是今日买入候选,2
IRDM,2026-05-27 22:22:57,MAIN_COMPUTE_UNIVERSE,True,True,True,False,True,OK_EXISTING_LOCAL_PRICE,2026-05-15,41.619998931884766,,,OK_YFINANCE_LATEST_AVAILABLE,2026-05-26,50.15999984741211,3208900.0,OK_LATEST_AVAILABLE,ACCEPT_LATEST_DATE,2026-05-26,True,False,False,False,B_MAIN_COMPUTE_NOT_TOP10,WATCH_MAIN_COMPUTE_NOT_BUY_CANDIDATE,进入 main compute，但未进入 second stage；观察，不是今日买入候选,2
IREN,2026-05-27 22:22:57,MAIN_COMPUTE_UNIVERSE,True,True,True,False,True,OK_EXISTING_LOCAL_PRICE,2026-05-15,52.93999862670898,,,OK_YFINANCE_LATEST_AVAILABLE,2026-05-26,59.77999877929688,41647200.0,OK_LATEST_AVAILABLE,ACCEPT_LATEST_DATE,2026-05-26,True,False,False,False,B_MAIN_COMPUTE_NOT_TOP10,WATCH_MAIN_COMPUTE_NOT_BUY_CANDIDATE,进入 main compute，但未进入 second stage；观察，不是今日买入候选,2
IYW,2026-05-27 22:22:57,MAIN_COMPUTE_UNIVERSE,True,True,True,False,True,OK_EXISTING_LOCAL_PRICE,2026-05-15,238.8000030517578,,,OK_YFINANCE_LATEST_AVAILABLE,2026-05-26,247.4199981689453,407100.0,OK_LATEST_AVAILABLE,ACCEPT_LATEST_DATE,2026-05-26,True,False,False,False,B_MAIN_COMPUTE_NOT_TOP10,WATCH_MAIN_COMPUTE_NOT_BUY_CANDIDATE,进入 main compute，但未进入 second stage；观察，不是今日买入候选,2
JBL,2026-05-27 22:22:57,MAIN_COMPUTE_UNIVERSE,True,True,True,False,True,OK_EXISTING_LOCAL_PRICE,2026-05-15,339.82000732421875,,,OK_YFINANCE_LATEST_AVAILABLE,2026-05-26,380.25,1240200.0,OK_LATEST_AVAILABLE,ACCEPT_LATEST_DATE,2026-05-26,True,False,False,False,B_MAIN_COMPUTE_NOT_TOP10,WATCH_MAIN_COMPUTE_NOT_BUY_CANDIDATE,进入 main compute，但未进入 second stage；观察，不是今日买入候选,2
KEYS,2026-05-27 22:22:57,MAIN_COMPUTE_UNIVERSE,True,True,True,False,True,OK_EXISTING_LOCAL_PRICE,2026-05-15,349.010009765625,,,OK_YFINANCE_LATEST_AVAILABLE,2026-05-26,355.739990234375,2215100.0,OK_LATEST_AVAILABLE,ACCEPT_LATEST_DATE,2026-05-26,True,False,False,False,B_MAIN_COMPUTE_NOT_TOP10,WATCH_MAIN_COMPUTE_NOT_BUY_CANDIDATE,进入 main compute，但未进入 second stage；观察，不是今日买入候选,2
KLAC,2026-05-27 22:22:57,MAIN_COMPUTE_UNIVERSE,True,True,True,False,True,OK_EXISTING_LOCAL_PRICE,2026-05-15,1804.3199462890625,,,OK_YFINANCE_LATEST_AVAILABLE,2026-05-26,2011.3900146484373,1150300.0,OK_LATEST_AVAILABLE,ACCEPT_LATEST_DATE,2026-05-26,True,False,False,False,B_MAIN_COMPUTE_NOT_TOP10,WATCH_MAIN_COMPUTE_NOT_BUY_CANDIDATE,进入 main compute，但未进入 second stage；观察，不是今日买入候选,2
KLIC,2026-05-27 22:22:57,MAIN_COMPUTE_UNIVERSE,True,True,True,False,True,OK_EXISTING_LOCAL_PRICE,2026-05-15,102.04000091552734,,,OK_YFINANCE_LATEST_AVAILABLE,2026-05-26,108.56999969482422,731000.0,OK_LATEST_AVAILABLE,ACCEPT_LATEST_DATE,2026-05-26,True,False,False,False,B_MAIN_COMPUTE_NOT_TOP10,WATCH_MAIN_COMPUTE_NOT_BUY_CANDIDATE,进入 main compute，但未进入 second stage；观察，不是今日买入候选,2
LITE,2026-05-27 22:22:57,MAIN_COMPUTE_UNIVERSE,True,True,True,False,True,OK_EXISTING_LOCAL_PRICE,2026-05-15,970.7000122070312,,,OK_YFINANCE_LATEST_AVAILABLE,2026-05-26,910.8099975585938,5189200.0,OK_LATEST_AVAILABLE,ACCEPT_LATEST_DATE,2026-05-26,True,False,False,False,B_MAIN_COMPUTE_NOT_TOP10,WATCH_MAIN_COMPUTE_NOT_BUY_CANDIDATE,进入 main compute，但未进入 second stage；观察，不是今日买入候选,2
LRCX,2026-05-27 22:22:57,MAIN_COMPUTE_UNIVERSE,True,True,True,False,True,OK_EXISTING_LOCAL_PRICE,2026-05-15,284.7200012207031,,,OK_YFINANCE_LATEST_AVAILABLE,2026-05-26,322.67999267578125,9763600.0,OK_LATEST_AVAILABLE,ACCEPT_LATEST_DATE,2026-05-26,True,False,False,False,B_MAIN_COMPUTE_NOT_TOP10,WATCH_MAIN_COMPUTE_NOT_BUY_CANDIDATE,进入 main compute，但未进入 second stage；观察，不是今日买入候选,2
MCHP,2026-05-27 22:22:57,MAIN_COMPUTE_UNIVERSE,True,True,True,False,True,OK_EXISTING_LOCAL_PRICE,2026-05-15,93.8499984741211,,,OK_YFINANCE_LATEST_AVAILABLE,2026-05-26,98.0500030517578,13087000.0,OK_LATEST_AVAILABLE,ACCEPT_LATEST_DATE,2026-05-26,True,False,False,False,B_MAIN_COMPUTE_NOT_TOP10,WATCH_MAIN_COMPUTE_NOT_BUY_CANDIDATE,进入 main compute，但未进入 second stage；观察，不是今日买入候选,2
MDB,2026-05-27 22:22:57,MAIN_COMPUTE_UNIVERSE,True,True,True,False,True,OK_EXISTING_LOCAL_PRICE,2026-05-15,312.1600036621094,,,OK_YFINANCE_LATEST_AVAILABLE,2026-05-26,307.3500061035156,3216500.0,OK_LATEST_AVAILABLE,ACCEPT_LATEST_DATE,2026-05-26,True,False,False,False,B_MAIN_COMPUTE_NOT_TOP10,WATCH_MAIN_COMPUTE_NOT_BUY_CANDIDATE,进入 main compute，但未进入 second stage；观察，不是今日买入候选,2
META,2026-05-27 22:22:57,MAIN_COMPUTE_UNIVERSE,True,True,True,False,True,OK_EXISTING_LOCAL_PRICE,2026-05-15,614.22998046875,,,OK_YFINANCE_LATEST_AVAILABLE,2026-05-26,612.3400268554688,12214300.0,OK_LATEST_AVAILABLE,ACCEPT_LATEST_DATE,2026-05-26,True,False,False,False,B_MAIN_COMPUTE_NOT_TOP10,WATCH_MAIN_COMPUTE_NOT_BUY_CANDIDATE,进入 main compute，但未进入 second stage；观察，不是今日买入候选,2
MKSI,2026-05-27 22:22:57,MAIN_COMPUTE_UNIVERSE,True,True,True,False,True,OK_EXISTING_LOCAL_PRICE,2026-05-15,303.1700134277344,,,OK_YFINANCE_LATEST_AVAILABLE,2026-05-26,334.1099853515625,861100.0,OK_LATEST_AVAILABLE,ACCEPT_LATEST_DATE,2026-05-26,True,False,False,False,B_MAIN_COMPUTE_NOT_TOP10,WATCH_MAIN_COMPUTE_NOT_BUY_CANDIDATE,进入 main compute，但未进入 second stage；观察，不是今日买入候选,2
MOD,2026-05-27 22:22:57,MAIN_COMPUTE_UNIVERSE,True,True,True,False,True,OK_EXISTING_LOCAL_PRICE,2026-05-15,271.260009765625,,,OK_YFINANCE_LATEST_AVAILABLE,2026-05-26,295.8800048828125,3627100.0,OK_LATEST_AVAILABLE,ACCEPT_LATEST_DATE,2026-05-26,True,False,False,False,B_MAIN_COMPUTE_NOT_TOP10,WATCH_MAIN_COMPUTE_NOT_BUY_CANDIDATE,进入 main compute，但未进入 second stage；观察，不是今日买入候选,2
MPWR,2026-05-27 22:22:57,MAIN_COMPUTE_UNIVERSE,True,True,True,False,True,OK_EXISTING_LOCAL_PRICE,2026-05-15,1550.02001953125,,,OK_YFINANCE_LATEST_AVAILABLE,2026-05-26,1662.97998046875,821400.0,OK_LATEST_AVAILABLE,ACCEPT_LATEST_DATE,2026-05-26,True,False,False,False,B_MAIN_COMPUTE_NOT_TOP10,WATCH_MAIN_COMPUTE_NOT_BUY_CANDIDATE,进入 main compute，但未进入 second stage；观察，不是今日买入候选,2
MRVL,2026-05-27 22:22:57,MAIN_COMPUTE_UNIVERSE,True,True,True,False,True,OK_EXISTING_LOCAL_PRICE,2026-05-15,176.88999938964844,,,OK_YFINANCE_LATEST_AVAILABLE,2026-05-26,208.25999450683597,42263800.0,OK_LATEST_AVAILABLE,ACCEPT_LATEST_DATE,2026-05-26,True,False,False,False,B_MAIN_COMPUTE_NOT_TOP10,WATCH_MAIN_COMPUTE_NOT_BUY_CANDIDATE,进入 main compute，但未进入 second stage；观察，不是今日买入候选,2
MSFT,2026-05-27 22:22:57,MAIN_COMPUTE_UNIVERSE,True,True,True,False,True,OK_EXISTING_LOCAL_PRICE,2026-05-15,421.9200134277344,,,OK_YFINANCE_LATEST_AVAILABLE,2026-05-26,416.0299987792969,30356600.0,OK_LATEST_AVAILABLE,ACCEPT_LATEST_DATE,2026-05-26,True,False,False,False,B_MAIN_COMPUTE_NOT_TOP10,WATCH_MAIN_COMPUTE_NOT_BUY_CANDIDATE,进入 main compute，但未进入 second stage；观察，不是今日买入候选,2
MU,2026-05-27 22:22:57,MAIN_COMPUTE_UNIVERSE,True,True,True,False,True,OK_EXISTING_LOCAL_PRICE,2026-05-15,724.6599731445312,,,OK_YFINANCE_LATEST_AVAILABLE,2026-05-26,895.8800048828125,75733400.0,OK_LATEST_AVAILABLE,ACCEPT_LATEST_DATE,2026-05-26,True,False,False,False,B_MAIN_COMPUTE_NOT_TOP10,WATCH_MAIN_COMPUTE_NOT_BUY_CANDIDATE,进入 main compute，但未进入 second stage；观察，不是今日买入候选,2
NET,2026-05-27 22:22:57,MAIN_COMPUTE_UNIVERSE,True,True,True,False,True,OK_EXISTING_LOCAL_PRICE,2026-05-15,197.5599975585937,,,OK_YFINANCE_LATEST_AVAILABLE,2026-05-26,217.5399932861328,3458300.0,OK_LATEST_AVAILABLE,ACCEPT_LATEST_DATE,2026-05-26,True,False,False,False,B_MAIN_COMPUTE_NOT_TOP10,WATCH_MAIN_COMPUTE_NOT_BUY_CANDIDATE,进入 main compute，但未进入 second stage；观察，不是今日买入候选,2
NOW,2026-05-27 22:22:57,MAIN_COMPUTE_UNIVERSE,True,True,True,False,True,OK_EXISTING_LOCAL_PRICE,2026-05-15,95.06999969482422,,,OK_YFINANCE_LATEST_AVAILABLE,2026-05-26,99.91999816894533,23488000.0,OK_LATEST_AVAILABLE,ACCEPT_LATEST_DATE,2026-05-26,True,False,False,False,B_MAIN_COMPUTE_NOT_TOP10,WATCH_MAIN_COMPUTE_NOT_BUY_CANDIDATE,进入 main compute，但未进入 second stage；观察，不是今日买入候选,2
NTAP,2026-05-27 22:22:57,MAIN_COMPUTE_UNIVERSE,True,True,True,False,True,OK_EXISTING_LOCAL_PRICE,2026-05-15,119.93000030517578,,,OK_YFINANCE_LATEST_AVAILABLE,2026-05-26,138.9499969482422,6060700.0,OK_LATEST_AVAILABLE,ACCEPT_LATEST_DATE,2026-05-26,True,False,False,False,B_MAIN_COMPUTE_NOT_TOP10,WATCH_MAIN_COMPUTE_NOT_BUY_CANDIDATE,进入 main compute，但未进入 second stage；观察，不是今日买入候选,2
NVDA,2026-05-27 22:22:57,MAIN_COMPUTE_UNIVERSE,True,True,True,False,True,OK_EXISTING_LOCAL_PRICE,2026-05-15,225.32000732421875,,,OK_YFINANCE_LATEST_AVAILABLE,2026-05-26,214.8600006103516,186505600.0,OK_LATEST_AVAILABLE,ACCEPT_LATEST_DATE,2026-05-26,True,False,False,False,B_MAIN_COMPUTE_NOT_TOP10,WATCH_MAIN_COMPUTE_NOT_BUY_CANDIDATE,进入 main compute，但未进入 second stage；观察，不是今日买入候选,2
NVT,2026-05-27 22:22:57,MAIN_COMPUTE_UNIVERSE,True,True,True,False,True,OK_EXISTING_LOCAL_PRICE,2026-05-15,169.00999450683594,,,OK_YFINANCE_LATEST_AVAILABLE,2026-05-26,169.2899932861328,1633000.0,OK_LATEST_AVAILABLE,ACCEPT_LATEST_DATE,2026-05-26,True,False,False,False,B_MAIN_COMPUTE_NOT_TOP10,WATCH_MAIN_COMPUTE_NOT_BUY_CANDIDATE,进入 main compute，但未进入 second stage；观察，不是今日买入候选,2
NXPI,2026-05-27 22:22:57,MAIN_COMPUTE_UNIVERSE,True,True,True,False,True,OK_EXISTING_LOCAL_PRICE,2026-05-15,291.5,,,OK_YFINANCE_LATEST_AVAILABLE,2026-05-26,332.6700134277344,4618900.0,OK_LATEST_AVAILABLE,ACCEPT_LATEST_DATE,2026-05-26,True,False,False,False,B_MAIN_COMPUTE_NOT_TOP10,WATCH_MAIN_COMPUTE_NOT_BUY_CANDIDATE,进入 main compute，但未进入 second stage；观察，不是今日买入候选,2
ON,2026-05-27 22:22:57,MAIN_COMPUTE_UNIVERSE,True,True,True,False,True,OK_EXISTING_LOCAL_PRICE,2026-05-15,113.11000061035156,,,OK_YFINANCE_LATEST_AVAILABLE,2026-05-26,127.0,19239100.0,OK_LATEST_AVAILABLE,ACCEPT_LATEST_DATE,2026-05-26,True,False,False,False,B_MAIN_COMPUTE_NOT_TOP10,WATCH_MAIN_COMPUTE_NOT_BUY_CANDIDATE,进入 main compute，但未进入 second stage；观察，不是今日买入候选,2
ORCL,2026-05-27 22:22:57,MAIN_COMPUTE_UNIVERSE,True,True,True,False,True,OK_EXISTING_LOCAL_PRICE,2026-05-15,192.9499969482422,,,OK_YFINANCE_LATEST_AVAILABLE,2026-05-26,193.05999755859372,12828900.0,OK_LATEST_AVAILABLE,ACCEPT_LATEST_DATE,2026-05-26,True,False,False,False,B_MAIN_COMPUTE_NOT_TOP10,WATCH_MAIN_COMPUTE_NOT_BUY_CANDIDATE,进入 main compute，但未进入 second stage；观察，不是今日买入候选,2
PANW,2026-05-27 22:22:57,MAIN_COMPUTE_UNIVERSE,True,True,True,False,True,OK_EXISTING_LOCAL_PRICE,2026-05-15,242.8300018310547,,,OK_YFINANCE_LATEST_AVAILABLE,2026-05-26,256.75,7164000.0,OK_LATEST_AVAILABLE,ACCEPT_LATEST_DATE,2026-05-26,True,False,False,False,B_MAIN_COMPUTE_NOT_TOP10,WATCH_MAIN_COMPUTE_NOT_BUY_CANDIDATE,进入 main compute，但未进入 second stage；观察，不是今日买入候选,2
PLTR,2026-05-27 22:22:57,MAIN_COMPUTE_UNIVERSE,True,True,True,False,True,OK_EXISTING_LOCAL_PRICE,2026-05-15,133.99000549316406,,,OK_YFINANCE_LATEST_AVAILABLE,2026-05-26,136.60000610351562,31568400.0,OK_LATEST_AVAILABLE,ACCEPT_LATEST_DATE,2026-05-26,True,False,False,False,B_MAIN_COMPUTE_NOT_TOP10,WATCH_MAIN_COMPUTE_NOT_BUY_CANDIDATE,进入 main compute，但未进入 second stage；观察，不是今日买入候选,2
POWL,2026-05-27 22:22:57,MAIN_COMPUTE_UNIVERSE,True,True,True,False,True,OK_EXISTING_LOCAL_PRICE,2026-05-15,292.6499938964844,,,OK_YFINANCE_LATEST_AVAILABLE,2026-05-26,291.9700012207031,487400.0,OK_LATEST_AVAILABLE,ACCEPT_LATEST_DATE,2026-05-26,True,False,False,False,B_MAIN_COMPUTE_NOT_TOP10,WATCH_MAIN_COMPUTE_NOT_BUY_CANDIDATE,进入 main compute，但未进入 second stage；观察，不是今日买入候选,2
PSTG,2026-05-27 22:22:57,MAIN_COMPUTE_UNIVERSE,True,True,True,False,True,OK_EXISTING_LOCAL_PRICE,2026-05-15,81.18000030517578,,,OK_YFINANCE_LATEST_AVAILABLE,2026-05-26,88.3499984741211,5108386.0,OK_LATEST_AVAILABLE,ACCEPT_LATEST_DATE,2026-05-26,True,False,False,False,B_MAIN_COMPUTE_NOT_TOP10,WATCH_MAIN_COMPUTE_NOT_BUY_CANDIDATE,进入 main compute，但未进入 second stage；观察，不是今日买入候选,2
PWR,2026-05-27 22:22:57,MAIN_COMPUTE_UNIVERSE,True,True,True,False,True,OK_EXISTING_LOCAL_PRICE,2026-05-15,769.989990234375,,,OK_YFINANCE_LATEST_AVAILABLE,2026-05-26,742.1799926757812,881700.0,OK_LATEST_AVAILABLE,ACCEPT_LATEST_DATE,2026-05-26,True,False,False,False,B_MAIN_COMPUTE_NOT_TOP10,WATCH_MAIN_COMPUTE_NOT_BUY_CANDIDATE,进入 main compute，但未进入 second stage；观察，不是今日买入候选,2
QCOM,2026-05-27 22:22:57,MAIN_COMPUTE_UNIVERSE,True,True,True,False,True,OK_EXISTING_LOCAL_PRICE,2026-05-15,201.4900054931641,,,OK_YFINANCE_LATEST_AVAILABLE,2026-05-26,248.82000732421875,30600000.0,OK_LATEST_AVAILABLE,ACCEPT_LATEST_DATE,2026-05-26,True,False,False,False,B_MAIN_COMPUTE_NOT_TOP10,WATCH_MAIN_COMPUTE_NOT_BUY_CANDIDATE,进入 main compute，但未进入 second stage；观察，不是今日买入候选,2
QQQ,2026-05-27 22:22:57,MAIN_COMPUTE_UNIVERSE,True,True,True,False,True,OK_EXISTING_LOCAL_PRICE,2026-05-15,708.9299926757812,BENCHMARK_OR_CORE_ETF,,OK_YFINANCE_LATEST_AVAILABLE,2026-05-26,730.280029296875,34068000.0,OK_LATEST_AVAILABLE,ACCEPT_LATEST_DATE,2026-05-26,True,False,False,False,B_MAIN_COMPUTE_NOT_TOP10,WATCH_MAIN_COMPUTE_NOT_BUY_CANDIDATE,进入 main compute，但未进入 second stage；观察，不是今日买入候选,2
SANM,2026-05-27 22:22:57,MAIN_COMPUTE_UNIVERSE,True,True,True,False,True,OK_EXISTING_LOCAL_PRICE,2026-05-15,235.33999633789065,,,OK_YFINANCE_LATEST_AVAILABLE,2026-05-26,259.9700012207031,884000.0,OK_LATEST_AVAILABLE,ACCEPT_LATEST_DATE,2026-05-26,True,False,False,False,B_MAIN_COMPUTE_NOT_TOP10,WATCH_MAIN_COMPUTE_NOT_BUY_CANDIDATE,进入 main compute，但未进入 second stage；观察，不是今日买入候选,2
SMCI,2026-05-27 22:22:57,MAIN_COMPUTE_UNIVERSE,True,True,True,False,True,OK_EXISTING_LOCAL_PRICE,2026-05-15,31.040000915527344,,,OK_YFINANCE_LATEST_AVAILABLE,2026-05-26,37.09999847412109,42950800.0,OK_LATEST_AVAILABLE,ACCEPT_LATEST_DATE,2026-05-26,True,False,False,False,B_MAIN_COMPUTE_NOT_TOP10,WATCH_MAIN_COMPUTE_NOT_BUY_CANDIDATE,进入 main compute，但未进入 second stage；观察，不是今日买入候选,2
SMH,2026-05-27 22:22:57,MAIN_COMPUTE_UNIVERSE,True,True,True,False,True,OK_EXISTING_LOCAL_PRICE,2026-05-15,556.3400268554688,BENCHMARK_OR_CORE_ETF,,OK_YFINANCE_LATEST_AVAILABLE,2026-05-26,602.1400146484375,9956400.0,OK_LATEST_AVAILABLE,ACCEPT_LATEST_DATE,2026-05-26,True,False,False,False,B_MAIN_COMPUTE_NOT_TOP10,WATCH_MAIN_COMPUTE_NOT_BUY_CANDIDATE,进入 main compute，但未进入 second stage；观察，不是今日买入候选,2
SNDK,2026-05-27 22:22:57,MAIN_COMPUTE_UNIVERSE,True,True,True,False,True,OK_EXISTING_LOCAL_PRICE,2026-05-15,1407.6099853515625,,,OK_YFINANCE_LATEST_AVAILABLE,2026-05-26,1589.550048828125,12811900.0,OK_LATEST_AVAILABLE,ACCEPT_LATEST_DATE,2026-05-26,True,False,False,False,B_MAIN_COMPUTE_NOT_TOP10,WATCH_MAIN_COMPUTE_NOT_BUY_CANDIDATE,进入 main compute，但未进入 second stage；观察，不是今日买入候选,2
SNOW,2026-05-27 22:22:57,MAIN_COMPUTE_UNIVERSE,True,True,True,False,True,OK_EXISTING_LOCAL_PRICE,2026-05-15,157.47000122070312,,,OK_YFINANCE_LATEST_AVAILABLE,2026-05-26,177.60000610351562,12353100.0,OK_LATEST_AVAILABLE,ACCEPT_LATEST_DATE,2026-05-26,True,False,False,False,B_MAIN_COMPUTE_NOT_TOP10,WATCH_MAIN_COMPUTE_NOT_BUY_CANDIDATE,进入 main compute，但未进入 second stage；观察，不是今日买入候选,2
SOXL,2026-05-27 22:22:57,MAIN_COMPUTE_UNIVERSE,True,True,True,False,True,OK_EXISTING_LOCAL_PRICE,2026-05-15,164.17999267578125,LEVERAGED_ETF_WATCH_ONLY,,OK_YFINANCE_LATEST_AVAILABLE,2026-05-26,225.7899932861328,51778000.0,OK_LATEST_AVAILABLE,ACCEPT_LATEST_DATE,2026-05-26,True,False,False,False,B_MAIN_COMPUTE_NOT_TOP10,WATCH_MAIN_COMPUTE_NOT_BUY_CANDIDATE,进入 main compute，但未进入 second stage；观察，不是今日买入候选,2
SOXX,2026-05-27 22:22:57,MAIN_COMPUTE_UNIVERSE,True,True,True,False,True,OK_EXISTING_LOCAL_PRICE,2026-05-15,508.5199890136719,BENCHMARK_OR_CORE_ETF,,OK_YFINANCE_LATEST_AVAILABLE,2026-05-26,570.0900268554688,8827400.0,OK_LATEST_AVAILABLE,ACCEPT_LATEST_DATE,2026-05-26,True,False,False,False,B_MAIN_COMPUTE_NOT_TOP10,WATCH_MAIN_COMPUTE_NOT_BUY_CANDIDATE,进入 main compute，但未进入 second stage；观察，不是今日买入候选,2
SPY,2026-05-27 22:22:57,MAIN_COMPUTE_UNIVERSE,True,True,True,False,True,OK_EXISTING_LOCAL_PRICE,2026-05-15,739.1699829101562,BENCHMARK_OR_CORE_ETF,,OK_YFINANCE_LATEST_AVAILABLE,2026-05-26,750.5900268554688,40962700.0,OK_LATEST_AVAILABLE,ACCEPT_LATEST_DATE,2026-05-26,True,False,False,False,B_MAIN_COMPUTE_NOT_TOP10,WATCH_MAIN_COMPUTE_NOT_BUY_CANDIDATE,进入 main compute，但未进入 second stage；观察，不是今日买入候选,2
STX,2026-05-27 22:22:57,MAIN_COMPUTE_UNIVERSE,True,True,True,False,True,OK_EXISTING_LOCAL_PRICE,2026-05-15,795.469970703125,,,OK_YFINANCE_LATEST_AVAILABLE,2026-05-26,845.760009765625,3425900.0,OK_LATEST_AVAILABLE,ACCEPT_LATEST_DATE,2026-05-26,True,False,False,False,B_MAIN_COMPUTE_NOT_TOP10,WATCH_MAIN_COMPUTE_NOT_BUY_CANDIDATE,进入 main compute，但未进入 second stage；观察，不是今日买入候选,2
TER,2026-05-27 22:22:57,MAIN_COMPUTE_UNIVERSE,True,True,True,False,True,OK_EXISTING_LOCAL_PRICE,2026-05-15,337.8800048828125,,,OK_YFINANCE_LATEST_AVAILABLE,2026-05-26,389.1400146484375,4005700.0,OK_LATEST_AVAILABLE,ACCEPT_LATEST_DATE,2026-05-26,True,False,False,False,B_MAIN_COMPUTE_NOT_TOP10,WATCH_MAIN_COMPUTE_NOT_BUY_CANDIDATE,进入 main compute，但未进入 second stage；观察，不是今日买入候选,2
TQQQ,2026-05-27 22:22:57,MAIN_COMPUTE_UNIVERSE,True,True,True,False,True,OK_EXISTING_LOCAL_PRICE,2026-05-15,75.33999633789062,LEVERAGED_ETF_WATCH_ONLY,,OK_YFINANCE_LATEST_AVAILABLE,2026-05-26,81.94999694824219,61961300.0,OK_LATEST_AVAILABLE,ACCEPT_LATEST_DATE,2026-05-26,True,False,False,False,B_MAIN_COMPUTE_NOT_TOP10,WATCH_MAIN_COMPUTE_NOT_BUY_CANDIDATE,进入 main compute，但未进入 second stage；观察，不是今日买入候选,2
TSLA,2026-05-27 22:22:57,MAIN_COMPUTE_UNIVERSE,True,True,True,False,True,OK_EXISTING_LOCAL_PRICE,2026-05-15,422.239990234375,,,OK_YFINANCE_LATEST_AVAILABLE,2026-05-26,433.5899963378906,45401300.0,OK_LATEST_AVAILABLE,ACCEPT_LATEST_DATE,2026-05-26,True,False,False,False,B_MAIN_COMPUTE_NOT_TOP10,WATCH_MAIN_COMPUTE_NOT_BUY_CANDIDATE,进入 main compute，但未进入 second stage；观察，不是今日买入候选,2
TSM,2026-05-27 22:22:57,MAIN_COMPUTE_UNIVERSE,True,True,True,False,True,OK_EXISTING_LOCAL_PRICE,2026-05-15,404.3500061035156,,,OK_YFINANCE_LATEST_AVAILABLE,2026-05-26,412.3200073242188,10062900.0,OK_LATEST_AVAILABLE,ACCEPT_LATEST_DATE,2026-05-26,True,False,False,False,B_MAIN_COMPUTE_NOT_TOP10,WATCH_MAIN_COMPUTE_NOT_BUY_CANDIDATE,进入 main compute，但未进入 second stage；观察，不是今日买入候选,2
TXN,2026-05-27 22:22:57,MAIN_COMPUTE_UNIVERSE,True,True,True,False,True,OK_EXISTING_LOCAL_PRICE,2026-05-15,302.7300109863281,,,OK_YFINANCE_LATEST_AVAILABLE,2026-05-26,324.8900146484375,8480000.0,OK_LATEST_AVAILABLE,ACCEPT_LATEST_DATE,2026-05-26,True,False,False,False,B_MAIN_COMPUTE_NOT_TOP10,WATCH_MAIN_COMPUTE_NOT_BUY_CANDIDATE,进入 main compute，但未进入 second stage；观察，不是今日买入候选,2
VECO,2026-05-27 22:22:57,MAIN_COMPUTE_UNIVERSE,True,True,True,False,True,OK_EXISTING_LOCAL_PRICE,2026-05-15,58.63999938964844,,,OK_YFINANCE_LATEST_AVAILABLE,2026-05-26,62.47999954223633,964300.0,OK_LATEST_AVAILABLE,ACCEPT_LATEST_DATE,2026-05-26,True,False,False,False,B_MAIN_COMPUTE_NOT_TOP10,WATCH_MAIN_COMPUTE_NOT_BUY_CANDIDATE,进入 main compute，但未进入 second stage；观察，不是今日买入候选,2
VRT,2026-05-27 22:22:57,MAIN_COMPUTE_UNIVERSE,True,True,True,False,True,OK_EXISTING_LOCAL_PRICE,2026-05-15,370.9400024414063,,,OK_YFINANCE_LATEST_AVAILABLE,2026-05-26,323.9100036621094,6499300.0,OK_LATEST_AVAILABLE,ACCEPT_LATEST_DATE,2026-05-26,True,False,False,False,B_MAIN_COMPUTE_NOT_TOP10,WATCH_MAIN_COMPUTE_NOT_BUY_CANDIDATE,进入 main compute，但未进入 second stage；观察，不是今日买入候选,2
VST,2026-05-27 22:22:57,MAIN_COMPUTE_UNIVERSE,True,True,True,False,True,OK_EXISTING_LOCAL_PRICE,2026-05-15,139.67999267578125,,,OK_YFINANCE_LATEST_AVAILABLE,2026-05-26,164.55999755859375,8511800.0,OK_LATEST_AVAILABLE,ACCEPT_LATEST_DATE,2026-05-26,True,False,False,False,B_MAIN_COMPUTE_NOT_TOP10,WATCH_MAIN_COMPUTE_NOT_BUY_CANDIDATE,进入 main compute，但未进入 second stage；观察，不是今日买入候选,2
WDC,2026-05-27 22:22:57,MAIN_COMPUTE_UNIVERSE,True,True,True,False,True,OK_EXISTING_LOCAL_PRICE,2026-05-15,482.0199890136719,,,OK_YFINANCE_LATEST_AVAILABLE,2026-05-26,524.6500244140625,7538300.0,OK_LATEST_AVAILABLE,ACCEPT_LATEST_DATE,2026-05-26,True,False,False,False,B_MAIN_COMPUTE_NOT_TOP10,WATCH_MAIN_COMPUTE_NOT_BUY_CANDIDATE,进入 main compute，但未进入 second stage；观察，不是今日买入候选,2
XLK,2026-05-27 22:22:57,MAIN_COMPUTE_UNIVERSE,True,True,True,False,True,OK_EXISTING_LOCAL_PRICE,2026-05-15,176.25999450683594,BENCHMARK_OR_CORE_ETF,,OK_YFINANCE_LATEST_AVAILABLE,2026-05-26,185.13999938964844,12485800.0,OK_LATEST_AVAILABLE,ACCEPT_LATEST_DATE,2026-05-26,True,False,False,False,B_MAIN_COMPUTE_NOT_TOP10,WATCH_MAIN_COMPUTE_NOT_BUY_CANDIDATE,进入 main compute，但未进入 second stage；观察，不是今日买入候选,2
ZS,2026-05-27 22:22:57,MAIN_COMPUTE_UNIVERSE,True,True,True,False,True,OK_EXISTING_LOCAL_PRICE,2026-05-15,161.0500030517578,,,OK_YFINANCE_LATEST_AVAILABLE,2026-05-26,184.6000061035156,10303400.0,OK_LATEST_AVAILABLE,ACCEPT_LATEST_DATE,2026-05-26,True,False,False,False,B_MAIN_COMPUTE_NOT_TOP10,WATCH_MAIN_COMPUTE_NOT_BUY_CANDIDATE,进入 main compute，但未进入 second stage；观察，不是今日买入候选,2
