ticker,yf_ticker,price_date,close,bb_mid_20,bb_upper_20_2,bb_lower_20_2,bb_percent_b,bb_bandwidth,bb_squeeze_flag,bb_status,rsi_14,rsi_status,kdj_k,kdj_d,kdj_j,kdj_status,volume_ratio_5_20,overheat_penalty,pullback_timing_bonus,breakout_confirmation_bonus,technical_timing_score,technical_signal,technical_warning_label,option_data_status,put_call_ratio,iv_rank_proxy,gamma_squeeze_status,gamma_squeeze_risk_label,official_decision_impact,vix_date,vix_close,vix_regime
AA,AA,2026-05-20,64.14,64.3,68.1273,60.4727,0.4791,0.119,True,BB_MID,47.7932,RSI_NEUTRAL,35.8861,41.3147,25.0287,KDJ_NEUTRAL,1.0248,0,0,0,50.0,TECH_TIMING_NEUTRAL,NONE,NOT_AVAILABLE_RESERVED,,,NOT_AVAILABLE_RESERVED,NOT_AVAILABLE_RESERVED,NONE,2026-05-20,17.44,VIX_NORMAL
AAL,AAL,2026-05-20,12.95,12.314,13.4749,11.1531,0.7739,0.1886,False,BB_UPPER_HALF,58.8143,RSI_NEUTRAL,42.9715,46.5043,35.9061,KDJ_NEUTRAL,1.168,0,0,0,50.0,TECH_TIMING_NEUTRAL,NONE,NOT_AVAILABLE_RESERVED,,,NOT_AVAILABLE_RESERVED,NOT_AVAILABLE_RESERVED,NONE,2026-05-20,17.44,VIX_NORMAL
AAPL,AAPL,2026-05-18,297.84,282.786,306.7543,258.8177,0.814,0.1695,False,BB_UPPER_HALF,71.3547,RSI_OVERHEAT,85.359,87.5549,80.9672,KDJ_HIGH_DEAD_CROSS,0.9234,20,0,0,30.0,TECH_TIMING_NEUTRAL,RSI_OVERHEAT;KDJ_HIGH_DEAD_CROSS,NOT_AVAILABLE_RESERVED,,,NOT_AVAILABLE_RESERVED,NOT_AVAILABLE_RESERVED,NONE,2026-05-18,17.82,VIX_NORMAL
ABR,ABR,2026-05-20,5.78,7.1345,9.182,5.087,0.1692,0.574,False,BB_LOWER_HALF,27.2445,RSI_OVERSOLD,7.8789,11.9112,-0.1856,KDJ_EXTREME_OVERSOLD,1.0031,0,22,0,72.0,TECH_TIMING_WATCH_POSITIVE,NONE,NOT_AVAILABLE_RESERVED,,,NOT_AVAILABLE_RESERVED,NOT_AVAILABLE_RESERVED,NONE,2026-05-20,17.44,VIX_NORMAL
ACLS,ACLS,2026-05-18,146.24,148.3245,173.1304,123.5186,0.458,0.3345,False,BB_MID,54.3198,RSI_NEUTRAL,47.4754,63.4689,15.4884,KDJ_NEUTRAL,0.719,0,0,0,50.0,TECH_TIMING_NEUTRAL,NONE,NOT_AVAILABLE_RESERVED,,,NOT_AVAILABLE_RESERVED,NOT_AVAILABLE_RESERVED,NONE,2026-05-18,17.82,VIX_NORMAL
ACM,ACM,2026-05-18,71.49,79.488,90.1819,68.7941,0.126,0.2691,False,BB_LOWER_HALF,26.638,RSI_OVERSOLD,19.9267,22.596,14.5882,KDJ_NEUTRAL,1.5309,0,14,4,68.0,TECH_TIMING_WATCH_POSITIVE,NONE,NOT_AVAILABLE_RESERVED,,,NOT_AVAILABLE_RESERVED,NOT_AVAILABLE_RESERVED,NONE,2026-05-18,17.82,VIX_NORMAL
ACMR,ACMR,2026-05-18,63.25,56.603,67.6622,45.5438,0.8005,0.3908,False,BB_UPPER_HALF,65.8216,RSI_STRONG,74.8289,74.9681,74.5504,KDJ_HIGH_DEAD_CROSS,1.5598,10,0,4,44.0,TECH_TIMING_NEUTRAL,KDJ_HIGH_DEAD_CROSS,NOT_AVAILABLE_RESERVED,,,NOT_AVAILABLE_RESERVED,NOT_AVAILABLE_RESERVED,NONE,2026-05-18,17.82,VIX_NORMAL
ADBE,ADBE,2026-05-20,253.37,247.4135,260.8726,233.9544,0.7213,0.1088,False,BB_UPPER_HALF,54.3882,RSI_NEUTRAL,61.6826,55.1764,74.6952,KDJ_NEUTRAL,1.1198,0,0,0,50.0,TECH_TIMING_NEUTRAL,NONE,NOT_AVAILABLE_RESERVED,,,NOT_AVAILABLE_RESERVED,NOT_AVAILABLE_RESERVED,NONE,2026-05-20,17.44,VIX_NORMAL
ADMA,ADMA,2026-05-20,8.56,9.4975,11.8824,7.1126,0.3035,0.5022,False,BB_LOWER_HALF,35.7521,RSI_WEAK,52.5807,39.0153,79.7114,KDJ_NEUTRAL,0.5079,0,14,0,64.0,TECH_TIMING_PULLBACK_WATCH,NONE,NOT_AVAILABLE_RESERVED,,,NOT_AVAILABLE_RESERVED,NOT_AVAILABLE_RESERVED,NONE,2026-05-20,17.44,VIX_NORMAL
ADSK,ADSK,2026-05-20,243.63,239.792,251.7359,227.8481,0.6607,0.0996,False,BB_UPPER_HALF,53.3466,RSI_NEUTRAL,56.7356,48.0476,74.1115,KDJ_NEUTRAL,0.9704,0,0,0,50.0,TECH_TIMING_NEUTRAL,NONE,NOT_AVAILABLE_RESERVED,,,NOT_AVAILABLE_RESERVED,NOT_AVAILABLE_RESERVED,NONE,2026-05-20,17.44,VIX_NORMAL
AEHR,AEHR,2026-05-18,83.57,93.7405,107.8158,79.6652,0.1387,0.3003,True,BB_LOWER_HALF,48.2691,RSI_NEUTRAL,51.55,65.5131,23.6238,KDJ_HIGH_DEAD_CROSS,0.9751,10,8,0,48.0,TECH_TIMING_NEUTRAL,KDJ_HIGH_DEAD_CROSS,NOT_AVAILABLE_RESERVED,,,NOT_AVAILABLE_RESERVED,NOT_AVAILABLE_RESERVED,NONE,2026-05-18,17.82,VIX_NORMAL
AEIS,AEIS,2026-05-20,313.05,354.403,409.2921,299.5139,0.1233,0.3098,False,BB_LOWER_HALF,37.4861,RSI_WEAK,19.5958,20.1475,18.4922,KDJ_NEUTRAL,1.3874,0,14,4,68.0,TECH_TIMING_WATCH_POSITIVE,NONE,NOT_AVAILABLE_RESERVED,,,NOT_AVAILABLE_RESERVED,NOT_AVAILABLE_RESERVED,NONE,2026-05-20,17.44,VIX_NORMAL
AEVA,AEVA,2026-05-20,21.11,17.0737,21.97,12.1775,0.9122,0.5735,False,BB_NEAR_UPPER,64.6479,RSI_STRONG,78.5587,74.3824,86.9113,KDJ_NEUTRAL,1.0224,10,0,0,40.0,TECH_TIMING_NEUTRAL,BB_NEAR_UPPER,NOT_AVAILABLE_RESERVED,,,NOT_AVAILABLE_RESERVED,NOT_AVAILABLE_RESERVED,NONE,2026-05-20,17.44,VIX_NORMAL
AFRM,AFRM,2026-05-20,67.12,65.338,68.4924,62.1836,0.7825,0.0966,True,BB_UPPER_HALF,58.744,RSI_NEUTRAL,53.4065,51.1417,57.9362,KDJ_GOLDEN_CROSS,0.8424,0,0,0,50.0,TECH_TIMING_NEUTRAL,NONE,NOT_AVAILABLE_RESERVED,,,NOT_AVAILABLE_RESERVED,NOT_AVAILABLE_RESERVED,NONE,2026-05-20,17.44,VIX_NORMAL
AGX,AGX,2026-05-20,630.5,680.0555,749.3868,610.7242,0.1426,0.2039,False,BB_LOWER_HALF,45.5013,RSI_NEUTRAL,32.0243,48.5551,-1.0374,KDJ_NEUTRAL,1.0493,0,8,0,58.0,TECH_TIMING_NEUTRAL,NONE,NOT_AVAILABLE_RESERVED,,,NOT_AVAILABLE_RESERVED,NOT_AVAILABLE_RESERVED,NONE,2026-05-20,17.44,VIX_NORMAL
ALAB,ALAB,2026-05-18,215.58,205.484,231.6368,179.3312,0.693,0.2545,False,BB_UPPER_HALF,59.9046,RSI_NEUTRAL,67.6325,66.385,70.1275,KDJ_NEUTRAL,0.9414,0,0,0,50.0,TECH_TIMING_NEUTRAL,NONE,NOT_AVAILABLE_RESERVED,,,NOT_AVAILABLE_RESERVED,NOT_AVAILABLE_RESERVED,NONE,2026-05-18,17.82,VIX_NORMAL
ALM,ALM,2026-05-20,17.64,19.9633,23.2599,16.6666,0.1476,0.3303,False,BB_LOWER_HALF,42.8612,RSI_WEAK,19.6542,24.0999,10.763,KDJ_NEUTRAL,0.993,0,14,0,64.0,TECH_TIMING_PULLBACK_WATCH,NONE,NOT_AVAILABLE_RESERVED,,,NOT_AVAILABLE_RESERVED,NOT_AVAILABLE_RESERVED,NONE,2026-05-20,17.44,VIX_NORMAL
AMAT,AMAT,2026-05-18,413.57,412.4985,453.0869,371.9101,0.5132,0.1968,False,BB_MID,52.1777,RSI_NEUTRAL,59.0226,71.2311,34.6057,KDJ_HIGH_DEAD_CROSS,1.4156,10,0,4,44.0,TECH_TIMING_NEUTRAL,KDJ_HIGH_DEAD_CROSS,NOT_AVAILABLE_RESERVED,,,NOT_AVAILABLE_RESERVED,NOT_AVAILABLE_RESERVED,NONE,2026-05-18,17.82,VIX_NORMAL
AMC,AMC,2026-05-21,1.559999942779541,1.483,1.716589,1.249411,0.664819,0.315023,False,BB_UPPER_HALF,56.470583,RSI_NEUTRAL,61.538451,61.538451,61.538451,KDJ_NEUTRAL,0.889458,0,0,0,50.0,TECH_TIMING_STAGED_REFRESH,STAGED_R25B_NOT_MERGED,NOT_AVAILABLE_RESERVED,,,NOT_AVAILABLE_RESERVED,NOT_AVAILABLE_RESERVED,NONE,,,
AMD,AMD,2026-05-18,420.99,379.014,494.7615,263.2665,0.6813,0.6108,False,BB_UPPER_HALF,66.2294,RSI_STRONG,62.1705,77.1035,32.3046,KDJ_NEUTRAL,0.6578,0,0,0,50.0,TECH_TIMING_NEUTRAL,NONE,NOT_AVAILABLE_RESERVED,,,NOT_AVAILABLE_RESERVED,NOT_AVAILABLE_RESERVED,NONE,2026-05-18,17.82,VIX_NORMAL
AMKR,AMKR,2026-05-18,66.04,72.945,79.199,66.691,-0.052,0.1715,True,BB_BELOW_LOWER,46.1874,RSI_NEUTRAL,29.2564,46.4205,-5.0716,KDJ_NEUTRAL,0.7137,0,8,0,58.0,TECH_TIMING_NEUTRAL,NONE,NOT_AVAILABLE_RESERVED,,,NOT_AVAILABLE_RESERVED,NOT_AVAILABLE_RESERVED,NONE,2026-05-18,17.82,VIX_NORMAL
AMZN,AMZN,2026-05-18,264.86,265.356,278.6811,252.0309,0.4814,0.1004,False,BB_MID,59.2657,RSI_NEUTRAL,32.8394,45.7675,6.9833,KDJ_NEUTRAL,0.8009,0,0,0,50.0,TECH_TIMING_NEUTRAL,NONE,NOT_AVAILABLE_RESERVED,,,NOT_AVAILABLE_RESERVED,NOT_AVAILABLE_RESERVED,NONE,2026-05-18,17.82,VIX_NORMAL
ANET,ANET,2026-05-18,141.71,158.8235,189.9943,127.6527,0.2255,0.3925,False,BB_LOWER_HALF,42.1458,RSI_WEAK,23.4904,21.5495,27.3721,KDJ_LOW_GOLDEN_CROSS,0.9989,0,22,0,72.0,TECH_TIMING_WATCH_POSITIVE,NONE,NOT_AVAILABLE_RESERVED,,,NOT_AVAILABLE_RESERVED,NOT_AVAILABLE_RESERVED,NONE,2026-05-18,17.82,VIX_NORMAL
APG,APG,2026-05-20,42.04,45.2275,50.2721,40.1829,0.1841,0.2231,False,BB_LOWER_HALF,39.6667,RSI_WEAK,15.9922,15.1624,17.6518,KDJ_LOW_GOLDEN_CROSS,0.7772,0,22,0,72.0,TECH_TIMING_WATCH_POSITIVE,NONE,NOT_AVAILABLE_RESERVED,,,NOT_AVAILABLE_RESERVED,NOT_AVAILABLE_RESERVED,NONE,2026-05-20,17.44,VIX_NORMAL
APH,APH,2026-05-18,121.72,138.0995,159.0576,117.1414,0.1092,0.3035,False,BB_LOWER_HALF,35.587,RSI_WEAK,14.6399,15.5281,12.8634,KDJ_OVERSOLD,1.0932,0,22,0,72.0,TECH_TIMING_WATCH_POSITIVE,NONE,NOT_AVAILABLE_RESERVED,,,NOT_AVAILABLE_RESERVED,NOT_AVAILABLE_RESERVED,NONE,2026-05-18,17.82,VIX_NORMAL
APLD,APLD,2026-05-21,48.02000045776367,39.51725,49.385005,29.649496,0.930835,0.499415,False,BB_UPPER_HALF,67.246722,RSI_NEUTRAL,96.661225,96.661225,96.661225,KDJ_NEUTRAL,1.045437,0,0,10,40.0,TECH_TIMING_STAGED_REFRESH,STAGED_R25B_NOT_MERGED,NOT_AVAILABLE_RESERVED,,,NOT_AVAILABLE_RESERVED,NOT_AVAILABLE_RESERVED,NONE,,,
APO,APO,2026-05-20,132.24,129.4875,137.53,121.445,0.6711,0.1242,False,BB_UPPER_HALF,59.3402,RSI_NEUTRAL,63.4137,69.511,51.2191,KDJ_NEUTRAL,0.9299,0,0,0,50.0,TECH_TIMING_NEUTRAL,NONE,NOT_AVAILABLE_RESERVED,,,NOT_AVAILABLE_RESERVED,NOT_AVAILABLE_RESERVED,NONE,2026-05-20,17.44,VIX_NORMAL
APP,APP,2026-05-20,482.28,470.564,506.7009,434.4271,0.6621,0.1536,True,BB_UPPER_HALF,53.5654,RSI_NEUTRAL,56.312,58.8317,51.2727,KDJ_NEUTRAL,0.9417,0,0,0,50.0,TECH_TIMING_NEUTRAL,NONE,NOT_AVAILABLE_RESERVED,,,NOT_AVAILABLE_RESERVED,NOT_AVAILABLE_RESERVED,NONE,2026-05-20,17.44,VIX_NORMAL
ARGT,ARGT,2026-05-20,90.07,90.328,93.5351,87.1209,0.4598,0.071,True,BB_MID,48.8881,RSI_NEUTRAL,41.1839,31.1927,61.1663,KDJ_NEUTRAL,0.7868,0,0,0,50.0,TECH_TIMING_NEUTRAL,NONE,NOT_AVAILABLE_RESERVED,,,NOT_AVAILABLE_RESERVED,NOT_AVAILABLE_RESERVED,NONE,2026-05-20,17.44,VIX_NORMAL
ARM,ARM,2026-05-18,215.12,210.987,238.326,183.648,0.5756,0.2592,False,BB_MID,56.8883,RSI_NEUTRAL,41.3266,45.8828,32.214,KDJ_NEUTRAL,0.7488,0,0,0,50.0,TECH_TIMING_NEUTRAL,NONE,NOT_AVAILABLE_RESERVED,,,NOT_AVAILABLE_RESERVED,NOT_AVAILABLE_RESERVED,NONE,2026-05-18,17.82,VIX_NORMAL
ASML,ASML,2026-05-18,1472.39,1478.2375,1614.6372,1341.8378,0.4786,0.1845,False,BB_MID,49.6605,RSI_NEUTRAL,52.4529,68.8242,19.7103,KDJ_NEUTRAL,0.9781,0,0,0,50.0,TECH_TIMING_NEUTRAL,NONE,NOT_AVAILABLE_RESERVED,,,NOT_AVAILABLE_RESERVED,NOT_AVAILABLE_RESERVED,NONE,2026-05-18,17.82,VIX_NORMAL
AVGO,AVGO,2026-05-18,420.71,419.589,438.571,400.607,0.5295,0.0905,True,BB_MID,56.5242,RSI_NEUTRAL,55.9291,60.8946,45.9979,KDJ_NEUTRAL,0.9361,0,0,0,50.0,TECH_TIMING_NEUTRAL,NONE,NOT_AVAILABLE_RESERVED,,,NOT_AVAILABLE_RESERVED,NOT_AVAILABLE_RESERVED,NONE,2026-05-18,17.82,VIX_NORMAL
AXON,AXON,2026-05-20,398.44,396.4485,417.438,375.459,0.5474,0.1059,True,BB_MID,48.7922,RSI_NEUTRAL,40.9492,38.8325,45.1824,KDJ_LOW_GOLDEN_CROSS,0.8,0,8,0,58.0,TECH_TIMING_NEUTRAL,NONE,NOT_AVAILABLE_RESERVED,,,NOT_AVAILABLE_RESERVED,NOT_AVAILABLE_RESERVED,NONE,2026-05-20,17.44,VIX_NORMAL
BABA,BABA,2026-05-20,134.47,135.385,144.0616,126.7084,0.4473,0.1282,False,BB_MID,49.0346,RSI_NEUTRAL,32.6475,41.9194,14.1035,KDJ_NEUTRAL,1.1101,0,0,0,50.0,TECH_TIMING_NEUTRAL,NONE,NOT_AVAILABLE_RESERVED,,,NOT_AVAILABLE_RESERVED,NOT_AVAILABLE_RESERVED,NONE,2026-05-20,17.44,VIX_NORMAL
BAC,BAC,2026-05-20,51.23,51.7885,54.3573,49.2197,0.3913,0.0992,False,BB_LOWER_HALF,48.6504,RSI_NEUTRAL,31.7665,23.6281,48.0434,KDJ_NEUTRAL,1.27,0,8,4,62.0,TECH_TIMING_NEUTRAL,NONE,NOT_AVAILABLE_RESERVED,,,NOT_AVAILABLE_RESERVED,NOT_AVAILABLE_RESERVED,NONE,2026-05-20,17.44,VIX_NORMAL
BALL,BALL,2026-05-20,56.81,58.7445,63.5785,53.9105,0.2999,0.1646,False,BB_LOWER_HALF,41.5007,RSI_WEAK,20.8814,14.1221,34.4001,KDJ_LOW_GOLDEN_CROSS,0.8375,0,22,0,72.0,TECH_TIMING_WATCH_POSITIVE,NONE,NOT_AVAILABLE_RESERVED,,,NOT_AVAILABLE_RESERVED,NOT_AVAILABLE_RESERVED,NONE,2026-05-20,17.44,VIX_NORMAL
BE,BE,2026-05-18,258.71,266.1885,320.0574,212.3196,0.4306,0.4047,False,BB_MID,53.0266,RSI_NEUTRAL,48.2468,61.8232,21.0941,KDJ_NEUTRAL,0.8729,0,0,0,50.0,TECH_TIMING_NEUTRAL,NONE,NOT_AVAILABLE_RESERVED,,,NOT_AVAILABLE_RESERVED,NOT_AVAILABLE_RESERVED,NONE,2026-05-18,17.82,VIX_NORMAL
BIDU,BIDU,2026-05-20,135.22,133.9055,150.8949,116.9161,0.5387,0.2538,False,BB_MID,52.9189,RSI_NEUTRAL,30.9456,48.4451,-4.0535,KDJ_NEUTRAL,1.1159,0,0,0,50.0,TECH_TIMING_NEUTRAL,NONE,NOT_AVAILABLE_RESERVED,,,NOT_AVAILABLE_RESERVED,NOT_AVAILABLE_RESERVED,NONE,2026-05-20,17.44,VIX_NORMAL
BITF,BITF,2026-05-20,4.235,3.7223,4.8866,2.5579,0.7202,0.6256,False,BB_UPPER_HALF,64.4926,RSI_STRONG,66.7362,72.8675,54.4735,KDJ_NEUTRAL,0.9848,0,0,0,50.0,TECH_TIMING_NEUTRAL,NONE,NOT_AVAILABLE_RESERVED,,,NOT_AVAILABLE_RESERVED,NOT_AVAILABLE_RESERVED,NONE,2026-05-20,17.44,VIX_NORMAL
BKNG,BKNG,2026-05-20,156.95,165.3585,182.7674,147.9496,0.2585,0.2106,False,BB_LOWER_HALF,38.3106,RSI_WEAK,16.4202,12.2699,24.7207,KDJ_LOW_GOLDEN_CROSS,0.9262,0,22,0,72.0,TECH_TIMING_WATCH_POSITIVE,NONE,NOT_AVAILABLE_RESERVED,,,NOT_AVAILABLE_RESERVED,NOT_AVAILABLE_RESERVED,NONE,2026-05-20,17.44,VIX_NORMAL
BLSH,BLSH,2026-05-22,35.18000030517578,39.558,45.987176,33.128824,0.159521,0.325051,False,BB_LOWER_HALF,38.144326,RSI_NEUTRAL,5.172414,5.172414,5.172414,KDJ_NEUTRAL,0.982676,0,10,0,70.0,TECH_TIMING_V18_35D_RECOMPUTE,V18_35D_NOT_MERGED,NOT_AVAILABLE_RESERVED,,,NOT_AVAILABLE_RESERVED,NOT_AVAILABLE_RESERVED,NONE,,,
BLTE,BLTE,2026-05-20,143.36,153.5965,167.2525,139.9405,0.1252,0.1778,False,BB_LOWER_HALF,35.6586,RSI_WEAK,22.704,24.4313,19.2495,KDJ_NEUTRAL,1.6627,0,14,4,68.0,TECH_TIMING_WATCH_POSITIVE,NONE,NOT_AVAILABLE_RESERVED,,,NOT_AVAILABLE_RESERVED,NOT_AVAILABLE_RESERVED,NONE,2026-05-20,17.44,VIX_NORMAL
BN,BN,2026-05-20,45.34,45.4675,47.4879,43.4471,0.4684,0.0889,False,BB_MID,51.3234,RSI_NEUTRAL,24.5648,36.0988,1.4968,KDJ_NEUTRAL,0.9646,0,0,0,50.0,TECH_TIMING_NEUTRAL,NONE,NOT_AVAILABLE_RESERVED,,,NOT_AVAILABLE_RESERVED,NOT_AVAILABLE_RESERVED,NONE,2026-05-20,17.44,VIX_NORMAL
BSX,BSX,2026-05-20,56.67,56.6455,62.9836,50.3074,0.5019,0.2238,False,BB_MID,45.5427,RSI_NEUTRAL,55.5275,34.7143,97.1538,KDJ_NEUTRAL,0.897,0,0,0,50.0,TECH_TIMING_NEUTRAL,NONE,NOT_AVAILABLE_RESERVED,,,NOT_AVAILABLE_RESERVED,NOT_AVAILABLE_RESERVED,NONE,2026-05-20,17.44,VIX_NORMAL
BTDR,BTDR,2026-05-18,13.15,12.6585,14.906,10.411,0.6093,0.3551,False,BB_UPPER_HALF,54.7037,RSI_NEUTRAL,48.8842,56.4465,33.7597,KDJ_NEUTRAL,1.2806,0,0,4,54.0,TECH_TIMING_NEUTRAL,NONE,NOT_AVAILABLE_RESERVED,,,NOT_AVAILABLE_RESERVED,NOT_AVAILABLE_RESERVED,NONE,2026-05-18,17.82,VIX_NORMAL
BW,BW,2026-05-21,20.540000915527344,17.254,22.529382,11.978618,0.811447,0.611497,False,BB_UPPER_HALF,72.081913,RSI_NEUTRAL,82.366868,82.366868,82.366868,KDJ_NEUTRAL,1.355399,0,0,0,40.0,TECH_TIMING_STAGED_REFRESH,STAGED_R25B_NOT_MERGED,NOT_AVAILABLE_RESERVED,,,NOT_AVAILABLE_RESERVED,NOT_AVAILABLE_RESERVED,NONE,,,
BYND,BYND,2026-05-21,0.7889999747276306,0.85505,1.010885,0.699215,0.288077,0.364505,False,BB_LOWER_HALF,34.435791,RSI_WEAK,19.938651,19.938651,19.938651,KDJ_OVERSOLD,0.462202,0,10,0,70.0,TECH_TIMING_STAGED_REFRESH,STAGED_R25B_NOT_MERGED,NOT_AVAILABLE_RESERVED,,,NOT_AVAILABLE_RESERVED,NOT_AVAILABLE_RESERVED,NONE,,,
CAI,CAI,2026-05-22,15.550000190734863,17.0405,20.663568,13.417432,0.294304,0.42523,False,BB_LOWER_HALF,36.056838,RSI_NEUTRAL,23.287677,23.287677,23.287677,KDJ_NEUTRAL,0.936105,0,10,0,70.0,TECH_TIMING_V18_35D_RECOMPUTE,V18_35D_NOT_MERGED,NOT_AVAILABLE_RESERVED,,,NOT_AVAILABLE_RESERVED,NOT_AVAILABLE_RESERVED,NONE,,,
CAMT,CAMT,2026-05-18,155.74,186.889,214.5454,159.2326,-0.0631,0.296,False,BB_BELOW_LOWER,37.8519,RSI_WEAK,17.5875,30.5212,-8.2797,KDJ_NEUTRAL,1.7349,0,14,4,68.0,TECH_TIMING_WATCH_POSITIVE,NONE,NOT_AVAILABLE_RESERVED,,,NOT_AVAILABLE_RESERVED,NOT_AVAILABLE_RESERVED,NONE,2026-05-18,17.82,VIX_NORMAL
CARR,CARR,2026-05-18,64.51,64.5125,69.4726,59.5524,0.4997,0.1538,False,BB_MID,52.2901,RSI_NEUTRAL,32.7206,44.91,8.3419,KDJ_NEUTRAL,0.6763,0,0,0,50.0,TECH_TIMING_NEUTRAL,NONE,NOT_AVAILABLE_RESERVED,,,NOT_AVAILABLE_RESERVED,NOT_AVAILABLE_RESERVED,NONE,2026-05-18,17.82,VIX_NORMAL
CART,CART,2026-05-20,41.3,41.171,44.4395,37.9025,0.5197,0.1588,False,BB_MID,52.6825,RSI_NEUTRAL,56.0226,44.3733,79.3211,KDJ_NEUTRAL,0.9035,0,0,0,50.0,TECH_TIMING_NEUTRAL,NONE,NOT_AVAILABLE_RESERVED,,,NOT_AVAILABLE_RESERVED,NOT_AVAILABLE_RESERVED,NONE,2026-05-20,17.44,VIX_NORMAL
CDNS,CDNS,2026-05-20,350.89,344.953,371.9192,317.9868,0.6101,0.1563,False,BB_UPPER_HALF,59.3667,RSI_NEUTRAL,37.2983,45.8051,20.2846,KDJ_NEUTRAL,0.7235,0,0,0,50.0,TECH_TIMING_NEUTRAL,NONE,NOT_AVAILABLE_RESERVED,,,NOT_AVAILABLE_RESERVED,NOT_AVAILABLE_RESERVED,NONE,2026-05-20,17.44,VIX_NORMAL
CEG,CEG,2026-05-18,262.0,298.0825,335.4951,260.6699,0.0178,0.251,False,BB_NEAR_LOWER,33.414,RSI_WEAK,11.4597,23.7974,-13.2156,KDJ_NEUTRAL,1.2911,0,14,4,68.0,TECH_TIMING_WATCH_POSITIVE,NONE,NOT_AVAILABLE_RESERVED,,,NOT_AVAILABLE_RESERVED,NOT_AVAILABLE_RESERVED,NONE,2026-05-18,17.82,VIX_NORMAL
CHPT,CHPT,2026-05-20,6.23,6.4595,6.9636,5.9554,0.2724,0.1561,True,BB_LOWER_HALF,49.0881,RSI_NEUTRAL,43.4939,48.8072,32.8673,KDJ_NEUTRAL,1.1509,0,8,0,58.0,TECH_TIMING_NEUTRAL,NONE,NOT_AVAILABLE_RESERVED,,,NOT_AVAILABLE_RESERVED,NOT_AVAILABLE_RESERVED,NONE,2026-05-20,17.44,VIX_NORMAL
CHRW,CHRW,2026-05-20,180.64,173.7805,192.1866,155.3744,0.6863,0.2118,False,BB_UPPER_HALF,58.2494,RSI_NEUTRAL,75.8509,59.6004,108.3519,KDJ_NEUTRAL,1.3349,0,0,4,54.0,TECH_TIMING_NEUTRAL,NONE,NOT_AVAILABLE_RESERVED,,,NOT_AVAILABLE_RESERVED,NOT_AVAILABLE_RESERVED,NONE,2026-05-20,17.44,VIX_NORMAL
CHYM,CHYM,2026-05-22,17.799999237060547,19.42725,23.296968,15.557532,0.289746,0.39838,False,BB_LOWER_HALF,27.615058,RSI_OVERSOLD,24.51498,24.51498,24.51498,KDJ_NEUTRAL,0.728845,0,10,0,70.0,TECH_TIMING_V18_35D_RECOMPUTE,V18_35D_NOT_MERGED,NOT_AVAILABLE_RESERVED,,,NOT_AVAILABLE_RESERVED,NOT_AVAILABLE_RESERVED,NONE,,,
CIEN,CIEN,2026-05-18,524.53,535.692,604.3568,467.0272,0.4187,0.2564,False,BB_MID,50.9247,RSI_NEUTRAL,51.0795,68.5961,16.0463,KDJ_NEUTRAL,0.8622,0,0,0,50.0,TECH_TIMING_NEUTRAL,NONE,NOT_AVAILABLE_RESERVED,,,NOT_AVAILABLE_RESERVED,NOT_AVAILABLE_RESERVED,NONE,2026-05-18,17.82,VIX_NORMAL
CIFR,CIFR,2026-05-18,19.12,19.3973,22.8651,15.9294,0.46,0.3576,False,BB_MID,50.7005,RSI_NEUTRAL,51.1601,59.6638,34.1525,KDJ_HIGH_DEAD_CROSS,0.9605,10,0,0,40.0,TECH_TIMING_NEUTRAL,KDJ_HIGH_DEAD_CROSS,NOT_AVAILABLE_RESERVED,,,NOT_AVAILABLE_RESERVED,NOT_AVAILABLE_RESERVED,NONE,2026-05-18,17.82,VIX_NORMAL
CLF,CLF,2026-05-20,10.34,10.4885,11.4982,9.4788,0.4265,0.1925,False,BB_MID,50.7601,RSI_NEUTRAL,27.9307,41.2258,1.3404,KDJ_NEUTRAL,0.7861,0,0,0,50.0,TECH_TIMING_NEUTRAL,NONE,NOT_AVAILABLE_RESERVED,,,NOT_AVAILABLE_RESERVED,NOT_AVAILABLE_RESERVED,NONE,2026-05-20,17.44,VIX_NORMAL
CLH,CLH,2026-05-20,291.4,301.9535,320.6303,283.2767,0.2175,0.1237,False,BB_LOWER_HALF,43.5133,RSI_WEAK,48.8987,54.526,37.6443,KDJ_NEUTRAL,0.968,0,14,0,64.0,TECH_TIMING_PULLBACK_WATCH,NONE,NOT_AVAILABLE_RESERVED,,,NOT_AVAILABLE_RESERVED,NOT_AVAILABLE_RESERVED,NONE,2026-05-20,17.44,VIX_NORMAL
CLS,CLS,2026-05-18,342.67,390.9415,437.7346,344.1484,-0.0158,0.2394,False,BB_BELOW_LOWER,41.1258,RSI_WEAK,17.2291,28.2531,-4.819,KDJ_NEUTRAL,0.7645,0,14,0,64.0,TECH_TIMING_PULLBACK_WATCH,NONE,NOT_AVAILABLE_RESERVED,,,NOT_AVAILABLE_RESERVED,NOT_AVAILABLE_RESERVED,NONE,2026-05-18,17.82,VIX_NORMAL
CLSK,CLSK,2026-05-20,15.4,13.285,15.4003,11.1697,0.9999,0.3184,False,BB_NEAR_UPPER,67.1273,RSI_STRONG,65.5887,60.8774,75.0112,KDJ_NEUTRAL,1.1802,10,0,0,40.0,TECH_TIMING_NEUTRAL,BB_NEAR_UPPER,NOT_AVAILABLE_RESERVED,,,NOT_AVAILABLE_RESERVED,NOT_AVAILABLE_RESERVED,NONE,2026-05-20,17.44,VIX_NORMAL
CMG,CMG,2026-05-20,32.96,32.928,34.3105,31.5455,0.5116,0.084,True,BB_MID,48.2125,RSI_NEUTRAL,56.8471,47.2196,76.1021,KDJ_NEUTRAL,0.7665,0,0,0,50.0,TECH_TIMING_NEUTRAL,NONE,NOT_AVAILABLE_RESERVED,,,NOT_AVAILABLE_RESERVED,NOT_AVAILABLE_RESERVED,NONE,2026-05-20,17.44,VIX_NORMAL
CNM,CNM,2026-05-20,47.119998931884766,48.4935,51.374994,45.612006,0.261669,0.11884,False,BB_LOWER_HALF,37.717298,RSI_NEUTRAL,34.039537,34.039537,34.039537,KDJ_NEUTRAL,0.873969,0,10,0,70.0,TECH_TIMING_V18_35D_RECOMPUTE,V18_35D_NOT_MERGED,NOT_AVAILABLE_RESERVED,,,NOT_AVAILABLE_RESERVED,NOT_AVAILABLE_RESERVED,NONE,,,
COF,COF,2026-05-20,187.22999572753906,189.095998,197.200988,180.991008,0.384886,0.085724,False,BB_LOWER_HALF,44.082574,RSI_NEUTRAL,45.187473,45.187473,45.187473,KDJ_NEUTRAL,1.014396,0,0,0,50.0,TECH_TIMING_V18_35D_RECOMPUTE,V18_35D_NOT_MERGED,NOT_AVAILABLE_RESERVED,,,NOT_AVAILABLE_RESERVED,NOT_AVAILABLE_RESERVED,NONE,,,
COGT,COGT,2026-05-21,32.58000183105469,34.753,38.310948,31.195052,0.194628,0.204756,False,BB_LOWER_HALF,27.399546,RSI_OVERSOLD,25.753037,25.753037,25.753037,KDJ_NEUTRAL,1.309424,0,10,0,70.0,TECH_TIMING_STAGED_REFRESH,STAGED_R25B_NOT_MERGED,NOT_AVAILABLE_RESERVED,,,NOT_AVAILABLE_RESERVED,NOT_AVAILABLE_RESERVED,NONE,,,
COHR,COHR,2026-05-18,362.83,346.002,405.375,286.6291,0.6417,0.3432,False,BB_UPPER_HALF,56.7197,RSI_NEUTRAL,71.0639,75.5751,62.0416,KDJ_HIGH_DEAD_CROSS,0.9051,10,0,0,40.0,TECH_TIMING_NEUTRAL,KDJ_HIGH_DEAD_CROSS,NOT_AVAILABLE_RESERVED,,,NOT_AVAILABLE_RESERVED,NOT_AVAILABLE_RESERVED,NONE,2026-05-18,17.82,VIX_NORMAL
COHU,COHU,2026-05-18,44.2,47.101,51.2832,42.9188,0.1532,0.1776,False,BB_LOWER_HALF,48.9837,RSI_NEUTRAL,34.2045,52.6502,-2.687,KDJ_NEUTRAL,0.7281,0,8,0,58.0,TECH_TIMING_NEUTRAL,NONE,NOT_AVAILABLE_RESERVED,,,NOT_AVAILABLE_RESERVED,NOT_AVAILABLE_RESERVED,NONE,2026-05-18,17.82,VIX_NORMAL
CORZ,CORZ,2026-05-18,23.57,22.016,25.3368,18.6952,0.734,0.3017,False,BB_UPPER_HALF,61.4236,RSI_STRONG,72.8806,72.7383,73.1653,KDJ_NEUTRAL,0.7483,0,0,0,50.0,TECH_TIMING_NEUTRAL,NONE,NOT_AVAILABLE_RESERVED,,,NOT_AVAILABLE_RESERVED,NOT_AVAILABLE_RESERVED,NONE,2026-05-18,17.82,VIX_NORMAL
CPAY,CPAY,2026-05-20,350.4800109863281,322.588,355.135435,290.040566,0.928482,0.201789,False,BB_NEAR_UPPER,71.884655,RSI_OVERHEAT,92.054522,92.054522,92.054522,KDJ_NEUTRAL,0.987839,10,0,10,30.0,TECH_TIMING_V18_35D_RECOMPUTE,V18_35D_NOT_MERGED,NOT_AVAILABLE_RESERVED,,,NOT_AVAILABLE_RESERVED,NOT_AVAILABLE_RESERVED,NONE,,,
CPNG,CPNG,2026-05-20,15.619999885559082,18.1595,22.414546,13.904454,0.20159,0.46863,False,BB_LOWER_HALF,24.884798,RSI_OVERSOLD,10.000002,10.000002,10.000002,KDJ_NEUTRAL,0.975796,0,10,0,70.0,TECH_TIMING_V18_35D_RECOMPUTE,V18_35D_NOT_MERGED,NOT_AVAILABLE_RESERVED,,,NOT_AVAILABLE_RESERVED,NOT_AVAILABLE_RESERVED,NONE,,,
CRCL,CRCL,2026-05-22,113.12000274658203,112.013499,134.418251,89.608748,0.524693,0.400037,False,BB_MID,45.560328,RSI_NEUTRAL,22.401854,22.401854,22.401854,KDJ_NEUTRAL,0.585312,0,0,0,50.0,TECH_TIMING_V18_35D_RECOMPUTE,V18_35D_NOT_MERGED,NOT_AVAILABLE_RESERVED,,,NOT_AVAILABLE_RESERVED,NOT_AVAILABLE_RESERVED,NONE,,,
CRDO,CRDO,2026-05-18,156.27,184.6908,209.1419,160.2396,-0.0812,0.2648,True,BB_BELOW_LOWER,43.9031,RSI_WEAK,25.8859,44.1871,-10.7165,KDJ_NEUTRAL,1.0451,0,14,0,64.0,TECH_TIMING_PULLBACK_WATCH,NONE,NOT_AVAILABLE_RESERVED,,,NOT_AVAILABLE_RESERVED,NOT_AVAILABLE_RESERVED,NONE,2026-05-18,17.82,VIX_NORMAL
CRH,CRH,2026-05-20,101.44999694824219,111.2555,122.412331,100.098669,0.060561,0.200562,False,BB_NEAR_LOWER,24.769553,RSI_OVERSOLD,17.615806,17.615806,17.615806,KDJ_NEUTRAL,1.195328,0,10,0,70.0,TECH_TIMING_V18_35D_RECOMPUTE,V18_35D_NOT_MERGED,NOT_AVAILABLE_RESERVED,,,NOT_AVAILABLE_RESERVED,NOT_AVAILABLE_RESERVED,NONE,,,
CRM,CRM,2026-05-18,179.48,179.4235,192.5696,166.2774,0.5021,0.1465,False,BB_MID,50.1104,RSI_NEUTRAL,38.1719,33.3997,47.7164,KDJ_LOW_GOLDEN_CROSS,0.9571,0,8,0,58.0,TECH_TIMING_NEUTRAL,NONE,NOT_AVAILABLE_RESERVED,,,NOT_AVAILABLE_RESERVED,NOT_AVAILABLE_RESERVED,NONE,2026-05-18,17.82,VIX_NORMAL
CRS,CRS,2026-05-20,422.010009765625,426.992003,453.269342,400.714664,0.405204,0.123081,False,BB_MID,47.636501,RSI_NEUTRAL,37.355594,37.355594,37.355594,KDJ_NEUTRAL,0.761049,0,0,0,50.0,TECH_TIMING_V18_35D_RECOMPUTE,V18_35D_NOT_MERGED,NOT_AVAILABLE_RESERVED,,,NOT_AVAILABLE_RESERVED,NOT_AVAILABLE_RESERVED,NONE,,,
CRWD,CRWD,2026-05-18,618.83,498.219,611.58,384.858,1.032,0.4551,False,BB_ABOVE_UPPER,84.8235,RSI_EXTREME_OVERHEAT,96.7319,94.4782,101.2395,KDJ_EXTREME_OVERHEAT,1.2131,40,0,4,14.0,TECH_TIMING_OVERHEAT_AVOID_CHASE,BB_UPPER_CHASE_RISK;RSI_EXTREME_OVERHEAT;KDJ_EXTREME_OVERHEAT,NOT_AVAILABLE_RESERVED,,,NOT_AVAILABLE_RESERVED,NOT_AVAILABLE_RESERVED,NONE,2026-05-18,17.82,VIX_NORMAL
CRWV,CRWV,2026-05-18,103.77,116.0492,133.4518,98.6467,0.1472,0.2999,True,BB_LOWER_HALF,44.925,RSI_WEAK,23.719,33.8978,3.3616,KDJ_NEUTRAL,0.9791,0,14,0,64.0,TECH_TIMING_PULLBACK_WATCH,NONE,NOT_AVAILABLE_RESERVED,,,NOT_AVAILABLE_RESERVED,NOT_AVAILABLE_RESERVED,NONE,2026-05-18,17.82,VIX_NORMAL
CSCO,CSCO,2026-05-18,118.88,96.247,116.2583,76.2357,1.0655,0.4158,False,BB_ABOVE_UPPER,88.7056,RSI_EXTREME_OVERHEAT,94.5581,92.0667,99.5409,KDJ_OVERHEAT,1.6833,35,0,4,19.0,TECH_TIMING_OVERHEAT_AVOID_CHASE,BB_UPPER_CHASE_RISK;RSI_EXTREME_OVERHEAT;KDJ_OVERHEAT,NOT_AVAILABLE_RESERVED,,,NOT_AVAILABLE_RESERVED,NOT_AVAILABLE_RESERVED,NONE,2026-05-18,17.82,VIX_NORMAL
CSGP,CSGP,2026-05-20,34.0099983215332,34.2535,37.229721,31.277279,0.459092,0.173776,False,BB_MID,46.606320,RSI_NEUTRAL,56.025327,56.025327,56.025327,KDJ_NEUTRAL,1.510529,0,0,0,50.0,TECH_TIMING_V18_35D_RECOMPUTE,V18_35D_NOT_MERGED,NOT_AVAILABLE_RESERVED,,,NOT_AVAILABLE_RESERVED,NOT_AVAILABLE_RESERVED,NONE,,,
CVNA,CVNA,2026-05-21,64.38999938964844,74.0806,86.257857,61.903343,0.102102,0.328757,False,BB_LOWER_HALF,25.383568,RSI_OVERSOLD,15.819749,15.819749,15.819749,KDJ_OVERSOLD,0.90998,0,10,0,70.0,TECH_TIMING_STAGED_REFRESH,STAGED_R25B_NOT_MERGED,NOT_AVAILABLE_RESERVED,,,NOT_AVAILABLE_RESERVED,NOT_AVAILABLE_RESERVED,NONE,,,
D,D,2026-05-18,67.56,62.7505,65.5923,59.9087,1.3462,0.0906,False,BB_ABOVE_UPPER,68.907,RSI_STRONG,52.2955,42.1824,72.5217,KDJ_NEUTRAL,1.7841,10,0,9,49.0,TECH_TIMING_NEUTRAL,BB_UPPER_CHASE_RISK,NOT_AVAILABLE_RESERVED,,,NOT_AVAILABLE_RESERVED,NOT_AVAILABLE_RESERVED,NONE,2026-05-18,17.82,VIX_NORMAL
DAKT,DAKT,2026-05-20,19.559999465942383,19.6985,20.686716,18.710284,0.429924,0.100334,False,BB_MID,48.803823,RSI_NEUTRAL,35.467934,35.467934,35.467934,KDJ_NEUTRAL,1.134325,0,0,0,50.0,TECH_TIMING_V18_35D_RECOMPUTE,V18_35D_NOT_MERGED,NOT_AVAILABLE_RESERVED,,,NOT_AVAILABLE_RESERVED,NOT_AVAILABLE_RESERVED,NONE,,,
DAL,DAL,2026-05-20,74.12000274658203,70.074,74.486925,65.661075,0.958426,0.12595,False,BB_NEAR_UPPER,65.031891,RSI_NEUTRAL,88.466782,88.466782,88.466782,KDJ_NEUTRAL,1.033537,10,0,10,40.0,TECH_TIMING_V18_35D_RECOMPUTE,V18_35D_NOT_MERGED,NOT_AVAILABLE_RESERVED,,,NOT_AVAILABLE_RESERVED,NOT_AVAILABLE_RESERVED,NONE,,,
DASH,DASH,2026-05-20,160.72999572753906,165.406499,181.956678,148.856321,0.358717,0.200115,False,BB_LOWER_HALF,44.506106,RSI_NEUTRAL,37.939486,37.939486,37.939486,KDJ_NEUTRAL,1.067078,0,0,0,50.0,TECH_TIMING_V18_35D_RECOMPUTE,V18_35D_NOT_MERGED,NOT_AVAILABLE_RESERVED,,,NOT_AVAILABLE_RESERVED,NOT_AVAILABLE_RESERVED,NONE,,,
DB,DB,2026-05-20,32.869998931884766,31.478,32.691287,30.264713,1.073648,0.077088,False,BB_NEAR_UPPER,61.403497,RSI_NEUTRAL,99.636286,99.636286,99.636286,KDJ_NEUTRAL,1.089769,10,0,10,40.0,TECH_TIMING_V18_35D_RECOMPUTE,V18_35D_NOT_MERGED,NOT_AVAILABLE_RESERVED,,,NOT_AVAILABLE_RESERVED,NOT_AVAILABLE_RESERVED,NONE,,,
DBVT,DBVT,2026-05-21,18.56999969482422,19.738,21.122696,18.353304,0.078247,0.140308,False,BB_LOWER_HALF,35.294118,RSI_WEAK,17.832172,17.832172,17.832172,KDJ_OVERSOLD,0.734244,0,10,0,70.0,TECH_TIMING_STAGED_REFRESH,STAGED_R25B_NOT_MERGED,NOT_AVAILABLE_RESERVED,,,NOT_AVAILABLE_RESERVED,NOT_AVAILABLE_RESERVED,NONE,,,
DDOG,DDOG,2026-05-18,208.82,162.0955,230.1924,93.9986,0.8431,0.8402,False,BB_UPPER_HALF,83.5119,RSI_EXTREME_OVERHEAT,95.8057,94.2396,98.9377,KDJ_OVERHEAT,0.7486,25,0,0,25.0,TECH_TIMING_OVERHEAT_AVOID_CHASE,RSI_EXTREME_OVERHEAT;KDJ_OVERHEAT,NOT_AVAILABLE_RESERVED,,,NOT_AVAILABLE_RESERVED,NOT_AVAILABLE_RESERVED,NONE,2026-05-18,17.82,VIX_NORMAL
DELL,DELL,2026-05-18,238.03,225.8585,260.0151,191.7019,0.6782,0.3025,False,BB_UPPER_HALF,60.5093,RSI_STRONG,58.3585,66.3999,42.2758,KDJ_NEUTRAL,0.9418,0,0,0,50.0,TECH_TIMING_NEUTRAL,NONE,NOT_AVAILABLE_RESERVED,,,NOT_AVAILABLE_RESERVED,NOT_AVAILABLE_RESERVED,NONE,2026-05-18,17.82,VIX_NORMAL
DIS,DIS,2026-05-20,104.08000183105469,103.946501,108.549131,99.343871,0.514503,0.088558,False,BB_MID,50.636823,RSI_NEUTRAL,38.579674,38.579674,38.579674,KDJ_NEUTRAL,0.875232,0,0,0,50.0,TECH_TIMING_V18_35D_RECOMPUTE,V18_35D_NOT_MERGED,NOT_AVAILABLE_RESERVED,,,NOT_AVAILABLE_RESERVED,NOT_AVAILABLE_RESERVED,NONE,,,
DOCU,DOCU,2026-05-20,49.72999954223633,47.006,50.028425,43.983575,0.950631,0.128597,False,BB_NEAR_UPPER,63.531107,RSI_NEUTRAL,77.038052,77.038052,77.038052,KDJ_NEUTRAL,1.067954,10,0,10,40.0,TECH_TIMING_V18_35D_RECOMPUTE,V18_35D_NOT_MERGED,NOT_AVAILABLE_RESERVED,,,NOT_AVAILABLE_RESERVED,NOT_AVAILABLE_RESERVED,NONE,,,
DUOL,DUOL,2026-05-20,106.81999969482422,107.69225,115.254946,100.129554,0.442332,0.14045,False,BB_MID,46.331097,RSI_NEUTRAL,41.086418,41.086418,41.086418,KDJ_NEUTRAL,0.776619,0,0,0,50.0,TECH_TIMING_V18_35D_RECOMPUTE,V18_35D_NOT_MERGED,NOT_AVAILABLE_RESERVED,,,NOT_AVAILABLE_RESERVED,NOT_AVAILABLE_RESERVED,NONE,,,
ECL,ECL,2026-05-18,249.21,258.8915,275.0983,242.6847,0.2013,0.1252,False,BB_LOWER_HALF,35.6519,RSI_WEAK,13.0091,12.888,13.2513,KDJ_LOW_GOLDEN_CROSS,1.0846,0,22,0,72.0,TECH_TIMING_WATCH_POSITIVE,NONE,NOT_AVAILABLE_RESERVED,,,NOT_AVAILABLE_RESERVED,NOT_AVAILABLE_RESERVED,NONE,2026-05-18,17.82,VIX_NORMAL
EEM,EEM,2026-05-20,65.45999908447266,65.1555,68.614085,61.696914,0.544021,0.106164,False,BB_MID,55.322223,RSI_NEUTRAL,42.398259,42.398259,42.398259,KDJ_NEUTRAL,1.190178,0,0,0,50.0,TECH_TIMING_V18_35D_RECOMPUTE,V18_35D_NOT_MERGED,NOT_AVAILABLE_RESERVED,,,NOT_AVAILABLE_RESERVED,NOT_AVAILABLE_RESERVED,NONE,,,
ENPH,ENPH,2026-05-20,53.150001525878906,39.169,52.733156,25.604843,1.015366,0.692597,False,BB_NEAR_UPPER,77.649961,RSI_OVERHEAT,96.637902,96.637902,96.637902,KDJ_NEUTRAL,1.531475,10,0,10,30.0,TECH_TIMING_V18_35D_RECOMPUTE,V18_35D_NOT_MERGED,NOT_AVAILABLE_RESERVED,,,NOT_AVAILABLE_RESERVED,NOT_AVAILABLE_RESERVED,NONE,,,
ENTG,ENTG,2026-05-18,127.21,145.7175,160.3565,131.0785,-0.1321,0.2009,True,BB_BELOW_LOWER,38.3007,RSI_WEAK,22.2054,36.917,-7.2177,KDJ_NEUTRAL,0.8672,0,14,0,64.0,TECH_TIMING_PULLBACK_WATCH,NONE,NOT_AVAILABLE_RESERVED,,,NOT_AVAILABLE_RESERVED,NOT_AVAILABLE_RESERVED,NONE,2026-05-18,17.82,VIX_NORMAL
EQIX,EQIX,2026-05-20,1065.06005859375,1079.752496,1110.090861,1049.414132,0.257857,0.056195,False,BB_LOWER_HALF,42.864076,RSI_NEUTRAL,39.066714,39.066714,39.066714,KDJ_NEUTRAL,0.821454,0,10,0,60.0,TECH_TIMING_V18_35D_RECOMPUTE,V18_35D_NOT_MERGED,NOT_AVAILABLE_RESERVED,,,NOT_AVAILABLE_RESERVED,NOT_AVAILABLE_RESERVED,NONE,,,
EQT,EQT,2026-05-20,57.83000183105469,57.8545,60.661901,55.047099,0.495637,0.09705,False,BB_MID,41.176476,RSI_NEUTRAL,55.284598,55.284598,55.284598,KDJ_NEUTRAL,0.900916,0,0,0,50.0,TECH_TIMING_V18_35D_RECOMPUTE,V18_35D_NOT_MERGED,NOT_AVAILABLE_RESERVED,,,NOT_AVAILABLE_RESERVED,NOT_AVAILABLE_RESERVED,NONE,,,
ET,ET,2026-05-20,20.15999984741211,19.857,20.711777,19.002223,0.677239,0.086093,False,BB_UPPER_HALF,49.577455,RSI_NEUTRAL,65.384587,65.384587,65.384587,KDJ_NEUTRAL,0.733279,0,0,0,50.0,TECH_TIMING_V18_35D_RECOMPUTE,V18_35D_NOT_MERGED,NOT_AVAILABLE_RESERVED,,,NOT_AVAILABLE_RESERVED,NOT_AVAILABLE_RESERVED,NONE,,,
ETN,ETN,2026-05-18,381.87,412.1695,435.9917,388.3473,-0.136,0.1156,False,BB_BELOW_LOWER,41.2189,RSI_WEAK,30.0103,38.8663,12.2983,KDJ_NEUTRAL,0.9033,0,14,0,64.0,TECH_TIMING_PULLBACK_WATCH,NONE,NOT_AVAILABLE_RESERVED,,,NOT_AVAILABLE_RESERVED,NOT_AVAILABLE_RESERVED,NONE,2026-05-18,17.82,VIX_NORMAL
ETR,ETR,2026-05-18,109.58,113.2485,118.0567,108.4403,0.1185,0.0849,False,BB_LOWER_HALF,41.3535,RSI_WEAK,20.7472,25.2698,11.7018,KDJ_NEUTRAL,0.9033,0,14,0,64.0,TECH_TIMING_PULLBACK_WATCH,NONE,NOT_AVAILABLE_RESERVED,,,NOT_AVAILABLE_RESERVED,NOT_AVAILABLE_RESERVED,NONE,2026-05-18,17.82,VIX_NORMAL
EWY,EWY,2026-05-20,180.11000061035156,171.928001,198.814401,145.0416,0.652159,0.312763,False,BB_UPPER_HALF,60.572617,RSI_NEUTRAL,58.562423,58.562423,58.562423,KDJ_NEUTRAL,0.951799,0,0,0,50.0,TECH_TIMING_V18_35D_RECOMPUTE,V18_35D_NOT_MERGED,NOT_AVAILABLE_RESERVED,,,NOT_AVAILABLE_RESERVED,NOT_AVAILABLE_RESERVED,NONE,,,
EWZ,EWZ,2026-05-20,36.75,38.519,41.258116,35.779884,0.177086,0.142222,False,BB_LOWER_HALF,33.142875,RSI_NEUTRAL,23.842566,23.842566,23.842566,KDJ_NEUTRAL,1.241998,0,10,0,70.0,TECH_TIMING_V18_35D_RECOMPUTE,V18_35D_NOT_MERGED,NOT_AVAILABLE_RESERVED,,,NOT_AVAILABLE_RESERVED,NOT_AVAILABLE_RESERVED,NONE,,,
FCNCA,FCNCA,2026-05-21,1989.47998046875,1956.459998,2011.850954,1901.069041,0.798063,0.056624,False,BB_UPPER_HALF,50.679961,RSI_NEUTRAL,63.756343,63.756343,63.756343,KDJ_NEUTRAL,0.954491,0,0,0,50.0,TECH_TIMING_STAGED_REFRESH,STAGED_R25B_NOT_MERGED,NOT_AVAILABLE_RESERVED,,,NOT_AVAILABLE_RESERVED,NOT_AVAILABLE_RESERVED,NONE,,,
FIGR,FIGR,2026-05-22,33.95000076293945,37.1795,42.902109,31.456891,0.21783,0.307837,False,BB_LOWER_HALF,44.158749,RSI_NEUTRAL,3.941614,3.941614,3.941614,KDJ_NEUTRAL,0.820991,0,10,0,60.0,TECH_TIMING_V18_35D_RECOMPUTE,V18_35D_NOT_MERGED,NOT_AVAILABLE_RESERVED,,,NOT_AVAILABLE_RESERVED,NOT_AVAILABLE_RESERVED,NONE,,,
FIX,FIX,2026-05-18,1854.4301,1879.093,2130.6148,1627.5712,0.451,0.2677,False,BB_MID,52.4418,RSI_NEUTRAL,54.0145,74.3464,13.3507,KDJ_NEUTRAL,0.9414,0,0,0,50.0,TECH_TIMING_NEUTRAL,NONE,NOT_AVAILABLE_RESERVED,,,NOT_AVAILABLE_RESERVED,NOT_AVAILABLE_RESERVED,NONE,2026-05-18,17.82,VIX_NORMAL
FLEX,FLEX,2026-05-18,129.73,111.8955,162.6524,61.1386,0.6757,0.9072,False,BB_UPPER_HALF,66.4466,RSI_STRONG,72.5978,85.6624,46.4685,KDJ_NEUTRAL,1.0389,0,0,0,50.0,TECH_TIMING_NEUTRAL,NONE,NOT_AVAILABLE_RESERVED,,,NOT_AVAILABLE_RESERVED,NOT_AVAILABLE_RESERVED,NONE,2026-05-18,17.82,VIX_NORMAL
FLR,FLR,2026-05-18,44.35,48.645,56.1323,41.1577,0.2132,0.3078,False,BB_LOWER_HALF,39.136,RSI_WEAK,19.436,27.3884,3.5313,KDJ_NEUTRAL,1.0508,0,14,0,64.0,TECH_TIMING_PULLBACK_WATCH,NONE,NOT_AVAILABLE_RESERVED,,,NOT_AVAILABLE_RESERVED,NOT_AVAILABLE_RESERVED,NONE,2026-05-18,17.82,VIX_NORMAL
FLS,FLS,2026-05-20,68.27999877929688,73.1325,87.242136,59.022863,0.328043,0.385865,False,BB_LOWER_HALF,38.943889,RSI_NEUTRAL,36.622804,36.622804,36.622804,KDJ_NEUTRAL,0.741159,0,10,0,70.0,TECH_TIMING_V18_35D_RECOMPUTE,V18_35D_NOT_MERGED,NOT_AVAILABLE_RESERVED,,,NOT_AVAILABLE_RESERVED,NOT_AVAILABLE_RESERVED,NONE,,,
FLUT,FLUT,2026-05-20,96.75,101.564,113.515122,89.612877,0.298596,0.235342,False,BB_LOWER_HALF,31.114863,RSI_NEUTRAL,27.789604,27.789604,27.789604,KDJ_NEUTRAL,0.777717,0,10,0,70.0,TECH_TIMING_V18_35D_RECOMPUTE,V18_35D_NOT_MERGED,NOT_AVAILABLE_RESERVED,,,NOT_AVAILABLE_RESERVED,NOT_AVAILABLE_RESERVED,NONE,,,
FN,FN,2026-05-18,700.26,680.2325,751.208,609.257,0.6411,0.2087,False,BB_UPPER_HALF,55.1026,RSI_NEUTRAL,67.5048,57.93,86.6545,KDJ_NEUTRAL,1.1013,0,0,0,50.0,TECH_TIMING_NEUTRAL,NONE,NOT_AVAILABLE_RESERVED,,,NOT_AVAILABLE_RESERVED,NOT_AVAILABLE_RESERVED,NONE,2026-05-18,17.82,VIX_NORMAL
FORM,FORM,2026-05-18,117.42,139.203,158.6378,119.7682,-0.0604,0.2792,False,BB_BELOW_LOWER,39.3157,RSI_WEAK,20.4134,32.2286,-3.2171,KDJ_NEUTRAL,1.1528,0,14,0,64.0,TECH_TIMING_PULLBACK_WATCH,NONE,NOT_AVAILABLE_RESERVED,,,NOT_AVAILABLE_RESERVED,NOT_AVAILABLE_RESERVED,NONE,2026-05-18,17.82,VIX_NORMAL
FWONK,FWONK,2026-05-20,90.44000244140625,89.4295,94.461493,84.397507,0.600408,0.112535,False,BB_UPPER_HALF,61.108389,RSI_NEUTRAL,37.86195,37.86195,37.86195,KDJ_NEUTRAL,0.815473,0,0,0,50.0,TECH_TIMING_V18_35D_RECOMPUTE,V18_35D_NOT_MERGED,NOT_AVAILABLE_RESERVED,,,NOT_AVAILABLE_RESERVED,NOT_AVAILABLE_RESERVED,NONE,,,
GEHC,GEHC,2026-05-20,64.26000213623047,63.215,69.763799,56.666202,0.579786,0.207191,False,BB_MID,63.757043,RSI_NEUTRAL,97.161631,97.161631,97.161631,KDJ_NEUTRAL,0.819349,0,0,0,50.0,TECH_TIMING_V18_35D_RECOMPUTE,V18_35D_NOT_MERGED,NOT_AVAILABLE_RESERVED,,,NOT_AVAILABLE_RESERVED,NOT_AVAILABLE_RESERVED,NONE,,,
GEMI,GEMI,2026-05-22,5.159999847412109,4.912,5.627447,4.196553,0.673318,0.291306,False,BB_UPPER_HALF,57.371796,RSI_NEUTRAL,24.369744,24.369744,24.369744,KDJ_NEUTRAL,0.872395,0,0,0,50.0,TECH_TIMING_V18_35D_RECOMPUTE,V18_35D_NOT_MERGED,NOT_AVAILABLE_RESERVED,,,NOT_AVAILABLE_RESERVED,NOT_AVAILABLE_RESERVED,NONE,,,
GEV,GEV,2026-05-18,1012.25,1078.49,1161.3478,995.6321,0.1003,0.1537,False,BB_LOWER_HALF,46.2755,RSI_NEUTRAL,31.1395,35.0728,23.2728,KDJ_NEUTRAL,0.8049,0,8,0,58.0,TECH_TIMING_NEUTRAL,NONE,NOT_AVAILABLE_RESERVED,,,NOT_AVAILABLE_RESERVED,NOT_AVAILABLE_RESERVED,NONE,2026-05-18,17.82,VIX_NORMAL
GLW,GLW,2026-05-18,178.55,176.9405,212.9641,140.9169,0.5223,0.4072,False,BB_MID,51.5912,RSI_NEUTRAL,55.5086,69.5917,27.3422,KDJ_HIGH_DEAD_CROSS,1.0979,10,0,0,40.0,TECH_TIMING_NEUTRAL,KDJ_HIGH_DEAD_CROSS,NOT_AVAILABLE_RESERVED,,,NOT_AVAILABLE_RESERVED,NOT_AVAILABLE_RESERVED,NONE,2026-05-18,17.82,VIX_NORMAL
GNRC,GNRC,2026-05-18,253.05,250.0775,295.6141,204.5409,0.5326,0.3642,False,BB_MID,55.3707,RSI_NEUTRAL,51.1436,71.6463,10.1383,KDJ_NEUTRAL,0.8483,0,0,0,50.0,TECH_TIMING_NEUTRAL,NONE,NOT_AVAILABLE_RESERVED,,,NOT_AVAILABLE_RESERVED,NOT_AVAILABLE_RESERVED,NONE,2026-05-18,17.82,VIX_NORMAL
GOOG,GOOG,2026-05-20,384.8999938964844,378.1495,418.532198,337.766801,0.583582,0.213581,False,BB_MID,52.281833,RSI_NEUTRAL,33.002352,33.002352,33.002352,KDJ_NEUTRAL,0.925209,0,0,0,50.0,TECH_TIMING_V18_35D_RECOMPUTE,V18_35D_NOT_MERGED,NOT_AVAILABLE_RESERVED,,,NOT_AVAILABLE_RESERVED,NOT_AVAILABLE_RESERVED,NONE,,,
GOOGL,GOOGL,2026-05-18,396.94,375.868,426.3711,325.3649,0.7086,0.2687,False,BB_UPPER_HALF,70.2968,RSI_OVERHEAT,71.4773,80.0853,54.2613,KDJ_NEUTRAL,0.8669,10,0,0,40.0,TECH_TIMING_NEUTRAL,RSI_OVERHEAT,NOT_AVAILABLE_RESERVED,,,NOT_AVAILABLE_RESERVED,NOT_AVAILABLE_RESERVED,NONE,2026-05-18,17.82,VIX_NORMAL
GRAB,GRAB,2026-05-20,3.509999990463257,3.7045,3.976858,3.432142,0.142933,0.147042,False,BB_LOWER_HALF,26.865679,RSI_OVERSOLD,21.428553,21.428553,21.428553,KDJ_NEUTRAL,0.895755,0,10,0,70.0,TECH_TIMING_V18_35D_RECOMPUTE,V18_35D_NOT_MERGED,NOT_AVAILABLE_RESERVED,,,NOT_AVAILABLE_RESERVED,NOT_AVAILABLE_RESERVED,NONE,,,
GS,GS,2026-05-20,982.1199951171875,935.916995,973.261901,898.572089,1.118598,0.079804,False,BB_NEAR_UPPER,64.389636,RSI_NEUTRAL,99.271485,99.271485,99.271485,KDJ_NEUTRAL,1.107231,10,0,10,40.0,TECH_TIMING_V18_35D_RECOMPUTE,V18_35D_NOT_MERGED,NOT_AVAILABLE_RESERVED,,,NOT_AVAILABLE_RESERVED,NOT_AVAILABLE_RESERVED,NONE,,,
GSG,GSG,2026-05-20,33.7599983215332,33.7485,35.164639,32.332361,0.50406,0.083923,False,BB_MID,45.414839,RSI_NEUTRAL,61.688277,61.688277,61.688277,KDJ_NEUTRAL,0.600773,0,0,0,50.0,TECH_TIMING_V18_35D_RECOMPUTE,V18_35D_NOT_MERGED,NOT_AVAILABLE_RESERVED,,,NOT_AVAILABLE_RESERVED,NOT_AVAILABLE_RESERVED,NONE,,,
GT,GT,2026-05-20,5.579999923706055,6.501,7.80401,5.19799,0.146588,0.400865,False,BB_LOWER_HALF,18.487396,RSI_OVERSOLD,7.317077,7.317077,7.317077,KDJ_NEUTRAL,0.919674,0,10,0,70.0,TECH_TIMING_V18_35D_RECOMPUTE,V18_35D_NOT_MERGED,NOT_AVAILABLE_RESERVED,,,NOT_AVAILABLE_RESERVED,NOT_AVAILABLE_RESERVED,NONE,,,
HIVE,HIVE,2026-05-20,3.869999885559082,2.7935,3.590953,1.996047,1.174962,0.570935,False,BB_NEAR_UPPER,74.496639,RSI_OVERHEAT,87.951791,87.951791,87.951791,KDJ_NEUTRAL,2.1484,10,0,10,30.0,TECH_TIMING_V18_35D_RECOMPUTE,V18_35D_NOT_MERGED,NOT_AVAILABLE_RESERVED,,,NOT_AVAILABLE_RESERVED,NOT_AVAILABLE_RESERVED,NONE,,,
HLT,HLT,2026-05-20,323.8699951171875,319.812001,333.978477,305.645525,0.643225,0.088593,False,BB_UPPER_HALF,49.806114,RSI_NEUTRAL,80.458028,80.458028,80.458028,KDJ_NEUTRAL,0.774413,0,0,0,50.0,TECH_TIMING_V18_35D_RECOMPUTE,V18_35D_NOT_MERGED,NOT_AVAILABLE_RESERVED,,,NOT_AVAILABLE_RESERVED,NOT_AVAILABLE_RESERVED,NONE,,,
HOOD,HOOD,2026-05-21,75.91999816894531,77.5525,84.399757,70.705242,0.380792,0.176584,False,BB_LOWER_HALF,53.901925,RSI_NEUTRAL,31.314261,31.314261,31.314261,KDJ_NEUTRAL,0.739224,0,0,0,50.0,TECH_TIMING_STAGED_REFRESH,STAGED_R25B_NOT_MERGED,NOT_AVAILABLE_RESERVED,,,NOT_AVAILABLE_RESERVED,NOT_AVAILABLE_RESERVED,NONE,,,
HPE,HPE,2026-05-18,33.0,29.956,33.7511,26.1609,0.901,0.2534,False,BB_NEAR_UPPER,69.0281,RSI_STRONG,76.4067,79.7949,69.6305,KDJ_NEUTRAL,1.3725,10,0,4,44.0,TECH_TIMING_NEUTRAL,BB_UPPER_CHASE_RISK,NOT_AVAILABLE_RESERVED,,,NOT_AVAILABLE_RESERVED,NOT_AVAILABLE_RESERVED,NONE,2026-05-18,17.82,VIX_NORMAL
HTZ,HTZ,2026-05-21,5.059999942779541,5.751,6.642199,4.859801,0.11232,0.309928,False,BB_LOWER_HALF,33.928571,RSI_WEAK,14.60673,14.60673,14.60673,KDJ_OVERSOLD,0.694524,0,10,0,70.0,TECH_TIMING_STAGED_REFRESH,STAGED_R25B_NOT_MERGED,NOT_AVAILABLE_RESERVED,,,NOT_AVAILABLE_RESERVED,NOT_AVAILABLE_RESERVED,NONE,,,
HUBB,HUBB,2026-05-18,470.87,513.8465,573.8098,453.8832,0.1416,0.2334,False,BB_LOWER_HALF,29.8828,RSI_OVERSOLD,11.4417,13.1115,8.1023,KDJ_OVERSOLD,0.9808,0,22,0,72.0,TECH_TIMING_WATCH_POSITIVE,NONE,NOT_AVAILABLE_RESERVED,,,NOT_AVAILABLE_RESERVED,NOT_AVAILABLE_RESERVED,NONE,2026-05-18,17.82,VIX_NORMAL
HUBS,HUBS,2026-05-20,203.38999938964844,214.976501,258.038763,171.914238,0.365468,0.400623,False,BB_LOWER_HALF,43.702435,RSI_NEUTRAL,36.868501,36.868501,36.868501,KDJ_NEUTRAL,1.069361,0,0,0,50.0,TECH_TIMING_V18_35D_RECOMPUTE,V18_35D_NOT_MERGED,NOT_AVAILABLE_RESERVED,,,NOT_AVAILABLE_RESERVED,NOT_AVAILABLE_RESERVED,NONE,,,
HUM,HUM,2026-05-20,304.1000061035156,262.2095,330.061656,194.357344,0.80869,0.517542,False,BB_UPPER_HALF,85.768692,RSI_OVERHEAT,86.326004,86.326004,86.326004,KDJ_NEUTRAL,0.909979,0,0,0,40.0,TECH_TIMING_V18_35D_RECOMPUTE,V18_35D_NOT_MERGED,NOT_AVAILABLE_RESERVED,,,NOT_AVAILABLE_RESERVED,NOT_AVAILABLE_RESERVED,NONE,,,
HUT,HUT,2026-05-20,96.51000213623047,90.5035,117.868395,63.138606,0.609748,0.604726,False,BB_UPPER_HALF,64.042811,RSI_NEUTRAL,57.842613,57.842613,57.842613,KDJ_NEUTRAL,0.916264,0,0,0,50.0,TECH_TIMING_V18_35D_RECOMPUTE,V18_35D_NOT_MERGED,NOT_AVAILABLE_RESERVED,,,NOT_AVAILABLE_RESERVED,NOT_AVAILABLE_RESERVED,NONE,,,
IBIT,IBIT,2026-05-20,43.9900016784668,44.678,46.969118,42.386882,0.349855,0.102561,False,BB_LOWER_HALF,53.199628,RSI_NEUTRAL,27.29845,27.29845,27.29845,KDJ_NEUTRAL,1.063327,0,10,0,60.0,TECH_TIMING_V18_35D_RECOMPUTE,V18_35D_NOT_MERGED,NOT_AVAILABLE_RESERVED,,,NOT_AVAILABLE_RESERVED,NOT_AVAILABLE_RESERVED,NONE,,,
ICHR,ICHR,2026-05-18,66.6,69.7647,77.7672,61.7623,0.3023,0.2294,True,BB_LOWER_HALF,49.6784,RSI_NEUTRAL,55.7699,72.9013,21.5072,KDJ_HIGH_DEAD_CROSS,0.8458,10,8,0,48.0,TECH_TIMING_NEUTRAL,KDJ_HIGH_DEAD_CROSS,NOT_AVAILABLE_RESERVED,,,NOT_AVAILABLE_RESERVED,NOT_AVAILABLE_RESERVED,NONE,2026-05-18,17.82,VIX_NORMAL
IGV,IGV,2026-05-18,92.87,88.0105,93.615,82.406,0.9335,0.1274,False,BB_NEAR_UPPER,66.2831,RSI_STRONG,82.716,78.0014,92.1452,KDJ_NEUTRAL,1.0331,10,0,0,40.0,TECH_TIMING_NEUTRAL,BB_UPPER_CHASE_RISK,NOT_AVAILABLE_RESERVED,,,NOT_AVAILABLE_RESERVED,NOT_AVAILABLE_RESERVED,NONE,2026-05-18,17.82,VIX_NORMAL
INFY,INFY,2026-05-20,12.770000457763672,12.4185,13.082346,11.754654,0.764746,0.106912,False,BB_UPPER_HALF,54.740066,RSI_NEUTRAL,70.760235,70.760235,70.760235,KDJ_NEUTRAL,1.256675,0,0,0,50.0,TECH_TIMING_V18_35D_RECOMPUTE,V18_35D_NOT_MERGED,NOT_AVAILABLE_RESERVED,,,NOT_AVAILABLE_RESERVED,NOT_AVAILABLE_RESERVED,NONE,,,
INSM,INSM,2026-05-21,109.52999877929688,121.412,149.613187,93.210812,0.289335,0.464554,False,BB_LOWER_HALF,34.236748,RSI_WEAK,24.159089,24.159089,24.159089,KDJ_NEUTRAL,0.885793,0,10,0,70.0,TECH_TIMING_STAGED_REFRESH,STAGED_R25B_NOT_MERGED,NOT_AVAILABLE_RESERVED,,,NOT_AVAILABLE_RESERVED,NOT_AVAILABLE_RESERVED,NONE,,,
INTC,INTC,2026-05-18,108.17,99.695,139.0098,60.3802,0.6078,0.7887,False,BB_UPPER_HALF,61.6589,RSI_STRONG,42.4807,62.5705,2.3013,KDJ_NEUTRAL,0.8597,0,0,0,50.0,TECH_TIMING_NEUTRAL,NONE,NOT_AVAILABLE_RESERVED,,,NOT_AVAILABLE_RESERVED,NOT_AVAILABLE_RESERVED,NONE,2026-05-18,17.82,VIX_NORMAL
IRDM,IRDM,2026-05-18,43.4,40.529,44.7439,36.3141,0.8406,0.208,False,BB_UPPER_HALF,63.2586,RSI_STRONG,72.8476,74.7767,68.9893,KDJ_NEUTRAL,0.8813,0,0,0,50.0,TECH_TIMING_NEUTRAL,NONE,NOT_AVAILABLE_RESERVED,,,NOT_AVAILABLE_RESERVED,NOT_AVAILABLE_RESERVED,NONE,2026-05-18,17.82,VIX_NORMAL
IREN,IREN,2026-05-18,50.46,51.749,62.8388,40.6592,0.4419,0.4286,False,BB_MID,49.9617,RSI_NEUTRAL,36.1809,50.8055,6.9315,KDJ_NEUTRAL,1.0426,0,0,0,50.0,TECH_TIMING_NEUTRAL,NONE,NOT_AVAILABLE_RESERVED,,,NOT_AVAILABLE_RESERVED,NOT_AVAILABLE_RESERVED,NONE,2026-05-18,17.82,VIX_NORMAL
ISRG,ISRG,2026-05-20,449.0299987792969,449.540498,483.499288,415.581709,0.492484,0.151082,False,BB_MID,45.405874,RSI_NEUTRAL,68.920687,68.920687,68.920687,KDJ_NEUTRAL,0.991126,0,0,0,50.0,TECH_TIMING_V18_35D_RECOMPUTE,V18_35D_NOT_MERGED,NOT_AVAILABLE_RESERVED,,,NOT_AVAILABLE_RESERVED,NOT_AVAILABLE_RESERVED,NONE,,,
IWM,IWM,2026-05-20,279.8699951171875,279.384001,287.739657,271.028345,0.529082,0.059815,False,BB_MID,52.251182,RSI_NEUTRAL,54.513276,54.513276,54.513276,KDJ_NEUTRAL,1.075728,0,0,0,50.0,TECH_TIMING_V18_35D_RECOMPUTE,V18_35D_NOT_MERGED,NOT_AVAILABLE_RESERVED,,,NOT_AVAILABLE_RESERVED,NOT_AVAILABLE_RESERVED,NONE,,,
IYW,IYW,2026-05-18,236.39,226.317,248.8834,203.7506,0.7232,0.1994,False,BB_UPPER_HALF,68.704,RSI_STRONG,77.0487,87.075,56.996,KDJ_NEUTRAL,1.077,0,0,0,50.0,TECH_TIMING_NEUTRAL,NONE,NOT_AVAILABLE_RESERVED,,,NOT_AVAILABLE_RESERVED,NOT_AVAILABLE_RESERVED,NONE,2026-05-18,17.82,VIX_NORMAL
JBL,JBL,2026-05-18,338.73,344.761,366.8328,322.6891,0.3634,0.128,True,BB_LOWER_HALF,52.9496,RSI_NEUTRAL,33.4731,48.3234,3.7725,KDJ_NEUTRAL,0.903,0,8,0,58.0,TECH_TIMING_NEUTRAL,NONE,NOT_AVAILABLE_RESERVED,,,NOT_AVAILABLE_RESERVED,NOT_AVAILABLE_RESERVED,NONE,2026-05-18,17.82,VIX_NORMAL
JBS,JBS,2026-05-22,13.210000038146973,14.964,17.764624,12.163375,0.186856,0.374315,False,BB_LOWER_HALF,26.883568,RSI_OVERSOLD,18.577989,18.577989,18.577989,KDJ_NEUTRAL,1.311942,0,10,0,70.0,TECH_TIMING_V18_35D_RECOMPUTE,V18_35D_NOT_MERGED,NOT_AVAILABLE_RESERVED,,,NOT_AVAILABLE_RESERVED,NOT_AVAILABLE_RESERVED,NONE,,,
JCI,JCI,2026-05-20,137.75,141.871,147.431684,136.310316,0.129452,0.078391,False,BB_LOWER_HALF,34.563782,RSI_NEUTRAL,30.196917,30.196917,30.196917,KDJ_NEUTRAL,1.052623,0,10,0,70.0,TECH_TIMING_V18_35D_RECOMPUTE,V18_35D_NOT_MERGED,NOT_AVAILABLE_RESERVED,,,NOT_AVAILABLE_RESERVED,NOT_AVAILABLE_RESERVED,NONE,,,
JD,JD,2026-05-20,32.459999084472656,30.878,33.279488,28.476512,0.829379,0.155547,False,BB_UPPER_HALF,61.836274,RSI_NEUTRAL,61.082897,61.082897,61.082897,KDJ_NEUTRAL,1.146216,0,0,0,50.0,TECH_TIMING_V18_35D_RECOMPUTE,V18_35D_NOT_MERGED,NOT_AVAILABLE_RESERVED,,,NOT_AVAILABLE_RESERVED,NOT_AVAILABLE_RESERVED,NONE,,,
JHX,JHX,2026-05-20,20.59000015258789,20.574,22.426375,18.721624,0.504319,0.18007,False,BB_MID,47.903566,RSI_NEUTRAL,61.356941,61.356941,61.356941,KDJ_NEUTRAL,1.516827,0,0,0,50.0,TECH_TIMING_V18_35D_RECOMPUTE,V18_35D_NOT_MERGED,NOT_AVAILABLE_RESERVED,,,NOT_AVAILABLE_RESERVED,NOT_AVAILABLE_RESERVED,NONE,,,
KEYS,KEYS,2026-05-18,340.48,350.602,371.4716,329.7324,0.2575,0.1191,False,BB_LOWER_HALF,49.1261,RSI_NEUTRAL,36.7184,57.8807,-5.6064,KDJ_NEUTRAL,1.2694,0,8,4,62.0,TECH_TIMING_NEUTRAL,NONE,NOT_AVAILABLE_RESERVED,,,NOT_AVAILABLE_RESERVED,NOT_AVAILABLE_RESERVED,NONE,2026-05-18,17.82,VIX_NORMAL
KKR,KKR,2026-05-20,94.33999633789062,99.900999,105.871895,93.930103,0.034324,0.119536,False,BB_NEAR_LOWER,26.744186,RSI_OVERSOLD,21.646713,21.646713,21.646713,KDJ_NEUTRAL,1.003147,0,10,0,70.0,TECH_TIMING_V18_35D_RECOMPUTE,V18_35D_NOT_MERGED,NOT_AVAILABLE_RESERVED,,,NOT_AVAILABLE_RESERVED,NOT_AVAILABLE_RESERVED,NONE,,,
KLAC,KLAC,2026-05-18,1756.45,1810.228,1930.3949,1690.0611,0.2762,0.1328,False,BB_LOWER_HALF,49.1724,RSI_NEUTRAL,48.2951,60.7924,23.3005,KDJ_NEUTRAL,0.8778,0,8,0,58.0,TECH_TIMING_NEUTRAL,NONE,NOT_AVAILABLE_RESERVED,,,NOT_AVAILABLE_RESERVED,NOT_AVAILABLE_RESERVED,NONE,2026-05-18,17.82,VIX_NORMAL
KLAR,KLAR,2026-05-22,16.56999969482422,14.777,16.588564,12.965436,0.994876,0.245187,False,BB_NEAR_UPPER,59.723819,RSI_NEUTRAL,95.918384,95.918384,95.918384,KDJ_NEUTRAL,0.974211,10,0,10,40.0,TECH_TIMING_V18_35D_RECOMPUTE,V18_35D_NOT_MERGED,NOT_AVAILABLE_RESERVED,,,NOT_AVAILABLE_RESERVED,NOT_AVAILABLE_RESERVED,NONE,,,
KLIC,KLIC,2026-05-18,99.36,92.6165,108.7883,76.4447,0.7085,0.3492,False,BB_UPPER_HALF,63.952,RSI_STRONG,69.4409,75.4884,57.3458,KDJ_HIGH_DEAD_CROSS,1.0447,10,0,0,40.0,TECH_TIMING_NEUTRAL,KDJ_HIGH_DEAD_CROSS,NOT_AVAILABLE_RESERVED,,,NOT_AVAILABLE_RESERVED,NOT_AVAILABLE_RESERVED,NONE,2026-05-18,17.82,VIX_NORMAL
KNX,KNX,2026-05-20,71.0,64.814499,70.841071,58.787928,1.013186,0.185964,False,BB_NEAR_UPPER,62.358185,RSI_NEUTRAL,94.873902,94.873902,94.873902,KDJ_NEUTRAL,1.406674,10,0,10,40.0,TECH_TIMING_V18_35D_RECOMPUTE,V18_35D_NOT_MERGED,NOT_AVAILABLE_RESERVED,,,NOT_AVAILABLE_RESERVED,NOT_AVAILABLE_RESERVED,NONE,,,
KRC,KRC,2026-05-20,34.25,33.7695,35.719715,31.819284,0.623192,0.115502,False,BB_UPPER_HALF,56.195241,RSI_NEUTRAL,52.786918,52.786918,52.786918,KDJ_NEUTRAL,0.817953,0,0,0,50.0,TECH_TIMING_V18_35D_RECOMPUTE,V18_35D_NOT_MERGED,NOT_AVAILABLE_RESERVED,,,NOT_AVAILABLE_RESERVED,NOT_AVAILABLE_RESERVED,NONE,,,
KVYO,KVYO,2026-05-20,15.109999656677246,17.4865,23.568432,11.404568,0.304626,0.695615,False,BB_LOWER_HALF,31.982633,RSI_NEUTRAL,15.815814,15.815814,15.815814,KDJ_NEUTRAL,0.868931,0,10,0,70.0,TECH_TIMING_V18_35D_RECOMPUTE,V18_35D_NOT_MERGED,NOT_AVAILABLE_RESERVED,,,NOT_AVAILABLE_RESERVED,NOT_AVAILABLE_RESERVED,NONE,,,
KWEB,KWEB,2026-05-20,28.1200008392334,28.82,30.186192,27.453809,0.243814,0.094809,False,BB_LOWER_HALF,45.068290,RSI_NEUTRAL,9.342578,9.342578,9.342578,KDJ_NEUTRAL,1.266734,0,10,0,60.0,TECH_TIMING_V18_35D_RECOMPUTE,V18_35D_NOT_MERGED,NOT_AVAILABLE_RESERVED,,,NOT_AVAILABLE_RESERVED,NOT_AVAILABLE_RESERVED,NONE,,,
LBRT,LBRT,2026-05-20,32.720001220703125,33.072,34.157939,31.986061,0.337929,0.065671,False,BB_LOWER_HALF,43.149808,RSI_NEUTRAL,52.843371,52.843371,52.843371,KDJ_NEUTRAL,0.710191,0,10,0,60.0,TECH_TIMING_V18_35D_RECOMPUTE,V18_35D_NOT_MERGED,NOT_AVAILABLE_RESERVED,,,NOT_AVAILABLE_RESERVED,NOT_AVAILABLE_RESERVED,NONE,,,
LCID,LCID,2026-05-20,5.679999828338623,6.1135,6.685069,5.541931,0.12078,0.186986,False,BB_LOWER_HALF,37.722414,RSI_NEUTRAL,9.917346,9.917346,9.917346,KDJ_NEUTRAL,0.73741,0,10,0,70.0,TECH_TIMING_V18_35D_RECOMPUTE,V18_35D_NOT_MERGED,NOT_AVAILABLE_RESERVED,,,NOT_AVAILABLE_RESERVED,NOT_AVAILABLE_RESERVED,NONE,,,
LHX,LHX,2026-05-20,309.1499938964844,310.945,328.103537,293.786462,0.447694,0.110364,False,BB_MID,39.440529,RSI_NEUTRAL,48.036912,48.036912,48.036912,KDJ_NEUTRAL,0.787473,0,0,0,60.0,TECH_TIMING_V18_35D_RECOMPUTE,V18_35D_NOT_MERGED,NOT_AVAILABLE_RESERVED,,,NOT_AVAILABLE_RESERVED,NOT_AVAILABLE_RESERVED,NONE,,,
LIN,LIN,2026-05-20,506.6300048828125,504.937,516.794342,493.079657,0.571391,0.046966,False,BB_MID,53.584011,RSI_NEUTRAL,52.558265,52.558265,52.558265,KDJ_NEUTRAL,0.998237,0,0,0,50.0,TECH_TIMING_V18_35D_RECOMPUTE,V18_35D_NOT_MERGED,NOT_AVAILABLE_RESERVED,,,NOT_AVAILABLE_RESERVED,NOT_AVAILABLE_RESERVED,NONE,,,
LINE,LINE,2026-05-22,40.880001068115234,38.3065,41.532428,35.080573,0.898878,0.168427,False,BB_UPPER_HALF,73.272262,RSI_OVERHEAT,92.382536,92.382536,92.382536,KDJ_NEUTRAL,0.794706,0,0,10,40.0,TECH_TIMING_V18_35D_RECOMPUTE,V18_35D_NOT_MERGED,NOT_AVAILABLE_RESERVED,,,NOT_AVAILABLE_RESERVED,NOT_AVAILABLE_RESERVED,NONE,,,
LITE,LITE,2026-05-18,884.98,922.2695,1065.103,779.436,0.3695,0.3097,False,BB_LOWER_HALF,48.2956,RSI_NEUTRAL,45.7885,59.3803,18.6048,KDJ_NEUTRAL,1.053,0,8,0,58.0,TECH_TIMING_NEUTRAL,NONE,NOT_AVAILABLE_RESERVED,,,NOT_AVAILABLE_RESERVED,NOT_AVAILABLE_RESERVED,NONE,2026-05-18,17.82,VIX_NORMAL
LPLA,LPLA,2026-05-20,283.83,311.2505,344.8544,277.6466,0.092,0.2159,False,BB_NEAR_LOWER,34.977,RSI_WEAK,13.904,20.0997,1.5126,KDJ_NEUTRAL,1.0351,0,14,0,64.0,TECH_TIMING_PULLBACK_WATCH,NONE,NOT_AVAILABLE_RESERVED,,,NOT_AVAILABLE_RESERVED,NOT_AVAILABLE_RESERVED,NONE,2026-05-20,17.44,VIX_NORMAL
LRCX,LRCX,2026-05-18,277.96,273.948,308.883,239.013,0.5574,0.255,False,BB_MID,53.5649,RSI_NEUTRAL,56.2558,72.3401,24.0871,KDJ_NEUTRAL,0.88,0,0,0,50.0,TECH_TIMING_NEUTRAL,NONE,NOT_AVAILABLE_RESERVED,,,NOT_AVAILABLE_RESERVED,NOT_AVAILABLE_RESERVED,NONE,2026-05-18,17.82,VIX_NORMAL
LSCC,LSCC,2026-05-20,138.74,123.2065,133.7481,112.6649,1.2368,0.1711,False,BB_ABOVE_UPPER,68.6238,RSI_STRONG,69.2656,64.3163,79.1641,KDJ_GOLDEN_CROSS,0.9769,10,0,5,45.0,TECH_TIMING_NEUTRAL,BB_ABOVE_UPPER,NOT_AVAILABLE_RESERVED,,,NOT_AVAILABLE_RESERVED,NOT_AVAILABLE_RESERVED,NONE,2026-05-20,17.44,VIX_NORMAL
LYB,LYB,2026-05-20,71.3,73.245,77.1799,69.3101,0.2529,0.1074,True,BB_LOWER_HALF,45.4618,RSI_NEUTRAL,43.6635,49.4427,32.1051,KDJ_DEAD_CROSS,0.7922,0,8,0,58.0,TECH_TIMING_NEUTRAL,NONE,NOT_AVAILABLE_RESERVED,,,NOT_AVAILABLE_RESERVED,NOT_AVAILABLE_RESERVED,NONE,2026-05-20,17.44,VIX_NORMAL
LYFT,LYFT,2026-05-20,13.35,13.9065,14.8567,12.9563,0.2072,0.1366,False,BB_LOWER_HALF,43.2216,RSI_WEAK,23.6014,23.4409,23.9225,KDJ_LOW_GOLDEN_CROSS,1.2105,0,22,4,76.0,TECH_TIMING_WATCH_POSITIVE,NONE,NOT_AVAILABLE_RESERVED,,,NOT_AVAILABLE_RESERVED,NOT_AVAILABLE_RESERVED,NONE,2026-05-20,17.44,VIX_NORMAL
MA,MA,2026-05-20,498.04,500.5135,516.1791,484.8479,0.4211,0.0626,True,BB_MID,47.883,RSI_NEUTRAL,44.7216,38.2753,57.6142,KDJ_NEUTRAL,0.8789,0,0,0,50.0,TECH_TIMING_NEUTRAL,NONE,NOT_AVAILABLE_RESERVED,,,NOT_AVAILABLE_RESERVED,NOT_AVAILABLE_RESERVED,NONE,2026-05-20,17.44,VIX_NORMAL
MCHP,MCHP,2026-05-18,92.76,93.304,105.6988,80.9092,0.4781,0.2657,False,BB_MID,56.8978,RSI_NEUTRAL,25.0516,44.021,-12.8873,KDJ_NEUTRAL,0.8703,0,0,0,50.0,TECH_TIMING_NEUTRAL,NONE,NOT_AVAILABLE_RESERVED,,,NOT_AVAILABLE_RESERVED,NOT_AVAILABLE_RESERVED,NONE,2026-05-18,17.82,VIX_NORMAL
MCK,MCK,2026-05-20,754.68,781.007,859.7426,702.2713,0.3328,0.2016,False,BB_LOWER_HALF,36.6121,RSI_WEAK,53.9072,42.8627,75.9962,KDJ_NEUTRAL,0.9895,0,14,0,64.0,TECH_TIMING_PULLBACK_WATCH,NONE,NOT_AVAILABLE_RESERVED,,,NOT_AVAILABLE_RESERVED,NOT_AVAILABLE_RESERVED,NONE,2026-05-20,17.44,VIX_NORMAL
MDB,MDB,2026-05-18,330.0,278.9485,326.5166,231.3804,1.0366,0.3411,False,BB_ABOVE_UPPER,73.1902,RSI_OVERHEAT,85.345,82.5415,90.9519,KDJ_OVERHEAT,1.1882,30,0,5,25.0,TECH_TIMING_OVERHEAT_AVOID_CHASE,BB_UPPER_CHASE_RISK;RSI_OVERHEAT;KDJ_OVERHEAT,NOT_AVAILABLE_RESERVED,,,NOT_AVAILABLE_RESERVED,NOT_AVAILABLE_RESERVED,NONE,2026-05-18,17.82,VIX_NORMAL
MELI,MELI,2026-05-20,1651.2,1717.2065,1960.1557,1474.2573,0.3642,0.283,False,BB_LOWER_HALF,45.1633,RSI_NEUTRAL,40.1048,29.7966,60.7212,KDJ_LOW_GOLDEN_CROSS,0.8739,0,16,0,66.0,TECH_TIMING_WATCH_POSITIVE,NONE,NOT_AVAILABLE_RESERVED,,,NOT_AVAILABLE_RESERVED,NOT_AVAILABLE_RESERVED,NONE,2026-05-20,17.44,VIX_NORMAL
META,META,2026-05-18,611.21,631.7265,691.9265,571.5265,0.3296,0.1906,False,BB_LOWER_HALF,44.5021,RSI_WEAK,56.8767,46.6289,77.3724,KDJ_NEUTRAL,0.796,0,14,0,64.0,TECH_TIMING_PULLBACK_WATCH,NONE,NOT_AVAILABLE_RESERVED,,,NOT_AVAILABLE_RESERVED,NOT_AVAILABLE_RESERVED,NONE,2026-05-18,17.82,VIX_NORMAL
MKSI,MKSI,2026-05-18,295.7,291.848,325.6532,258.0428,0.557,0.2317,False,BB_MID,55.0148,RSI_NEUTRAL,56.1319,67.4569,33.4819,KDJ_NEUTRAL,0.8823,0,0,0,50.0,TECH_TIMING_NEUTRAL,NONE,NOT_AVAILABLE_RESERVED,,,NOT_AVAILABLE_RESERVED,NOT_AVAILABLE_RESERVED,NONE,2026-05-18,17.82,VIX_NORMAL
MNTN,MNTN,2026-05-22,8.380000114440918,8.926,10.97435,6.877651,0.366722,0.458962,False,BB_LOWER_HALF,31.967205,RSI_NEUTRAL,19.086021,19.086021,19.086021,KDJ_NEUTRAL,0.851603,0,0,0,60.0,TECH_TIMING_V18_35D_RECOMPUTE,V18_35D_NOT_MERGED,NOT_AVAILABLE_RESERVED,,,NOT_AVAILABLE_RESERVED,NOT_AVAILABLE_RESERVED,NONE,,,
MOD,MOD,2026-05-18,247.13,261.941,294.3731,229.5089,0.2717,0.2476,False,BB_LOWER_HALF,46.0582,RSI_NEUTRAL,46.813,66.098,8.243,KDJ_NEUTRAL,1.199,0,8,0,58.0,TECH_TIMING_NEUTRAL,NONE,NOT_AVAILABLE_RESERVED,,,NOT_AVAILABLE_RESERVED,NOT_AVAILABLE_RESERVED,NONE,2026-05-18,17.82,VIX_NORMAL
MOH,MOH,2026-05-20,182.24,187.7045,200.9024,174.5066,0.293,0.1406,True,BB_LOWER_HALF,54.7251,RSI_NEUTRAL,33.7814,42.203,16.9383,KDJ_NEUTRAL,0.6961,0,8,0,58.0,TECH_TIMING_NEUTRAL,NONE,NOT_AVAILABLE_RESERVED,,,NOT_AVAILABLE_RESERVED,NOT_AVAILABLE_RESERVED,NONE,2026-05-20,17.44,VIX_NORMAL
MPLX,MPLX,2026-05-20,55.44,55.392,57.0274,53.7566,0.5147,0.059,False,BB_MID,49.0626,RSI_NEUTRAL,65.5391,53.1297,90.3578,KDJ_NEUTRAL,0.9031,0,0,0,50.0,TECH_TIMING_NEUTRAL,NONE,NOT_AVAILABLE_RESERVED,,,NOT_AVAILABLE_RESERVED,NOT_AVAILABLE_RESERVED,NONE,2026-05-20,17.44,VIX_NORMAL
MPWR,MPWR,2026-05-18,1486.33,1582.123,1681.8175,1482.4285,0.0196,0.126,False,BB_NEAR_LOWER,48.2429,RSI_NEUTRAL,36.2043,53.5477,1.5176,KDJ_NEUTRAL,0.9607,0,8,0,58.0,TECH_TIMING_NEUTRAL,NONE,NOT_AVAILABLE_RESERVED,,,NOT_AVAILABLE_RESERVED,NOT_AVAILABLE_RESERVED,NONE,2026-05-18,17.82,VIX_NORMAL
MRVL,MRVL,2026-05-18,168.93,165.65,182.0695,149.2305,0.5999,0.1982,False,BB_MID,59.1499,RSI_NEUTRAL,54.3997,64.0511,35.097,KDJ_NEUTRAL,1.057,0,0,0,50.0,TECH_TIMING_NEUTRAL,NONE,NOT_AVAILABLE_RESERVED,,,NOT_AVAILABLE_RESERVED,NOT_AVAILABLE_RESERVED,NONE,2026-05-18,17.82,VIX_NORMAL
MSFT,MSFT,2026-05-18,423.54,417.679,433.2446,402.1134,0.6883,0.0745,False,BB_UPPER_HALF,58.7748,RSI_NEUTRAL,60.1571,49.7393,80.9926,KDJ_NEUTRAL,1.0207,0,0,0,50.0,TECH_TIMING_NEUTRAL,NONE,NOT_AVAILABLE_RESERVED,,,NOT_AVAILABLE_RESERVED,NOT_AVAILABLE_RESERVED,NONE,2026-05-18,17.82,VIX_NORMAL
MTSI,MTSI,2026-05-20,375.71,326.1125,412.706,239.519,0.7864,0.5311,False,BB_UPPER_HALF,71.5992,RSI_OVERHEAT,64.949,74.1515,46.544,KDJ_NEUTRAL,1.1343,10,0,0,40.0,TECH_TIMING_NEUTRAL,RSI_OVERHEAT,NOT_AVAILABLE_RESERVED,,,NOT_AVAILABLE_RESERVED,NOT_AVAILABLE_RESERVED,NONE,2026-05-20,17.44,VIX_NORMAL
MTZ,MTZ,2026-05-20,384.21,404.7325,449.4603,360.0047,0.2706,0.221,False,BB_LOWER_HALF,46.9513,RSI_NEUTRAL,30.8045,43.9754,4.4627,KDJ_NEUTRAL,1.0372,0,8,0,58.0,TECH_TIMING_NEUTRAL,NONE,NOT_AVAILABLE_RESERVED,,,NOT_AVAILABLE_RESERVED,NOT_AVAILABLE_RESERVED,NONE,2026-05-20,17.44,VIX_NORMAL
MU,MU,2026-05-18,681.54,617.3205,858.6219,376.0191,0.6331,0.7818,False,BB_UPPER_HALF,59.6233,RSI_NEUTRAL,61.3203,77.8234,28.3141,KDJ_NEUTRAL,1.1414,0,0,0,50.0,TECH_TIMING_NEUTRAL,NONE,NOT_AVAILABLE_RESERVED,,,NOT_AVAILABLE_RESERVED,NOT_AVAILABLE_RESERVED,NONE,2026-05-18,17.82,VIX_NORMAL
NAMS,NAMS,2026-05-20,35.75,33.1105,40.9287,25.2923,0.6688,0.4722,False,BB_UPPER_HALF,55.9721,RSI_NEUTRAL,38.7202,49.392,17.3765,KDJ_NEUTRAL,0.9585,0,0,0,50.0,TECH_TIMING_NEUTRAL,NONE,NOT_AVAILABLE_RESERVED,,,NOT_AVAILABLE_RESERVED,NOT_AVAILABLE_RESERVED,NONE,2026-05-20,17.44,VIX_NORMAL
NET,NET,2026-05-18,201.75,211.238,249.0844,173.3916,0.3747,0.3583,False,BB_LOWER_HALF,47.7334,RSI_NEUTRAL,20.3146,27.1467,6.6504,KDJ_NEUTRAL,0.8797,0,8,0,58.0,TECH_TIMING_NEUTRAL,NONE,NOT_AVAILABLE_RESERVED,,,NOT_AVAILABLE_RESERVED,NOT_AVAILABLE_RESERVED,NONE,2026-05-18,17.82,VIX_NORMAL
NFLX,NFLX,2026-05-20,88.09,89.5655,94.4077,84.7233,0.3476,0.1081,True,BB_LOWER_HALF,41.7163,RSI_WEAK,51.9949,42.9262,70.1323,KDJ_NEUTRAL,0.9053,0,14,0,64.0,TECH_TIMING_PULLBACK_WATCH,NONE,NOT_AVAILABLE_RESERVED,,,NOT_AVAILABLE_RESERVED,NOT_AVAILABLE_RESERVED,NONE,2026-05-20,17.44,VIX_NORMAL
NI,NI,2026-05-20,47.02,47.552,48.8891,46.2149,0.3011,0.0562,False,BB_LOWER_HALF,47.6881,RSI_NEUTRAL,43.3428,34.2965,61.4354,KDJ_NEUTRAL,0.7574,0,8,0,58.0,TECH_TIMING_NEUTRAL,NONE,NOT_AVAILABLE_RESERVED,,,NOT_AVAILABLE_RESERVED,NOT_AVAILABLE_RESERVED,NONE,2026-05-20,17.44,VIX_NORMAL
NOW,NOW,2026-05-18,103.42,92.0895,101.9363,82.2427,1.0753,0.2139,False,BB_ABOVE_UPPER,60.9275,RSI_STRONG,68.1363,54.4524,95.5041,KDJ_NEUTRAL,1.0377,10,0,5,45.0,TECH_TIMING_NEUTRAL,BB_UPPER_CHASE_RISK,NOT_AVAILABLE_RESERVED,,,NOT_AVAILABLE_RESERVED,NOT_AVAILABLE_RESERVED,NONE,2026-05-18,17.82,VIX_NORMAL
NRG,NRG,2026-05-20,133.98,144.078,168.4649,119.6911,0.293,0.3385,False,BB_LOWER_HALF,41.1894,RSI_WEAK,22.9484,14.2292,40.387,KDJ_LOW_GOLDEN_CROSS,1.0424,0,22,0,72.0,TECH_TIMING_WATCH_POSITIVE,NONE,NOT_AVAILABLE_RESERVED,,,NOT_AVAILABLE_RESERVED,NOT_AVAILABLE_RESERVED,NONE,2026-05-20,17.44,VIX_NORMAL
NTAP,NTAP,2026-05-18,120.6,113.4485,122.1372,104.7598,0.9115,0.1532,False,BB_NEAR_UPPER,71.1043,RSI_OVERHEAT,76.5372,76.5807,76.4501,KDJ_NEUTRAL,1.2785,20,0,4,34.0,TECH_TIMING_NEUTRAL,BB_UPPER_CHASE_RISK;RSI_OVERHEAT,NOT_AVAILABLE_RESERVED,,,NOT_AVAILABLE_RESERVED,NOT_AVAILABLE_RESERVED,NONE,2026-05-18,17.82,VIX_NORMAL
NTRA,NTRA,2026-05-20,204.92,202.028,218.1564,185.8996,0.5897,0.1597,False,BB_MID,52.0241,RSI_NEUTRAL,36.9815,32.0887,46.767,KDJ_LOW_GOLDEN_CROSS,1.0186,0,8,0,58.0,TECH_TIMING_NEUTRAL,NONE,NOT_AVAILABLE_RESERVED,,,NOT_AVAILABLE_RESERVED,NOT_AVAILABLE_RESERVED,NONE,2026-05-20,17.44,VIX_NORMAL
NU,NU,2026-05-20,12.79,13.705,15.431,11.979,0.2349,0.2519,False,BB_LOWER_HALF,36.6635,RSI_WEAK,23.095,16.7227,35.8396,KDJ_NEUTRAL,1.6957,0,14,4,68.0,TECH_TIMING_WATCH_POSITIVE,NONE,NOT_AVAILABLE_RESERVED,,,NOT_AVAILABLE_RESERVED,NOT_AVAILABLE_RESERVED,NONE,2026-05-20,17.44,VIX_NORMAL
NUVB,NUVB,2026-05-20,4.51,4.6295,5.1377,4.1213,0.3824,0.2195,False,BB_LOWER_HALF,46.4908,RSI_NEUTRAL,35.2207,38.7987,28.0647,KDJ_NEUTRAL,1.0404,0,8,0,58.0,TECH_TIMING_NEUTRAL,NONE,NOT_AVAILABLE_RESERVED,,,NOT_AVAILABLE_RESERVED,NOT_AVAILABLE_RESERVED,NONE,2026-05-20,17.44,VIX_NORMAL
NVAX,NVAX,2026-05-21,8.979999542236328,8.791,10.129699,7.452301,0.570591,0.304561,False,BB_UPPER_HALF,59.999988,RSI_NEUTRAL,39.795904,39.795904,39.795904,KDJ_NEUTRAL,0.747032,0,0,0,50.0,TECH_TIMING_STAGED_REFRESH,STAGED_R25B_NOT_MERGED,NOT_AVAILABLE_RESERVED,,,NOT_AVAILABLE_RESERVED,NOT_AVAILABLE_RESERVED,NONE,,,
NVDA,NVDA,2026-05-18,222.32,211.314,233.721,188.907,0.7456,0.2121,False,BB_UPPER_HALF,61.6591,RSI_STRONG,76.0366,77.6392,72.8315,KDJ_HIGH_DEAD_CROSS,1.0535,10,0,0,40.0,TECH_TIMING_NEUTRAL,KDJ_HIGH_DEAD_CROSS,NOT_AVAILABLE_RESERVED,,,NOT_AVAILABLE_RESERVED,NOT_AVAILABLE_RESERVED,NONE,2026-05-18,17.82,VIX_NORMAL
NVT,NVT,2026-05-18,160.69,157.1615,186.6228,127.7003,0.5599,0.3749,False,BB_MID,57.1505,RSI_NEUTRAL,53.1852,73.556,12.4437,KDJ_NEUTRAL,0.7414,0,0,0,50.0,TECH_TIMING_NEUTRAL,NONE,NOT_AVAILABLE_RESERVED,,,NOT_AVAILABLE_RESERVED,NOT_AVAILABLE_RESERVED,NONE,2026-05-18,17.82,VIX_NORMAL
NXPI,NXPI,2026-05-18,291.68,276.42,334.8626,217.9774,0.6306,0.4229,False,BB_UPPER_HALF,64.4159,RSI_STRONG,43.8119,58.9036,13.6283,KDJ_NEUTRAL,0.782,0,0,0,50.0,TECH_TIMING_NEUTRAL,NONE,NOT_AVAILABLE_RESERVED,,,NOT_AVAILABLE_RESERVED,NOT_AVAILABLE_RESERVED,NONE,2026-05-18,17.82,VIX_NORMAL
OC,OC,2026-05-20,113.43,120.064,129.8028,110.3252,0.1594,0.1622,False,BB_LOWER_HALF,43.8357,RSI_WEAK,20.4164,19.0466,23.156,KDJ_LOW_GOLDEN_CROSS,1.0491,0,22,0,72.0,TECH_TIMING_WATCH_POSITIVE,NONE,NOT_AVAILABLE_RESERVED,,,NOT_AVAILABLE_RESERVED,NOT_AVAILABLE_RESERVED,NONE,2026-05-20,17.44,VIX_NORMAL
OKTA,OKTA,2026-05-21,90.19000244140625,80.293,89.622974,70.963026,1.030387,0.232398,False,BB_UPPER_HALF,74.750937,RSI_NEUTRAL,95.080941,95.080941,95.080941,KDJ_NEUTRAL,1.047657,0,0,10,30.0,TECH_TIMING_STAGED_REFRESH,STAGED_R25B_NOT_MERGED,NOT_AVAILABLE_RESERVED,,,NOT_AVAILABLE_RESERVED,NOT_AVAILABLE_RESERVED,NONE,,,
OLMA,OLMA,2026-05-21,13.944999694824219,14.32475,15.737936,12.911564,0.36564,0.197307,False,BB_LOWER_HALF,46.02333,RSI_NEUTRAL,43.760384,43.760384,43.760384,KDJ_NEUTRAL,0.989121,0,0,0,50.0,TECH_TIMING_STAGED_REFRESH,STAGED_R25B_NOT_MERGED,NOT_AVAILABLE_RESERVED,,,NOT_AVAILABLE_RESERVED,NOT_AVAILABLE_RESERVED,NONE,,,
OLPX,OLPX,2026-05-21,2.0299999713897705,2.0335,2.0445,2.0225,0.340909,0.010819,False,BB_LOWER_HALF,50.0,RSI_NEUTRAL,0.0,0.0,0.0,KDJ_OVERSOLD,1.12211,0,10,0,60.0,TECH_TIMING_STAGED_REFRESH,STAGED_R25B_NOT_MERGED,NOT_AVAILABLE_RESERVED,,,NOT_AVAILABLE_RESERVED,NOT_AVAILABLE_RESERVED,NONE,,,
ON,ON,2026-05-18,109.43,102.419,118.3957,86.4423,0.7194,0.312,False,BB_UPPER_HALF,64.0227,RSI_STRONG,74.2397,82.2735,58.1722,KDJ_NEUTRAL,0.9537,0,0,0,50.0,TECH_TIMING_NEUTRAL,NONE,NOT_AVAILABLE_RESERVED,,,NOT_AVAILABLE_RESERVED,NOT_AVAILABLE_RESERVED,NONE,2026-05-18,17.82,VIX_NORMAL
OPCH,OPCH,2026-05-21,21.559999465942383,21.9245,27.920927,15.928073,0.469607,0.547007,False,BB_LOWER_HALF,59.870965,RSI_NEUTRAL,76.28864,76.28864,76.28864,KDJ_NEUTRAL,0.730765,0,0,0,50.0,TECH_TIMING_STAGED_REFRESH,STAGED_R25B_NOT_MERGED,NOT_AVAILABLE_RESERVED,,,NOT_AVAILABLE_RESERVED,NOT_AVAILABLE_RESERVED,NONE,,,
ORCL,ORCL,2026-05-18,186.61,182.5005,204.9511,160.0499,0.5915,0.246,False,BB_MID,56.4677,RSI_NEUTRAL,57.9586,68.8474,36.181,KDJ_NEUTRAL,0.7392,0,0,0,50.0,TECH_TIMING_NEUTRAL,NONE,NOT_AVAILABLE_RESERVED,,,NOT_AVAILABLE_RESERVED,NOT_AVAILABLE_RESERVED,NONE,2026-05-18,17.82,VIX_NORMAL
PANW,PANW,2026-05-18,247.55,197.8005,246.866,148.735,1.007,0.4961,False,BB_ABOVE_UPPER,87.0014,RSI_EXTREME_OVERHEAT,96.7101,94.5824,100.9654,KDJ_EXTREME_OVERHEAT,1.29,40,0,4,14.0,TECH_TIMING_OVERHEAT_AVOID_CHASE,BB_UPPER_CHASE_RISK;RSI_EXTREME_OVERHEAT;KDJ_EXTREME_OVERHEAT,NOT_AVAILABLE_RESERVED,,,NOT_AVAILABLE_RESERVED,NOT_AVAILABLE_RESERVED,NONE,2026-05-18,17.82,VIX_NORMAL
PATH,PATH,2026-05-21,10.364999771118164,10.44475,11.171919,9.717581,0.445164,0.139241,False,BB_LOWER_HALF,46.424382,RSI_NEUTRAL,55.476179,55.476179,55.476179,KDJ_NEUTRAL,1.088476,0,0,0,50.0,TECH_TIMING_STAGED_REFRESH,STAGED_R25B_NOT_MERGED,NOT_AVAILABLE_RESERVED,,,NOT_AVAILABLE_RESERVED,NOT_AVAILABLE_RESERVED,NONE,,,
PCOR,PCOR,2026-05-21,45.7401008605957,52.030505,61.580422,42.480588,0.170657,0.367089,False,BB_LOWER_HALF,22.665143,RSI_OVERSOLD,4.198837,4.198837,4.198837,KDJ_OVERSOLD,0.66882,0,10,0,70.0,TECH_TIMING_STAGED_REFRESH,STAGED_R25B_NOT_MERGED,NOT_AVAILABLE_RESERVED,,,NOT_AVAILABLE_RESERVED,NOT_AVAILABLE_RESERVED,NONE,,,
PCT,PCT,2026-05-21,11.670000076293945,9.449,13.605142,5.292858,0.767195,0.8797,False,BB_UPPER_HALF,75.502005,RSI_NEUTRAL,73.000002,73.000002,73.000002,KDJ_NEUTRAL,0.990772,0,0,0,40.0,TECH_TIMING_STAGED_REFRESH,STAGED_R25B_NOT_MERGED,NOT_AVAILABLE_RESERVED,,,NOT_AVAILABLE_RESERVED,NOT_AVAILABLE_RESERVED,NONE,,,
PDD,PDD,2026-05-21,96.44000244140625,98.032,101.811129,94.252872,0.28937,0.0771,False,BB_LOWER_HALF,44.352618,RSI_WEAK,29.028735,29.028735,29.028735,KDJ_NEUTRAL,0.894204,0,10,0,60.0,TECH_TIMING_STAGED_REFRESH,STAGED_R25B_NOT_MERGED,NOT_AVAILABLE_RESERVED,,,NOT_AVAILABLE_RESERVED,NOT_AVAILABLE_RESERVED,NONE,,,
PFGC,PFGC,2026-05-21,94.55000305175781,92.196,98.690041,85.70196,0.681243,0.140875,False,BB_UPPER_HALF,68.312519,RSI_NEUTRAL,69.741886,69.741886,69.741886,KDJ_NEUTRAL,0.762197,0,0,0,50.0,TECH_TIMING_STAGED_REFRESH,STAGED_R25B_NOT_MERGED,NOT_AVAILABLE_RESERVED,,,NOT_AVAILABLE_RESERVED,NOT_AVAILABLE_RESERVED,NONE,,,
PGNY,PGNY,2026-05-21,24.809999465942383,21.238,26.619756,15.856243,0.831862,0.506804,False,BB_UPPER_HALF,75.767641,RSI_NEUTRAL,85.302544,85.302544,85.302544,KDJ_NEUTRAL,0.851269,0,0,0,40.0,TECH_TIMING_STAGED_REFRESH,STAGED_R25B_NOT_MERGED,NOT_AVAILABLE_RESERVED,,,NOT_AVAILABLE_RESERVED,NOT_AVAILABLE_RESERVED,NONE,,,
PI,PI,2026-05-21,142.6199951171875,140.719002,163.224101,118.213903,0.542235,0.319859,False,BB_UPPER_HALF,45.768016,RSI_NEUTRAL,45.548509,45.548509,45.548509,KDJ_NEUTRAL,0.734141,0,0,0,50.0,TECH_TIMING_STAGED_REFRESH,STAGED_R25B_NOT_MERGED,NOT_AVAILABLE_RESERVED,,,NOT_AVAILABLE_RESERVED,NOT_AVAILABLE_RESERVED,NONE,,,
PINS,PINS,2026-05-21,18.780000686645508,20.119,22.024559,18.213441,0.14866,0.189429,False,BB_LOWER_HALF,41.154799,RSI_WEAK,11.293959,11.293959,11.293959,KDJ_OVERSOLD,0.672729,0,10,0,60.0,TECH_TIMING_STAGED_REFRESH,STAGED_R25B_NOT_MERGED,NOT_AVAILABLE_RESERVED,,,NOT_AVAILABLE_RESERVED,NOT_AVAILABLE_RESERVED,NONE,,,
PLTR,PLTR,2026-05-18,135.14,139.253,150.0834,128.4226,0.3101,0.1555,True,BB_LOWER_HALF,45.0153,RSI_NEUTRAL,35.6168,29.5805,47.6893,KDJ_NEUTRAL,0.8827,0,8,0,58.0,TECH_TIMING_NEUTRAL,NONE,NOT_AVAILABLE_RESERVED,,,NOT_AVAILABLE_RESERVED,NOT_AVAILABLE_RESERVED,NONE,2026-05-18,17.82,VIX_NORMAL
PLUG,PLUG,2026-05-21,3.765000104904175,3.36775,3.91253,2.82297,0.864597,0.323527,False,BB_UPPER_HALF,63.906583,RSI_NEUTRAL,67.452833,67.452833,67.452833,KDJ_NEUTRAL,0.811734,0,0,10,50.0,TECH_TIMING_STAGED_REFRESH,STAGED_R25B_NOT_MERGED,NOT_AVAILABLE_RESERVED,,,NOT_AVAILABLE_RESERVED,NOT_AVAILABLE_RESERVED,NONE,,,
PM,PM,2026-05-21,188.8300018310547,176.769002,199.38124,154.156764,0.766692,0.255839,False,BB_UPPER_HALF,83.943154,RSI_NEUTRAL,84.542122,84.542122,84.542122,KDJ_NEUTRAL,0.918667,0,0,0,40.0,TECH_TIMING_STAGED_REFRESH,STAGED_R25B_NOT_MERGED,NOT_AVAILABLE_RESERVED,,,NOT_AVAILABLE_RESERVED,NOT_AVAILABLE_RESERVED,NONE,,,
PONY,PONY,2026-05-22,8.920000076293945,9.3545,10.800079,7.908921,0.349714,0.309066,False,BB_LOWER_HALF,27.844345,RSI_OVERSOLD,34.962419,34.962419,34.962419,KDJ_NEUTRAL,1.127738,0,10,0,70.0,TECH_TIMING_V18_35D_RECOMPUTE,V18_35D_NOT_MERGED,NOT_AVAILABLE_RESERVED,,,NOT_AVAILABLE_RESERVED,NOT_AVAILABLE_RESERVED,NONE,,,
POWL,POWL,2026-05-18,266.8,279.924,332.6856,227.1623,0.3756,0.377,False,BB_LOWER_HALF,49.3974,RSI_NEUTRAL,39.701,57.5987,3.9055,KDJ_NEUTRAL,1.0752,0,8,0,58.0,TECH_TIMING_NEUTRAL,NONE,NOT_AVAILABLE_RESERVED,,,NOT_AVAILABLE_RESERVED,NOT_AVAILABLE_RESERVED,NONE,2026-05-18,17.82,VIX_NORMAL
PSIX,PSIX,2026-05-21,38.619998931884766,58.346499,90.320027,26.372971,0.191518,1.095988,False,BB_LOWER_HALF,27.934664,RSI_OVERSOLD,6.101474,6.101474,6.101474,KDJ_OVERSOLD,0.7193,0,10,0,70.0,TECH_TIMING_STAGED_REFRESH,STAGED_R25B_NOT_MERGED,NOT_AVAILABLE_RESERVED,,,NOT_AVAILABLE_RESERVED,NOT_AVAILABLE_RESERVED,NONE,,,
PSTG,PSTG,2026-05-18,77.07,75.5695,86.8834,64.2556,0.5663,0.2994,False,BB_MID,54.8345,RSI_NEUTRAL,43.5494,57.3572,15.9337,KDJ_NEUTRAL,0.9962,0,0,0,50.0,TECH_TIMING_NEUTRAL,NONE,NOT_AVAILABLE_RESERVED,,,NOT_AVAILABLE_RESERVED,NOT_AVAILABLE_RESERVED,NONE,2026-05-18,17.82,VIX_NORMAL
PTGX,PTGX,2026-05-21,100.05000305175781,100.5795,104.776325,96.382675,0.436917,0.083453,False,BB_LOWER_HALF,52.355581,RSI_NEUTRAL,37.195412,37.195412,37.195412,KDJ_NEUTRAL,0.695265,0,0,0,50.0,TECH_TIMING_STAGED_REFRESH,STAGED_R25B_NOT_MERGED,NOT_AVAILABLE_RESERVED,,,NOT_AVAILABLE_RESERVED,NOT_AVAILABLE_RESERVED,NONE,,,
PTON,PTON,2026-05-21,5.074999809265137,5.30925,5.640011,4.978489,0.145892,0.124598,False,BB_LOWER_HALF,42.016803,RSI_WEAK,16.08695,16.08695,16.08695,KDJ_OVERSOLD,0.728443,0,10,0,60.0,TECH_TIMING_STAGED_REFRESH,STAGED_R25B_NOT_MERGED,NOT_AVAILABLE_RESERVED,,,NOT_AVAILABLE_RESERVED,NOT_AVAILABLE_RESERVED,NONE,,,
PUMP,PUMP,2026-05-21,16.94499969482422,16.88375,18.316289,15.451211,0.521378,0.169694,False,BB_UPPER_HALF,52.63157,RSI_NEUTRAL,56.06758,56.06758,56.06758,KDJ_NEUTRAL,0.866194,0,0,0,50.0,TECH_TIMING_STAGED_REFRESH,STAGED_R25B_NOT_MERGED,NOT_AVAILABLE_RESERVED,,,NOT_AVAILABLE_RESERVED,NOT_AVAILABLE_RESERVED,NONE,,,
PWR,PWR,2026-05-18,723.03,712.434,848.6552,576.2128,0.5389,0.3824,False,BB_MID,55.8348,RSI_NEUTRAL,50.4889,71.1612,9.1443,KDJ_NEUTRAL,0.9692,0,0,0,50.0,TECH_TIMING_NEUTRAL,NONE,NOT_AVAILABLE_RESERVED,,,NOT_AVAILABLE_RESERVED,NOT_AVAILABLE_RESERVED,NONE,2026-05-18,17.82,VIX_NORMAL
PYPL,PYPL,2026-05-21,44.1349983215332,46.90325,52.024967,41.781532,0.229754,0.218395,False,BB_LOWER_HALF,11.247667,RSI_OVERSOLD,14.821622,14.821622,14.821622,KDJ_OVERSOLD,0.747464,0,10,0,70.0,TECH_TIMING_STAGED_REFRESH,STAGED_R25B_NOT_MERGED,NOT_AVAILABLE_RESERVED,,,NOT_AVAILABLE_RESERVED,NOT_AVAILABLE_RESERVED,NONE,,,
QCOM,QCOM,2026-05-18,203.64,180.132,242.5228,117.7412,0.6884,0.6927,False,BB_UPPER_HALF,63.0823,RSI_STRONG,45.6637,59.3727,18.2457,KDJ_NEUTRAL,0.9003,0,0,0,50.0,TECH_TIMING_NEUTRAL,NONE,NOT_AVAILABLE_RESERVED,,,NOT_AVAILABLE_RESERVED,NOT_AVAILABLE_RESERVED,NONE,2026-05-18,17.82,VIX_NORMAL
QQQ,QQQ,2026-05-18,705.88,683.3125,732.8821,633.7429,0.7276,0.1451,False,BB_UPPER_HALF,68.9792,RSI_STRONG,75.8935,86.339,55.0026,KDJ_NEUTRAL,1.1073,0,0,0,50.0,TECH_TIMING_NEUTRAL,NONE,NOT_AVAILABLE_RESERVED,,,NOT_AVAILABLE_RESERVED,NOT_AVAILABLE_RESERVED,NONE,2026-05-18,17.82,VIX_NORMAL
QS,QS,2026-05-21,7.989999771118164,7.609,8.656834,6.561166,0.681803,0.27542,False,BB_UPPER_HALF,57.620039,RSI_NEUTRAL,46.774196,46.774196,46.774196,KDJ_NEUTRAL,0.734616,0,0,0,50.0,TECH_TIMING_STAGED_REFRESH,STAGED_R25B_NOT_MERGED,NOT_AVAILABLE_RESERVED,,,NOT_AVAILABLE_RESERVED,NOT_AVAILABLE_RESERVED,NONE,,,
QSR,QSR,2026-05-21,75.20500183105469,78.17975,81.996731,74.362769,0.110327,0.097646,False,BB_LOWER_HALF,33.857479,RSI_WEAK,5.325925,5.325925,5.325925,KDJ_OVERSOLD,0.539603,0,10,0,70.0,TECH_TIMING_STAGED_REFRESH,STAGED_R25B_NOT_MERGED,NOT_AVAILABLE_RESERVED,,,NOT_AVAILABLE_RESERVED,NOT_AVAILABLE_RESERVED,NONE,,,
RBLX,RBLX,2026-05-21,46.47999954223633,47.1765,58.201368,36.151632,0.468412,0.467388,False,BB_LOWER_HALF,52.972256,RSI_NEUTRAL,76.449263,76.449263,76.449263,KDJ_NEUTRAL,0.779116,0,0,0,50.0,TECH_TIMING_STAGED_REFRESH,STAGED_R25B_NOT_MERGED,NOT_AVAILABLE_RESERVED,,,NOT_AVAILABLE_RESERVED,NOT_AVAILABLE_RESERVED,NONE,,,
RDDT,RDDT,2026-05-22,141.48739624023438,156.465369,172.592154,140.338585,0.035618,0.206139,False,BB_LOWER_HALF,27.122231,RSI_OVERSOLD,1.892081,1.892081,1.892081,KDJ_OVERSOLD,0.874082,0,10,0,70.0,TECH_TIMING_STAGED_REFRESH,STAGED_R27F_NOT_MERGED,NOT_AVAILABLE_RESERVED,,,NOT_AVAILABLE_RESERVED,NOT_AVAILABLE_RESERVED,NONE,,,
RERE,RERE,2026-05-21,5.005000114440918,4.60775,5.080132,4.135368,0.920476,0.205038,False,BB_UPPER_HALF,62.582077,RSI_NEUTRAL,78.333358,78.333358,78.333358,KDJ_NEUTRAL,2.04101,0,0,10,40.0,TECH_TIMING_STAGED_REFRESH,STAGED_R25B_NOT_MERGED,NOT_AVAILABLE_RESERVED,,,NOT_AVAILABLE_RESERVED,NOT_AVAILABLE_RESERVED,NONE,,,
RH,RH,2026-05-21,132.7100067138672,129.7325,139.32885,120.13615,0.655137,0.147941,False,BB_UPPER_HALF,52.773285,RSI_NEUTRAL,83.267993,83.267993,83.267993,KDJ_NEUTRAL,1.141668,0,0,0,50.0,TECH_TIMING_STAGED_REFRESH,STAGED_R25B_NOT_MERGED,NOT_AVAILABLE_RESERVED,,,NOT_AVAILABLE_RESERVED,NOT_AVAILABLE_RESERVED,NONE,,,
RIOT,RIOT,2026-05-21,24.6299991607666,21.65525,27.909538,15.400962,0.737817,0.577623,False,BB_UPPER_HALF,74.717739,RSI_NEUTRAL,84.025957,84.025957,84.025957,KDJ_NEUTRAL,0.684356,0,0,0,40.0,TECH_TIMING_STAGED_REFRESH,STAGED_R25B_NOT_MERGED,NOT_AVAILABLE_RESERVED,,,NOT_AVAILABLE_RESERVED,NOT_AVAILABLE_RESERVED,NONE,,,
RKT,RKT,2026-05-21,13.385000228881836,14.32175,15.972959,12.670541,0.216344,0.230588,False,BB_LOWER_HALF,42.543075,RSI_WEAK,28.879317,28.879317,28.879317,KDJ_NEUTRAL,1.023194,0,10,0,60.0,TECH_TIMING_STAGED_REFRESH,STAGED_R25B_NOT_MERGED,NOT_AVAILABLE_RESERVED,,,NOT_AVAILABLE_RESERVED,NOT_AVAILABLE_RESERVED,NONE,,,
RNG,RNG,2026-05-21,41.6349983215332,42.60875,48.034675,37.182824,0.410269,0.254686,False,BB_LOWER_HALF,41.196004,RSI_WEAK,34.14053,34.14053,34.14053,KDJ_NEUTRAL,0.785104,0,0,0,50.0,TECH_TIMING_STAGED_REFRESH,STAGED_R25B_NOT_MERGED,NOT_AVAILABLE_RESERVED,,,NOT_AVAILABLE_RESERVED,NOT_AVAILABLE_RESERVED,NONE,,,
ROKU,ROKU,2026-05-21,126.15499877929688,122.77725,133.475826,112.078674,0.65786,0.174276,False,BB_UPPER_HALF,54.783573,RSI_NEUTRAL,55.6356,55.6356,55.6356,KDJ_NEUTRAL,0.643946,0,0,0,50.0,TECH_TIMING_STAGED_REFRESH,STAGED_R25B_NOT_MERGED,NOT_AVAILABLE_RESERVED,,,NOT_AVAILABLE_RESERVED,NOT_AVAILABLE_RESERVED,NONE,,,
RSP,RSP,2026-05-21,203.22000122070312,202.801501,205.13532,200.467682,0.58966,0.023016,False,BB_UPPER_HALF,51.288633,RSI_NEUTRAL,52.173982,52.173982,52.173982,KDJ_NEUTRAL,1.19441,0,0,0,50.0,TECH_TIMING_STAGED_REFRESH,STAGED_R25B_NOT_MERGED,NOT_AVAILABLE_RESERVED,,,NOT_AVAILABLE_RESERVED,NOT_AVAILABLE_RESERVED,NONE,,,
RTX,RTX,2026-05-21,175.10000610351562,175.220499,179.223708,171.217291,0.48495,0.045693,False,BB_LOWER_HALF,52.405721,RSI_NEUTRAL,47.213226,47.213226,47.213226,KDJ_NEUTRAL,0.892395,0,0,0,50.0,TECH_TIMING_STAGED_REFRESH,STAGED_R25B_NOT_MERGED,NOT_AVAILABLE_RESERVED,,,NOT_AVAILABLE_RESERVED,NOT_AVAILABLE_RESERVED,NONE,,,
RVMD,RVMD,2026-05-21,153.50999450683594,144.845,155.25141,134.43859,0.91633,0.14369,False,BB_UPPER_HALF,65.564673,RSI_NEUTRAL,96.613309,96.613309,96.613309,KDJ_NEUTRAL,0.747436,0,0,10,40.0,TECH_TIMING_STAGED_REFRESH,STAGED_R25B_NOT_MERGED,NOT_AVAILABLE_RESERVED,,,NOT_AVAILABLE_RESERVED,NOT_AVAILABLE_RESERVED,NONE,,,
SANM,SANM,2026-05-18,225.14,218.029,266.0547,170.0033,0.574,0.4405,False,BB_MID,60.2121,RSI_STRONG,47.447,64.3967,13.5478,KDJ_NEUTRAL,0.7165,0,0,0,50.0,TECH_TIMING_NEUTRAL,NONE,NOT_AVAILABLE_RESERVED,,,NOT_AVAILABLE_RESERVED,NOT_AVAILABLE_RESERVED,NONE,2026-05-18,17.82,VIX_NORMAL
SATS,SATS,2026-05-21,135.77000427246094,127.838,142.338765,113.337234,0.773503,0.226862,False,BB_UPPER_HALF,64.258215,RSI_NEUTRAL,62.618053,62.618053,62.618053,KDJ_NEUTRAL,1.070521,0,0,0,50.0,TECH_TIMING_STAGED_REFRESH,STAGED_R25B_NOT_MERGED,NOT_AVAILABLE_RESERVED,,,NOT_AVAILABLE_RESERVED,NOT_AVAILABLE_RESERVED,NONE,,,
SCCO,SCCO,2026-05-21,176.0,176.437208,192.014658,160.859757,0.485967,0.176578,False,BB_LOWER_HALF,54.6054,RSI_NEUTRAL,38.303546,38.303546,38.303546,KDJ_NEUTRAL,0.755867,0,0,0,50.0,TECH_TIMING_STAGED_REFRESH,STAGED_R25B_NOT_MERGED,NOT_AVAILABLE_RESERVED,,,NOT_AVAILABLE_RESERVED,NOT_AVAILABLE_RESERVED,NONE,,,
SCHW,SCHW,2026-05-21,89.91500091552734,90.614751,93.196443,88.033059,0.364478,0.056982,False,BB_LOWER_HALF,44.936112,RSI_WEAK,39.604818,39.604818,39.604818,KDJ_NEUTRAL,0.962176,0,0,0,50.0,TECH_TIMING_STAGED_REFRESH,STAGED_R25B_NOT_MERGED,NOT_AVAILABLE_RESERVED,,,NOT_AVAILABLE_RESERVED,NOT_AVAILABLE_RESERVED,NONE,,,
SE,SE,2026-05-21,87.62000274658203,87.3525,93.316607,81.388393,0.522426,0.136553,False,BB_UPPER_HALF,52.074821,RSI_NEUTRAL,31.875616,31.875616,31.875616,KDJ_NEUTRAL,0.717148,0,0,0,50.0,TECH_TIMING_STAGED_REFRESH,STAGED_R25B_NOT_MERGED,NOT_AVAILABLE_RESERVED,,,NOT_AVAILABLE_RESERVED,NOT_AVAILABLE_RESERVED,NONE,,,
SEI,SEI,2026-05-21,72.73500061035156,74.10875,78.803972,69.413528,0.353708,0.126712,False,BB_LOWER_HALF,50.834532,RSI_NEUTRAL,42.290572,42.290572,42.290572,KDJ_NEUTRAL,1.019215,0,0,0,50.0,TECH_TIMING_STAGED_REFRESH,STAGED_R25B_NOT_MERGED,NOT_AVAILABLE_RESERVED,,,NOT_AVAILABLE_RESERVED,NOT_AVAILABLE_RESERVED,NONE,,,
SFIX,SFIX,2026-05-21,3.2249999046325684,3.44475,4.005343,2.884157,0.304002,0.325477,False,BB_LOWER_HALF,24.66368,RSI_OVERSOLD,31.249988,31.249988,31.249988,KDJ_NEUTRAL,1.323302,0,10,0,70.0,TECH_TIMING_STAGED_REFRESH,STAGED_R25B_NOT_MERGED,NOT_AVAILABLE_RESERVED,,,NOT_AVAILABLE_RESERVED,NOT_AVAILABLE_RESERVED,NONE,,,
SFM,SFM,2026-05-21,84.61499786376953,81.58675,93.534582,69.638918,0.626728,0.292887,False,BB_UPPER_HALF,56.09105,RSI_NEUTRAL,39.877099,39.877099,39.877099,KDJ_NEUTRAL,0.920891,0,0,0,50.0,TECH_TIMING_STAGED_REFRESH,STAGED_R25B_NOT_MERGED,NOT_AVAILABLE_RESERVED,,,NOT_AVAILABLE_RESERVED,NOT_AVAILABLE_RESERVED,NONE,,,
SHOP,SHOP,2026-05-21,104.36000061035156,110.659501,132.15509,89.163911,0.35347,0.3885,False,BB_LOWER_HALF,29.866986,RSI_OVERSOLD,29.273808,29.273808,29.273808,KDJ_NEUTRAL,0.719563,0,0,0,60.0,TECH_TIMING_STAGED_REFRESH,STAGED_R25B_NOT_MERGED,NOT_AVAILABLE_RESERVED,,,NOT_AVAILABLE_RESERVED,NOT_AVAILABLE_RESERVED,NONE,,,
SHW,SHW,2026-05-21,303.8699951171875,314.621999,335.430065,293.813933,0.241639,0.132273,False,BB_LOWER_HALF,39.723642,RSI_WEAK,27.545407,27.545407,27.545407,KDJ_NEUTRAL,1.071038,0,10,0,70.0,TECH_TIMING_STAGED_REFRESH,STAGED_R25B_NOT_MERGED,NOT_AVAILABLE_RESERVED,,,NOT_AVAILABLE_RESERVED,NOT_AVAILABLE_RESERVED,NONE,,,
SITM,SITM,2026-05-21,702.885009765625,684.715753,930.220967,439.21054,0.537004,0.717101,False,BB_UPPER_HALF,62.882326,RSI_NEUTRAL,42.629765,42.629765,42.629765,KDJ_NEUTRAL,1.376442,0,0,0,50.0,TECH_TIMING_STAGED_REFRESH,STAGED_R25B_NOT_MERGED,NOT_AVAILABLE_RESERVED,,,NOT_AVAILABLE_RESERVED,NOT_AVAILABLE_RESERVED,NONE,,,
SMCI,SMCI,2026-05-18,30.85,30.099,35.9598,24.2382,0.5641,0.3894,False,BB_MID,53.0343,RSI_NEUTRAL,44.6442,58.1262,17.6802,KDJ_NEUTRAL,0.7567,0,0,0,50.0,TECH_TIMING_NEUTRAL,NONE,NOT_AVAILABLE_RESERVED,,,NOT_AVAILABLE_RESERVED,NOT_AVAILABLE_RESERVED,NONE,2026-05-18,17.82,VIX_NORMAL
SMH,SMH,2026-05-18,546.16,526.0055,597.4258,454.5852,0.6411,0.2716,False,BB_UPPER_HALF,61.8329,RSI_STRONG,64.6481,80.8286,32.2871,KDJ_NEUTRAL,1.2079,0,0,4,54.0,TECH_TIMING_NEUTRAL,NONE,NOT_AVAILABLE_RESERVED,,,NOT_AVAILABLE_RESERVED,NOT_AVAILABLE_RESERVED,NONE,2026-05-18,17.82,VIX_NORMAL
SMTC,SMTC,2026-05-21,148.1699981689453,122.178001,154.708194,89.647807,0.899506,0.532505,False,BB_UPPER_HALF,79.580768,RSI_NEUTRAL,96.907203,96.907203,96.907203,KDJ_NEUTRAL,0.941945,0,0,10,40.0,TECH_TIMING_STAGED_REFRESH,STAGED_R25B_NOT_MERGED,NOT_AVAILABLE_RESERVED,,,NOT_AVAILABLE_RESERVED,NOT_AVAILABLE_RESERVED,NONE,,,
SNDK,SNDK,2026-05-18,1333.01,1238.4885,1670.9459,806.0311,0.6093,0.6984,False,BB_UPPER_HALF,59.5367,RSI_NEUTRAL,45.0423,63.9341,7.2587,KDJ_NEUTRAL,0.8825,0,0,0,50.0,TECH_TIMING_NEUTRAL,NONE,NOT_AVAILABLE_RESERVED,,,NOT_AVAILABLE_RESERVED,NOT_AVAILABLE_RESERVED,NONE,2026-05-18,17.82,VIX_NORMAL
SNOW,SNOW,2026-05-18,164.24,147.939,162.3122,133.5658,1.0671,0.1943,False,BB_ABOVE_UPPER,63.0516,RSI_STRONG,84.5198,76.2304,101.0986,KDJ_NEUTRAL,1.019,10,0,5,45.0,TECH_TIMING_NEUTRAL,BB_UPPER_CHASE_RISK,NOT_AVAILABLE_RESERVED,,,NOT_AVAILABLE_RESERVED,NOT_AVAILABLE_RESERVED,NONE,2026-05-18,17.82,VIX_NORMAL
SNPS,SNPS,2026-05-21,501.55499267578125,500.304752,520.502277,480.107226,0.53095,0.080741,False,BB_UPPER_HALF,60.580749,RSI_NEUTRAL,60.481027,60.481027,60.481027,KDJ_NEUTRAL,0.960193,0,0,0,50.0,TECH_TIMING_STAGED_REFRESH,STAGED_R25B_NOT_MERGED,NOT_AVAILABLE_RESERVED,,,NOT_AVAILABLE_RESERVED,NOT_AVAILABLE_RESERVED,NONE,,,
SOLS,SOLS,2026-05-22,81.76000213623047,82.201,88.543711,75.858288,0.465236,0.154322,False,BB_MID,50.864881,RSI_NEUTRAL,37.003505,37.003505,37.003505,KDJ_NEUTRAL,0.852926,0,0,0,50.0,TECH_TIMING_V18_35D_RECOMPUTE,V18_35D_NOT_MERGED,NOT_AVAILABLE_RESERVED,,,NOT_AVAILABLE_RESERVED,NOT_AVAILABLE_RESERVED,NONE,,,
SOXL,SOXL,2026-05-18,151.75,143.451,202.0144,84.8877,0.5709,0.8165,False,BB_MID,56.381,RSI_NEUTRAL,57.7382,76.0622,21.0901,KDJ_NEUTRAL,1.0261,0,0,0,50.0,TECH_TIMING_NEUTRAL,NONE,NOT_AVAILABLE_RESERVED,,,NOT_AVAILABLE_RESERVED,NOT_AVAILABLE_RESERVED,NONE,2026-05-18,17.82,VIX_NORMAL
SOXX,SOXX,2026-05-18,495.87,480.1075,551.5834,408.6316,0.6103,0.2977,False,BB_UPPER_HALF,59.9592,RSI_NEUTRAL,60.7062,78.9416,24.2355,KDJ_NEUTRAL,1.1683,0,0,0,50.0,TECH_TIMING_NEUTRAL,NONE,NOT_AVAILABLE_RESERVED,,,NOT_AVAILABLE_RESERVED,NOT_AVAILABLE_RESERVED,NONE,2026-05-18,17.82,VIX_NORMAL
SPOT,SPOT,2026-05-21,503.5199890136719,444.201001,498.89154,389.510462,1.042315,0.246242,False,BB_UPPER_HALF,70.364521,RSI_NEUTRAL,92.818333,92.818333,92.818333,KDJ_NEUTRAL,0.903186,0,0,10,30.0,TECH_TIMING_STAGED_REFRESH,STAGED_R25B_NOT_MERGED,NOT_AVAILABLE_RESERVED,,,NOT_AVAILABLE_RESERVED,NOT_AVAILABLE_RESERVED,NONE,,,
SPY,SPY,2026-05-18,738.65,725.301,752.3212,698.2808,0.747,0.0745,False,BB_UPPER_HALF,67.3661,RSI_STRONG,72.3811,83.6136,49.9162,KDJ_NEUTRAL,1.0195,0,0,0,50.0,TECH_TIMING_NEUTRAL,NONE,NOT_AVAILABLE_RESERVED,,,NOT_AVAILABLE_RESERVED,NOT_AVAILABLE_RESERVED,NONE,2026-05-18,17.82,VIX_NORMAL
STG,STG,2026-05-21,3.1600000858306885,3.19855,3.422901,2.974199,0.414086,0.140283,False,BB_LOWER_HALF,51.851851,RSI_NEUTRAL,26.388896,26.388896,26.388896,KDJ_NEUTRAL,2.044267,0,0,0,50.0,TECH_TIMING_STAGED_REFRESH,STAGED_R25B_NOT_MERGED,NOT_AVAILABLE_RESERVED,,,NOT_AVAILABLE_RESERVED,NOT_AVAILABLE_RESERVED,NONE,,,
STM,STM,2026-05-21,64.6449966430664,57.93625,67.238402,48.634097,0.860602,0.321117,False,BB_UPPER_HALF,67.089335,RSI_NEUTRAL,93.785036,93.785036,93.785036,KDJ_NEUTRAL,0.837763,0,0,10,50.0,TECH_TIMING_STAGED_REFRESH,STAGED_R25B_NOT_MERGED,NOT_AVAILABLE_RESERVED,,,NOT_AVAILABLE_RESERVED,NOT_AVAILABLE_RESERVED,NONE,,,
STUB,STUB,2026-05-22,9.979999542236328,8.173,10.146029,6.199971,0.957925,0.482816,False,BB_NEAR_UPPER,84.890113,RSI_OVERHEAT,90.336725,90.336725,90.336725,KDJ_NEUTRAL,1.343548,10,0,10,30.0,TECH_TIMING_V18_35D_RECOMPUTE,V18_35D_NOT_MERGED,NOT_AVAILABLE_RESERVED,,,NOT_AVAILABLE_RESERVED,NOT_AVAILABLE_RESERVED,NONE,,,
STX,STX,2026-05-18,740.84,708.9345,902.8995,514.9695,0.5822,0.5472,False,BB_MID,60.5342,RSI_STRONG,56.1123,73.6569,21.023,KDJ_NEUTRAL,0.6717,0,0,0,50.0,TECH_TIMING_NEUTRAL,NONE,NOT_AVAILABLE_RESERVED,,,NOT_AVAILABLE_RESERVED,NOT_AVAILABLE_RESERVED,NONE,2026-05-18,17.82,VIX_NORMAL
TEAM,TEAM,2026-05-21,83.10070037841797,83.167785,99.897926,66.437645,0.497995,0.402323,False,BB_LOWER_HALF,42.611352,RSI_WEAK,27.048804,27.048804,27.048804,KDJ_NEUTRAL,0.603599,0,0,0,50.0,TECH_TIMING_STAGED_REFRESH,STAGED_R25B_NOT_MERGED,NOT_AVAILABLE_RESERVED,,,NOT_AVAILABLE_RESERVED,NOT_AVAILABLE_RESERVED,NONE,,,
TER,TER,2026-05-18,321.05,362.819,418.2502,307.3878,0.1232,0.3056,False,BB_LOWER_HALF,41.7071,RSI_WEAK,27.6618,42.1656,-1.3458,KDJ_NEUTRAL,0.9326,0,14,0,64.0,TECH_TIMING_PULLBACK_WATCH,NONE,NOT_AVAILABLE_RESERVED,,,NOT_AVAILABLE_RESERVED,NOT_AVAILABLE_RESERVED,NONE,2026-05-18,17.82,VIX_NORMAL
TEVA,TEVA,2026-05-21,33.93000030517578,34.603,37.845512,31.360488,0.396222,0.187412,False,BB_LOWER_HALF,40.693426,RSI_WEAK,9.467444,9.467444,9.467444,KDJ_OVERSOLD,0.603964,0,0,0,50.0,TECH_TIMING_STAGED_REFRESH,STAGED_R25B_NOT_MERGED,NOT_AVAILABLE_RESERVED,,,NOT_AVAILABLE_RESERVED,NOT_AVAILABLE_RESERVED,NONE,,,
TIGR,TIGR,2026-05-21,5.764999866485596,6.44525,7.1386,5.7519,0.009447,0.215151,False,BB_LOWER_HALF,29.940111,RSI_OVERSOLD,3.906228,3.906228,3.906228,KDJ_OVERSOLD,1.276576,0,10,0,70.0,TECH_TIMING_STAGED_REFRESH,STAGED_R25B_NOT_MERGED,NOT_AVAILABLE_RESERVED,,,NOT_AVAILABLE_RESERVED,NOT_AVAILABLE_RESERVED,NONE,,,
TLN,TLN,2026-05-22,366.2513122558594,364.497566,410.53219,318.462942,0.519048,0.252592,False,BB_UPPER_HALF,44.780423,RSI_WEAK,53.010923,53.010923,53.010923,KDJ_NEUTRAL,0.96246,0,0,0,50.0,TECH_TIMING_STAGED_REFRESH,STAGED_R27F_NOT_MERGED,NOT_AVAILABLE_RESERVED,,,NOT_AVAILABLE_RESERVED,NOT_AVAILABLE_RESERVED,NONE,,,
TQQQ,TQQQ,2026-05-18,74.32,68.1365,82.3223,53.9507,0.7179,0.4164,False,BB_UPPER_HALF,67.2194,RSI_STRONG,73.5513,84.9331,50.7877,KDJ_NEUTRAL,1.0214,0,0,0,50.0,TECH_TIMING_NEUTRAL,NONE,NOT_AVAILABLE_RESERVED,,,NOT_AVAILABLE_RESERVED,NOT_AVAILABLE_RESERVED,NONE,2026-05-18,17.82,VIX_NORMAL
TSEM,TSEM,2026-05-21,272.67498779296875,231.28975,286.543191,176.036309,0.874504,0.477785,False,BB_UPPER_HALF,65.80233,RSI_NEUTRAL,86.93835,86.93835,86.93835,KDJ_NEUTRAL,0.863885,0,0,10,50.0,TECH_TIMING_STAGED_REFRESH,STAGED_R25B_NOT_MERGED,NOT_AVAILABLE_RESERVED,,,NOT_AVAILABLE_RESERVED,NOT_AVAILABLE_RESERVED,NONE,,,
TSLA,TSLA,2026-05-18,409.99,402.1945,453.4195,350.9695,0.5761,0.2547,False,BB_MID,52.6755,RSI_NEUTRAL,63.0736,75.1247,38.9715,KDJ_NEUTRAL,0.942,0,0,0,50.0,TECH_TIMING_NEUTRAL,NONE,NOT_AVAILABLE_RESERVED,,,NOT_AVAILABLE_RESERVED,NOT_AVAILABLE_RESERVED,NONE,2026-05-18,17.82,VIX_NORMAL
TSM,TSM,2026-05-18,395.95,399.3255,423.3644,375.2866,0.4298,0.1204,False,BB_MID,52.1884,RSI_NEUTRAL,48.8646,57.3929,31.808,KDJ_NEUTRAL,1.0182,0,0,0,50.0,TECH_TIMING_NEUTRAL,NONE,NOT_AVAILABLE_RESERVED,,,NOT_AVAILABLE_RESERVED,NOT_AVAILABLE_RESERVED,NONE,2026-05-18,17.82,VIX_NORMAL
TTD,TTD,2026-05-21,20.950000762939453,22.597,25.450721,19.743279,0.21143,0.252575,False,BB_LOWER_HALF,29.514329,RSI_OVERSOLD,22.310772,22.310772,22.310772,KDJ_NEUTRAL,0.862178,0,10,0,70.0,TECH_TIMING_STAGED_REFRESH,STAGED_R25B_NOT_MERGED,NOT_AVAILABLE_RESERVED,,,NOT_AVAILABLE_RESERVED,NOT_AVAILABLE_RESERVED,NONE,,,
TTMI,TTMI,2026-05-21,175.26499938964844,158.876751,179.124206,138.629296,0.904699,0.254883,False,BB_UPPER_HALF,62.131941,RSI_NEUTRAL,88.729659,88.729659,88.729659,KDJ_NEUTRAL,0.74904,0,0,10,40.0,TECH_TIMING_STAGED_REFRESH,STAGED_R25B_NOT_MERGED,NOT_AVAILABLE_RESERVED,,,NOT_AVAILABLE_RESERVED,NOT_AVAILABLE_RESERVED,NONE,,,
TTWO,TTWO,2026-05-21,239.8000030517578,225.646,246.840873,204.451127,0.833902,0.18786,False,BB_UPPER_HALF,74.827657,RSI_NEUTRAL,76.997152,76.997152,76.997152,KDJ_NEUTRAL,1.066604,0,0,0,40.0,TECH_TIMING_STAGED_REFRESH,STAGED_R25B_NOT_MERGED,NOT_AVAILABLE_RESERVED,,,NOT_AVAILABLE_RESERVED,NOT_AVAILABLE_RESERVED,NONE,,,
TWLO,TWLO,2026-05-21,183.88999938964844,181.171498,225.668637,136.67436,0.530547,0.491216,False,BB_UPPER_HALF,50.492041,RSI_NEUTRAL,9.373581,9.373581,9.373581,KDJ_OVERSOLD,0.883381,0,0,0,50.0,TECH_TIMING_STAGED_REFRESH,STAGED_R25B_NOT_MERGED,NOT_AVAILABLE_RESERVED,,,NOT_AVAILABLE_RESERVED,NOT_AVAILABLE_RESERVED,NONE,,,
TWST,TWST,2026-05-21,53.935001373291016,56.00025,63.134446,48.866054,0.355257,0.254792,False,BB_LOWER_HALF,36.099768,RSI_WEAK,47.178064,47.178064,47.178064,KDJ_NEUTRAL,1.015424,0,0,0,60.0,TECH_TIMING_STAGED_REFRESH,STAGED_R25B_NOT_MERGED,NOT_AVAILABLE_RESERVED,,,NOT_AVAILABLE_RESERVED,NOT_AVAILABLE_RESERVED,NONE,,,
TXN,TXN,2026-05-18,300.6,281.4895,321.6976,241.2814,0.7376,0.2857,False,BB_UPPER_HALF,72.3231,RSI_OVERHEAT,80.7325,85.2699,71.6575,KDJ_OVERHEAT,0.7278,20,0,0,30.0,TECH_TIMING_NEUTRAL,RSI_OVERHEAT;KDJ_OVERHEAT,NOT_AVAILABLE_RESERVED,,,NOT_AVAILABLE_RESERVED,NOT_AVAILABLE_RESERVED,NONE,2026-05-18,17.82,VIX_NORMAL
U,U,2026-05-21,25.799999237060547,26.8075,27.967498,25.647502,0.065732,0.086543,False,BB_LOWER_HALF,39.461172,RSI_WEAK,10.829176,10.829176,10.829176,KDJ_OVERSOLD,0.748943,0,10,0,70.0,TECH_TIMING_STAGED_REFRESH,STAGED_R25B_NOT_MERGED,NOT_AVAILABLE_RESERVED,,,NOT_AVAILABLE_RESERVED,NOT_AVAILABLE_RESERVED,NONE,,,
UAL,UAL,2026-05-21,96.70999908447266,94.147,101.198619,87.09538,0.681731,0.1498,False,BB_UPPER_HALF,56.127529,RSI_NEUTRAL,54.244994,54.244994,54.244994,KDJ_NEUTRAL,1.017243,0,0,0,50.0,TECH_TIMING_STAGED_REFRESH,STAGED_R25B_NOT_MERGED,NOT_AVAILABLE_RESERVED,,,NOT_AVAILABLE_RESERVED,NOT_AVAILABLE_RESERVED,NONE,,,
UBER,UBER,2026-05-21,73.30500030517578,75.07575,77.760252,72.391247,0.17019,0.071515,False,BB_LOWER_HALF,44.928745,RSI_WEAK,9.337364,9.337364,9.337364,KDJ_OVERSOLD,0.82696,0,10,0,60.0,TECH_TIMING_STAGED_REFRESH,STAGED_R25B_NOT_MERGED,NOT_AVAILABLE_RESERVED,,,NOT_AVAILABLE_RESERVED,NOT_AVAILABLE_RESERVED,NONE,,,
UNH,UNH,2026-05-21,385.1099853515625,378.0855,405.744133,350.426866,0.626985,0.146309,False,BB_UPPER_HALF,62.406914,RSI_NEUTRAL,58.518494,58.518494,58.518494,KDJ_NEUTRAL,0.934412,0,0,0,50.0,TECH_TIMING_STAGED_REFRESH,STAGED_R25B_NOT_MERGED,NOT_AVAILABLE_RESERVED,,,NOT_AVAILABLE_RESERVED,NOT_AVAILABLE_RESERVED,NONE,,,
UPST,UPST,2026-05-21,28.850000381469727,30.031,33.931719,26.130282,0.348618,0.259779,False,BB_LOWER_HALF,33.4468,RSI_WEAK,37.517846,37.517846,37.517846,KDJ_NEUTRAL,1.014627,0,10,0,70.0,TECH_TIMING_STAGED_REFRESH,STAGED_R25B_NOT_MERGED,NOT_AVAILABLE_RESERVED,,,NOT_AVAILABLE_RESERVED,NOT_AVAILABLE_RESERVED,NONE,,,
USFD,USFD,2026-05-21,81.23999786376953,87.1725,96.285307,78.059693,0.174496,0.209075,False,BB_LOWER_HALF,15.537395,RSI_OVERSOLD,11.114705,11.114705,11.114705,KDJ_OVERSOLD,1.117523,0,10,0,70.0,TECH_TIMING_STAGED_REFRESH,STAGED_R25B_NOT_MERGED,NOT_AVAILABLE_RESERVED,,,NOT_AVAILABLE_RESERVED,NOT_AVAILABLE_RESERVED,NONE,,,
V,V,2026-05-21,331.1199951171875,323.606499,338.465461,308.747536,0.752827,0.091834,False,BB_UPPER_HALF,53.494676,RSI_NEUTRAL,78.695338,78.695338,78.695338,KDJ_NEUTRAL,1.025725,0,0,0,50.0,TECH_TIMING_STAGED_REFRESH,STAGED_R25B_NOT_MERGED,NOT_AVAILABLE_RESERVED,,,NOT_AVAILABLE_RESERVED,NOT_AVAILABLE_RESERVED,NONE,,,
VECO,VECO,2026-05-18,55.65,54.098,64.7053,43.4907,0.5732,0.3922,False,BB_MID,58.5077,RSI_NEUTRAL,47.6736,60.5413,21.9383,KDJ_NEUTRAL,0.7499,0,0,0,50.0,TECH_TIMING_NEUTRAL,NONE,NOT_AVAILABLE_RESERVED,,,NOT_AVAILABLE_RESERVED,NOT_AVAILABLE_RESERVED,NONE,2026-05-18,17.82,VIX_NORMAL
VEEV,VEEV,2026-05-21,158.27000427246094,162.459502,172.622618,152.296385,0.293887,0.125116,False,BB_LOWER_HALF,31.883673,RSI_WEAK,25.86455,25.86455,25.86455,KDJ_NEUTRAL,0.508689,0,10,0,70.0,TECH_TIMING_STAGED_REFRESH,STAGED_R25B_NOT_MERGED,NOT_AVAILABLE_RESERVED,,,NOT_AVAILABLE_RESERVED,NOT_AVAILABLE_RESERVED,NONE,,,
VIAV,VIAV,2026-05-21,48.97999954223633,50.6715,57.337341,44.005659,0.373122,0.2631,False,BB_LOWER_HALF,33.540693,RSI_WEAK,31.524545,31.524545,31.524545,KDJ_NEUTRAL,0.999731,0,0,0,60.0,TECH_TIMING_STAGED_REFRESH,STAGED_R25B_NOT_MERGED,NOT_AVAILABLE_RESERVED,,,NOT_AVAILABLE_RESERVED,NOT_AVAILABLE_RESERVED,NONE,,,
VIST,VIST,2026-05-21,75.54000091552734,71.9265,79.367251,64.485749,0.742818,0.206899,False,BB_UPPER_HALF,56.561242,RSI_NEUTRAL,66.610069,66.610069,66.610069,KDJ_NEUTRAL,1.047299,0,0,0,50.0,TECH_TIMING_STAGED_REFRESH,STAGED_R25B_NOT_MERGED,NOT_AVAILABLE_RESERVED,,,NOT_AVAILABLE_RESERVED,NOT_AVAILABLE_RESERVED,NONE,,,
VMC,VMC,2026-05-21,262.0799865722656,282.410498,307.994823,256.826173,0.102676,0.181185,False,BB_LOWER_HALF,20.603936,RSI_OVERSOLD,20.850395,20.850395,20.850395,KDJ_NEUTRAL,0.978116,0,10,0,70.0,TECH_TIMING_STAGED_REFRESH,STAGED_R25B_NOT_MERGED,NOT_AVAILABLE_RESERVED,,,NOT_AVAILABLE_RESERVED,NOT_AVAILABLE_RESERVED,NONE,,,
VRT,VRT,2026-05-18,339.73,337.803,384.942,290.664,0.5204,0.2791,False,BB_MID,53.6939,RSI_NEUTRAL,63.8249,78.8826,33.7095,KDJ_HIGH_DEAD_CROSS,0.9288,10,0,0,40.0,TECH_TIMING_NEUTRAL,KDJ_HIGH_DEAD_CROSS,NOT_AVAILABLE_RESERVED,,,NOT_AVAILABLE_RESERVED,NOT_AVAILABLE_RESERVED,NONE,2026-05-18,17.82,VIX_NORMAL
VST,VST,2026-05-18,136.75,153.378,170.0216,136.7344,0.0005,0.217,False,BB_NEAR_LOWER,33.0144,RSI_WEAK,9.6164,13.3424,2.1644,KDJ_OVERSOLD,1.1279,0,22,0,72.0,TECH_TIMING_WATCH_POSITIVE,NONE,NOT_AVAILABLE_RESERVED,,,NOT_AVAILABLE_RESERVED,NOT_AVAILABLE_RESERVED,NONE,2026-05-18,17.82,VIX_NORMAL
WAB,WAB,2026-05-21,255.16000366210938,264.305999,272.987262,255.624736,-0.026766,0.065691,False,BB_LOWER_HALF,40.247053,RSI_WEAK,10.009356,10.009356,10.009356,KDJ_OVERSOLD,1.070353,0,10,0,60.0,TECH_TIMING_STAGED_REFRESH,STAGED_R25B_NOT_MERGED,NOT_AVAILABLE_RESERVED,,,NOT_AVAILABLE_RESERVED,NOT_AVAILABLE_RESERVED,NONE,,,
WDAY,WDAY,2026-05-21,121.8499984741211,123.782501,132.313199,115.251803,0.386732,0.137834,False,BB_LOWER_HALF,45.002935,RSI_NEUTRAL,39.777586,39.777586,39.777586,KDJ_NEUTRAL,1.228737,0,0,0,50.0,TECH_TIMING_STAGED_REFRESH,STAGED_R25B_NOT_MERGED,NOT_AVAILABLE_RESERVED,,,NOT_AVAILABLE_RESERVED,NOT_AVAILABLE_RESERVED,NONE,,,
WDC,WDC,2026-05-18,458.68,445.687,528.7907,362.5833,0.5782,0.3729,False,BB_MID,58.4681,RSI_NEUTRAL,49.5827,66.789,15.17,KDJ_NEUTRAL,0.8036,0,0,0,50.0,TECH_TIMING_NEUTRAL,NONE,NOT_AVAILABLE_RESERVED,,,NOT_AVAILABLE_RESERVED,NOT_AVAILABLE_RESERVED,NONE,2026-05-18,17.82,VIX_NORMAL
WHR,WHR,2026-05-21,43.209999084472656,47.9405,61.077675,34.803325,0.319957,0.548062,False,BB_LOWER_HALF,25.314106,RSI_OVERSOLD,26.818426,26.818426,26.818426,KDJ_NEUTRAL,0.918027,0,10,0,70.0,TECH_TIMING_STAGED_REFRESH,STAGED_R25B_NOT_MERGED,NOT_AVAILABLE_RESERVED,,,NOT_AVAILABLE_RESERVED,NOT_AVAILABLE_RESERVED,NONE,,,
WING,WING,2026-05-21,132.64999389648438,143.9855,185.893807,102.077194,0.364758,0.582118,False,BB_LOWER_HALF,26.708691,RSI_OVERSOLD,35.978358,35.978358,35.978358,KDJ_NEUTRAL,0.927769,0,0,0,60.0,TECH_TIMING_STAGED_REFRESH,STAGED_R25B_NOT_MERGED,NOT_AVAILABLE_RESERVED,,,NOT_AVAILABLE_RESERVED,NOT_AVAILABLE_RESERVED,NONE,,,
WLK,WLK,2026-05-21,88.0999984741211,100.393499,120.265445,80.521554,0.190682,0.395881,False,BB_LOWER_HALF,16.429466,RSI_OVERSOLD,5.248982,5.248982,5.248982,KDJ_OVERSOLD,1.011287,0,10,0,70.0,TECH_TIMING_STAGED_REFRESH,STAGED_R25B_NOT_MERGED,NOT_AVAILABLE_RESERVED,,,NOT_AVAILABLE_RESERVED,NOT_AVAILABLE_RESERVED,NONE,,,
WOLF,WOLF,2026-05-22,69.88999938964844,48.488,77.923106,19.052894,0.863545,1.214119,False,BB_UPPER_HALF,79.975278,RSI_OVERHEAT,77.611634,77.611634,77.611634,KDJ_NEUTRAL,0.870298,0,0,10,40.0,TECH_TIMING_V18_35D_RECOMPUTE,V18_35D_NOT_MERGED,NOT_AVAILABLE_RESERVED,,,NOT_AVAILABLE_RESERVED,NOT_AVAILABLE_RESERVED,NONE,,,
WULF,WULF,2026-05-21,22.920000076293945,22.352,25.207231,19.496769,0.599467,0.255479,False,BB_UPPER_HALF,55.94096,RSI_NEUTRAL,53.8961,53.8961,53.8961,KDJ_NEUTRAL,0.822853,0,0,0,50.0,TECH_TIMING_STAGED_REFRESH,STAGED_R25B_NOT_MERGED,NOT_AVAILABLE_RESERVED,,,NOT_AVAILABLE_RESERVED,NOT_AVAILABLE_RESERVED,NONE,,,
WVE,WVE,2026-05-21,6.420000076293945,6.955,7.730358,6.179642,0.154998,0.222964,False,BB_LOWER_HALF,31.092432,RSI_WEAK,25.000007,25.000007,25.000007,KDJ_NEUTRAL,1.176804,0,10,0,70.0,TECH_TIMING_STAGED_REFRESH,STAGED_R25B_NOT_MERGED,NOT_AVAILABLE_RESERVED,,,NOT_AVAILABLE_RESERVED,NOT_AVAILABLE_RESERVED,NONE,,,
WWD,WWD,2026-05-21,355.760009765625,362.836501,380.006682,345.666319,0.293931,0.094644,False,BB_LOWER_HALF,45.834787,RSI_NEUTRAL,29.921988,29.921988,29.921988,KDJ_NEUTRAL,0.801513,0,10,0,60.0,TECH_TIMING_STAGED_REFRESH,STAGED_R25B_NOT_MERGED,NOT_AVAILABLE_RESERVED,,,NOT_AVAILABLE_RESERVED,NOT_AVAILABLE_RESERVED,NONE,,,
WYFI,WYFI,2026-05-22,30.190000534057617,22.355,32.316913,12.393088,0.893248,0.891247,False,BB_UPPER_HALF,69.419645,RSI_NEUTRAL,91.19098,91.19098,91.19098,KDJ_NEUTRAL,0.937015,0,0,10,50.0,TECH_TIMING_V18_35D_RECOMPUTE,V18_35D_NOT_MERGED,NOT_AVAILABLE_RESERVED,,,NOT_AVAILABLE_RESERVED,NOT_AVAILABLE_RESERVED,NONE,,,
XENE,XENE,2026-05-21,54.119998931884766,55.585,58.121404,53.048596,0.211205,0.091262,False,BB_LOWER_HALF,41.446799,RSI_WEAK,21.149046,21.149046,21.149046,KDJ_NEUTRAL,0.891641,0,10,0,60.0,TECH_TIMING_STAGED_REFRESH,STAGED_R25B_NOT_MERGED,NOT_AVAILABLE_RESERVED,,,NOT_AVAILABLE_RESERVED,NOT_AVAILABLE_RESERVED,NONE,,,
XLF,XLF,2026-05-21,51.72999954223633,51.561,52.188627,50.933373,0.634634,0.024345,False,BB_UPPER_HALF,47.957006,RSI_NEUTRAL,65.068416,65.068416,65.068416,KDJ_NEUTRAL,1.04357,0,0,0,50.0,TECH_TIMING_STAGED_REFRESH,STAGED_R25B_NOT_MERGED,NOT_AVAILABLE_RESERVED,,,NOT_AVAILABLE_RESERVED,NOT_AVAILABLE_RESERVED,NONE,,,
XLK,XLK,2026-05-18,174.36,166.5355,183.4638,149.6072,0.7311,0.2033,False,BB_UPPER_HALF,68.2102,RSI_STRONG,77.2259,86.5085,58.6608,KDJ_NEUTRAL,1.223,0,0,4,54.0,TECH_TIMING_NEUTRAL,NONE,NOT_AVAILABLE_RESERVED,,,NOT_AVAILABLE_RESERVED,NOT_AVAILABLE_RESERVED,NONE,2026-05-18,17.82,VIX_NORMAL
XPO,XPO,2026-05-21,203.57000732421875,208.550501,225.061103,192.0399,0.349173,0.158337,False,BB_LOWER_HALF,42.14832,RSI_WEAK,46.63028,46.63028,46.63028,KDJ_NEUTRAL,0.844604,0,10,0,60.0,TECH_TIMING_STAGED_REFRESH,STAGED_R25B_NOT_MERGED,NOT_AVAILABLE_RESERVED,,,NOT_AVAILABLE_RESERVED,NOT_AVAILABLE_RESERVED,NONE,,,
XYZ,XYZ,2026-05-21,68.6500015258789,70.975,73.785277,68.164723,0.08634,0.079191,False,BB_LOWER_HALF,42.193685,RSI_WEAK,9.08118,9.08118,9.08118,KDJ_OVERSOLD,1.044848,0,10,0,60.0,TECH_TIMING_STAGED_REFRESH,STAGED_R25B_NOT_MERGED,NOT_AVAILABLE_RESERVED,,,NOT_AVAILABLE_RESERVED,NOT_AVAILABLE_RESERVED,NONE,,,
YPF,YPF,2026-05-21,47.939998626708984,44.56,47.975066,41.144933,0.994866,0.153279,False,BB_UPPER_HALF,65.92178,RSI_NEUTRAL,85.617347,85.617347,85.617347,KDJ_NEUTRAL,1.438764,0,0,10,40.0,TECH_TIMING_STAGED_REFRESH,STAGED_R25B_NOT_MERGED,NOT_AVAILABLE_RESERVED,,,NOT_AVAILABLE_RESERVED,NOT_AVAILABLE_RESERVED,NONE,,,
Z,Z,2026-05-21,36.75,41.304,48.157158,34.450842,0.167744,0.33184,False,BB_LOWER_HALF,16.123903,RSI_OVERSOLD,18.552031,18.552031,18.552031,KDJ_OVERSOLD,1.220886,0,10,0,70.0,TECH_TIMING_STAGED_REFRESH,STAGED_R25B_NOT_MERGED,NOT_AVAILABLE_RESERVED,,,NOT_AVAILABLE_RESERVED,NOT_AVAILABLE_RESERVED,NONE,,,
ZG,ZG,2026-05-21,37.25,41.612,48.274423,34.949578,0.172642,0.320216,False,BB_LOWER_HALF,16.216235,RSI_OVERSOLD,19.92551,19.92551,19.92551,KDJ_OVERSOLD,1.108273,0,10,0,70.0,TECH_TIMING_STAGED_REFRESH,STAGED_R25B_NOT_MERGED,NOT_AVAILABLE_RESERVED,,,NOT_AVAILABLE_RESERVED,NOT_AVAILABLE_RESERVED,NONE,,,
ZS,ZS,2026-05-18,174.69,144.518,166.3194,122.7166,1.192,0.3017,False,BB_ABOVE_UPPER,72.4953,RSI_OVERHEAT,88.2899,84.1989,96.4718,KDJ_OVERHEAT,1.4569,30,0,9,29.0,TECH_TIMING_OVERHEAT_AVOID_CHASE,BB_UPPER_CHASE_RISK;RSI_OVERHEAT;KDJ_OVERHEAT,NOT_AVAILABLE_RESERVED,,,NOT_AVAILABLE_RESERVED,NOT_AVAILABLE_RESERVED,NONE,2026-05-18,17.82,VIX_NORMAL
