ticker,current_score,current_score_source,current_rank,factor_pack_score,technical_timing_score,overheat_penalty,event_risk_status,local_price_available,full_history_ready,latest_success_scan_date,data_readiness_status,held_out_status,current_tier,current_tier_reason,review_required
AA,,factor_pack_score,,,,,,FALSE,FALSE,,DATA_NOT_READY,,TIER_0_DATA_NOT_READY,NO_USABLE_SCORE;LOCAL_PRICE_NOT_AVAILABLE,FALSE
AAL,,factor_pack_score,,,,,,FALSE,FALSE,,DATA_NOT_READY,,TIER_0_DATA_NOT_READY,NO_USABLE_SCORE;LOCAL_PRICE_NOT_AVAILABLE,FALSE
AAPL,5.710000,factor_pack_score,100,5.71,30.0,20.0,NONE,TRUE,TRUE,2026-05-21,PRICE_AND_FULL_HISTORY_READY,,TIER_5_WEAK_OR_BLOCKED,SCORE_THRESHOLD_POLICY,FALSE
ABR,,factor_pack_score,,,,,,FALSE,FALSE,,DATA_NOT_READY,,TIER_0_DATA_NOT_READY,NO_USABLE_SCORE;LOCAL_PRICE_NOT_AVAILABLE,FALSE
ACLS,73.330000,factor_pack_score,29,73.33,50.0,0.0,NONE,TRUE,TRUE,2026-05-21,PRICE_AND_FULL_HISTORY_READY,,TIER_3_WATCHLIST,SCORE_THRESHOLD_POLICY,FALSE
ACM,40.000000,factor_pack_score,64,40.0,68.0,0.0,NONE,TRUE,TRUE,2026-05-21,PRICE_AND_FULL_HISTORY_READY,,TIER_5_WEAK_OR_BLOCKED,SCORE_THRESHOLD_POLICY,FALSE
ACMR,65.710000,factor_pack_score,37,65.71,44.0,10.0,NONE,TRUE,TRUE,2026-05-21,PRICE_AND_FULL_HISTORY_READY,,TIER_3_WATCHLIST,SCORE_THRESHOLD_POLICY,FALSE
ADBE,,factor_pack_score,,,,,,FALSE,FALSE,,DATA_NOT_READY,,TIER_0_DATA_NOT_READY,NO_USABLE_SCORE;LOCAL_PRICE_NOT_AVAILABLE,FALSE
ADMA,,factor_pack_score,,,,,,FALSE,FALSE,,DATA_NOT_READY,,TIER_0_DATA_NOT_READY,NO_USABLE_SCORE;LOCAL_PRICE_NOT_AVAILABLE,FALSE
ADSK,,factor_pack_score,,,,,,FALSE,FALSE,,DATA_NOT_READY,,TIER_0_DATA_NOT_READY,NO_USABLE_SCORE;LOCAL_PRICE_NOT_AVAILABLE,FALSE
AEHR,94.290000,factor_pack_score,7,94.29,48.0,10.0,NONE,TRUE,TRUE,2026-05-21,PRICE_AND_FULL_HISTORY_READY,,TIER_1_CORE_CANDIDATE,SCORE_THRESHOLD_POLICY,FALSE
AEIS,,factor_pack_score,,,,,,FALSE,FALSE,,DATA_NOT_READY,,TIER_0_DATA_NOT_READY,NO_USABLE_SCORE;LOCAL_PRICE_NOT_AVAILABLE,FALSE
AEVA,,factor_pack_score,,,,,,FALSE,FALSE,,DATA_NOT_READY,,TIER_0_DATA_NOT_READY,NO_USABLE_SCORE;LOCAL_PRICE_NOT_AVAILABLE,FALSE
AFRM,,factor_pack_score,,,,,,FALSE,FALSE,,DATA_NOT_READY,,TIER_0_DATA_NOT_READY,NO_USABLE_SCORE;LOCAL_PRICE_NOT_AVAILABLE,FALSE
AGX,,factor_pack_score,,,,,,FALSE,FALSE,,DATA_NOT_READY,,TIER_0_DATA_NOT_READY,NO_USABLE_SCORE;LOCAL_PRICE_NOT_AVAILABLE,FALSE
ALAB,12.380000,factor_pack_score,93,12.38,50.0,0.0,NONE,TRUE,TRUE,2026-05-21,PRICE_AND_FULL_HISTORY_READY,,TIER_5_WEAK_OR_BLOCKED,SCORE_THRESHOLD_POLICY,FALSE
ALM,,factor_pack_score,,,,,,FALSE,FALSE,,DATA_NOT_READY,,TIER_0_DATA_NOT_READY,NO_USABLE_SCORE;LOCAL_PRICE_NOT_AVAILABLE,FALSE
AMAT,72.380000,factor_pack_score,30,72.38,44.0,10.0,NONE,TRUE,TRUE,2026-05-21,PRICE_AND_FULL_HISTORY_READY,,TIER_3_WATCHLIST,SCORE_THRESHOLD_POLICY,FALSE
AMC,,factor_pack_score,,,,,,FALSE,FALSE,,DATA_NOT_READY,,TIER_0_DATA_NOT_READY,NO_USABLE_SCORE;LOCAL_PRICE_NOT_AVAILABLE,FALSE
AMD,61.900000,factor_pack_score,41,61.9,50.0,0.0,NONE,TRUE,TRUE,2026-05-21,PRICE_AND_FULL_HISTORY_READY,,TIER_4_REVIEW_ONLY,SCORE_THRESHOLD_POLICY,FALSE
AMKR,88.570000,factor_pack_score,13,88.57,58.0,0.0,NONE,TRUE,TRUE,2026-05-21,PRICE_AND_FULL_HISTORY_READY,,TIER_1_CORE_CANDIDATE,SCORE_THRESHOLD_POLICY,FALSE
AMZN,19.050000,factor_pack_score,86,19.05,50.0,0.0,NONE,TRUE,TRUE,2026-05-21,PRICE_AND_FULL_HISTORY_READY,,TIER_5_WEAK_OR_BLOCKED,SCORE_THRESHOLD_POLICY,FALSE
ANET,32.380000,factor_pack_score,72,32.38,72.0,0.0,NONE,TRUE,TRUE,2026-05-21,PRICE_AND_FULL_HISTORY_READY,,TIER_5_WEAK_OR_BLOCKED,SCORE_THRESHOLD_POLICY,FALSE
APG,,factor_pack_score,,,,,,FALSE,FALSE,,DATA_NOT_READY,,TIER_0_DATA_NOT_READY,NO_USABLE_SCORE;LOCAL_PRICE_NOT_AVAILABLE,FALSE
APH,41.900000,factor_pack_score,62,41.9,72.0,0.0,NONE,TRUE,TRUE,2026-05-21,PRICE_AND_FULL_HISTORY_READY,,TIER_5_WEAK_OR_BLOCKED,SCORE_THRESHOLD_POLICY,FALSE
APLD,,factor_pack_score,,,,,,FALSE,FALSE,,DATA_NOT_READY,,TIER_0_DATA_NOT_READY,NO_USABLE_SCORE;LOCAL_PRICE_NOT_AVAILABLE,FALSE
APO,,factor_pack_score,,,,,,FALSE,FALSE,,DATA_NOT_READY,,TIER_0_DATA_NOT_READY,NO_USABLE_SCORE;LOCAL_PRICE_NOT_AVAILABLE,FALSE
APP,,factor_pack_score,,,,,,FALSE,FALSE,,DATA_NOT_READY,,TIER_0_DATA_NOT_READY,NO_USABLE_SCORE;LOCAL_PRICE_NOT_AVAILABLE,FALSE
ARGT,,factor_pack_score,,,,,,FALSE,FALSE,,DATA_NOT_READY,,TIER_0_DATA_NOT_READY,NO_USABLE_SCORE;LOCAL_PRICE_NOT_AVAILABLE,FALSE
ARM,6.670000,factor_pack_score,99,6.67,50.0,0.0,NONE,TRUE,TRUE,2026-05-21,PRICE_AND_FULL_HISTORY_READY,,TIER_5_WEAK_OR_BLOCKED,SCORE_THRESHOLD_POLICY,FALSE
ASML,59.050000,factor_pack_score,44,59.05,50.0,0.0,NONE,TRUE,TRUE,2026-05-21,PRICE_AND_FULL_HISTORY_READY,,TIER_4_REVIEW_ONLY,SCORE_THRESHOLD_POLICY,FALSE
AVGO,26.670000,factor_pack_score,78,26.67,50.0,0.0,NONE,TRUE,TRUE,2026-05-21,PRICE_AND_FULL_HISTORY_READY,,TIER_5_WEAK_OR_BLOCKED,SCORE_THRESHOLD_POLICY,FALSE
AXON,,factor_pack_score,,,,,,FALSE,FALSE,,DATA_NOT_READY,,TIER_0_DATA_NOT_READY,NO_USABLE_SCORE;LOCAL_PRICE_NOT_AVAILABLE,FALSE
BABA,,factor_pack_score,,,,,,FALSE,FALSE,,DATA_NOT_READY,,TIER_0_DATA_NOT_READY,NO_USABLE_SCORE;LOCAL_PRICE_NOT_AVAILABLE,FALSE
BAC,,factor_pack_score,,,,,,FALSE,FALSE,,DATA_NOT_READY,,TIER_0_DATA_NOT_READY,NO_USABLE_SCORE;LOCAL_PRICE_NOT_AVAILABLE,FALSE
BALL,,factor_pack_score,,,,,,FALSE,FALSE,,DATA_NOT_READY,,TIER_0_DATA_NOT_READY,NO_USABLE_SCORE;LOCAL_PRICE_NOT_AVAILABLE,FALSE
BE,79.050000,factor_pack_score,23,79.05,50.0,0.0,NONE,TRUE,TRUE,2026-05-21,PRICE_AND_FULL_HISTORY_READY,,TIER_2_STRONG_WATCHLIST,SCORE_THRESHOLD_POLICY,FALSE
BIDU,,factor_pack_score,,,,,,FALSE,FALSE,,DATA_NOT_READY,,TIER_0_DATA_NOT_READY,NO_USABLE_SCORE;LOCAL_PRICE_NOT_AVAILABLE,FALSE
BITF,,factor_pack_score,,,,,,FALSE,FALSE,,DATA_NOT_READY,,TIER_0_DATA_NOT_READY,NO_USABLE_SCORE;LOCAL_PRICE_NOT_AVAILABLE,FALSE
BKNG,,factor_pack_score,,,,,,FALSE,FALSE,,DATA_NOT_READY,,TIER_0_DATA_NOT_READY,NO_USABLE_SCORE;LOCAL_PRICE_NOT_AVAILABLE,FALSE
BLSH,,factor_pack_score,,,,,,FALSE,FALSE,,DATA_NOT_READY,,TIER_0_DATA_NOT_READY,NO_USABLE_SCORE;LOCAL_PRICE_NOT_AVAILABLE,FALSE
BLTE,,factor_pack_score,,,,,,FALSE,FALSE,,DATA_NOT_READY,,TIER_0_DATA_NOT_READY,NO_USABLE_SCORE;LOCAL_PRICE_NOT_AVAILABLE,FALSE
BN,,factor_pack_score,,,,,,FALSE,FALSE,,DATA_NOT_READY,,TIER_0_DATA_NOT_READY,NO_USABLE_SCORE;LOCAL_PRICE_NOT_AVAILABLE,FALSE
BSX,,factor_pack_score,,,,,,FALSE,FALSE,,DATA_NOT_READY,,TIER_0_DATA_NOT_READY,NO_USABLE_SCORE;LOCAL_PRICE_NOT_AVAILABLE,FALSE
BTDR,33.330000,factor_pack_score,71,33.33,54.0,0.0,NONE,TRUE,TRUE,2026-05-21,PRICE_AND_FULL_HISTORY_READY,,TIER_5_WEAK_OR_BLOCKED,SCORE_THRESHOLD_POLICY,FALSE
BW,,factor_pack_score,,,,,,FALSE,FALSE,,DATA_NOT_READY,,TIER_0_DATA_NOT_READY,NO_USABLE_SCORE;LOCAL_PRICE_NOT_AVAILABLE,FALSE
BYND,,factor_pack_score,,,,,,FALSE,FALSE,,DATA_NOT_READY,,TIER_0_DATA_NOT_READY,NO_USABLE_SCORE;LOCAL_PRICE_NOT_AVAILABLE,FALSE
CAI,,factor_pack_score,,,,,,FALSE,FALSE,,DATA_NOT_READY,,TIER_0_DATA_NOT_READY,NO_USABLE_SCORE;LOCAL_PRICE_NOT_AVAILABLE,FALSE
CAMT,82.860000,factor_pack_score,19,82.86,68.0,0.0,NONE,TRUE,TRUE,2026-05-21,PRICE_AND_FULL_HISTORY_READY,,TIER_2_STRONG_WATCHLIST,SCORE_THRESHOLD_POLICY,FALSE
CARR,14.290000,factor_pack_score,91,14.29,50.0,0.0,NONE,TRUE,TRUE,2026-05-21,PRICE_AND_FULL_HISTORY_READY,,TIER_5_WEAK_OR_BLOCKED,SCORE_THRESHOLD_POLICY,FALSE
CART,,factor_pack_score,,,,,,FALSE,FALSE,,DATA_NOT_READY,,TIER_0_DATA_NOT_READY,NO_USABLE_SCORE;LOCAL_PRICE_NOT_AVAILABLE,FALSE
CDNS,,factor_pack_score,,,,,,FALSE,FALSE,,DATA_NOT_READY,,TIER_0_DATA_NOT_READY,NO_USABLE_SCORE;LOCAL_PRICE_NOT_AVAILABLE,FALSE
CDTX,,factor_pack_score,,,,,,FALSE,FALSE,,DATA_NOT_READY,,TIER_0_DATA_NOT_READY,NO_USABLE_SCORE;LOCAL_PRICE_NOT_AVAILABLE,FALSE
CEG,39.050000,factor_pack_score,65,39.05,68.0,0.0,NONE,TRUE,TRUE,2026-05-21,PRICE_AND_FULL_HISTORY_READY,,TIER_5_WEAK_OR_BLOCKED,SCORE_THRESHOLD_POLICY,FALSE
CFLT,,factor_pack_score,,,,,,FALSE,FALSE,,DATA_NOT_READY,,TIER_0_DATA_NOT_READY,NO_USABLE_SCORE;LOCAL_PRICE_NOT_AVAILABLE,FALSE
CHPT,,factor_pack_score,,,,,,FALSE,FALSE,,DATA_NOT_READY,,TIER_0_DATA_NOT_READY,NO_USABLE_SCORE;LOCAL_PRICE_NOT_AVAILABLE,FALSE
CHRW,,factor_pack_score,,,,,,FALSE,FALSE,,DATA_NOT_READY,,TIER_0_DATA_NOT_READY,NO_USABLE_SCORE;LOCAL_PRICE_NOT_AVAILABLE,FALSE
CHYM,,factor_pack_score,,,,,,FALSE,FALSE,,DATA_NOT_READY,,TIER_0_DATA_NOT_READY,NO_USABLE_SCORE;LOCAL_PRICE_NOT_AVAILABLE,FALSE
CIEN,83.810000,factor_pack_score,18,83.81,50.0,0.0,NONE,TRUE,TRUE,2026-05-21,PRICE_AND_FULL_HISTORY_READY,,TIER_2_STRONG_WATCHLIST,SCORE_THRESHOLD_POLICY,FALSE
CIFR,46.670000,factor_pack_score,57,46.67,40.0,10.0,NONE,TRUE,TRUE,2026-05-21,PRICE_AND_FULL_HISTORY_READY,,TIER_5_WEAK_OR_BLOCKED,SCORE_THRESHOLD_POLICY,FALSE
CLF,,factor_pack_score,,,,,,FALSE,FALSE,,DATA_NOT_READY,,TIER_0_DATA_NOT_READY,NO_USABLE_SCORE;LOCAL_PRICE_NOT_AVAILABLE,FALSE
CLH,,factor_pack_score,,,,,,FALSE,FALSE,,DATA_NOT_READY,,TIER_0_DATA_NOT_READY,NO_USABLE_SCORE;LOCAL_PRICE_NOT_AVAILABLE,FALSE
CLS,60.950000,factor_pack_score,42,60.95,64.0,0.0,NONE,TRUE,TRUE,2026-05-21,PRICE_AND_FULL_HISTORY_READY,,TIER_4_REVIEW_ONLY,SCORE_THRESHOLD_POLICY,FALSE
CLSK,,factor_pack_score,,,,,,FALSE,FALSE,,DATA_NOT_READY,,TIER_0_DATA_NOT_READY,NO_USABLE_SCORE;LOCAL_PRICE_NOT_AVAILABLE,FALSE
CMG,,factor_pack_score,,,,,,FALSE,FALSE,,DATA_NOT_READY,,TIER_0_DATA_NOT_READY,NO_USABLE_SCORE;LOCAL_PRICE_NOT_AVAILABLE,FALSE
CNM,,factor_pack_score,,,,,,TRUE,TRUE,2026-05-21,PRICE_AND_FULL_HISTORY_READY,,TIER_0_DATA_NOT_READY,NO_USABLE_SCORE,FALSE
COF,,factor_pack_score,,,,,,TRUE,TRUE,2026-05-21,PRICE_AND_FULL_HISTORY_READY,,TIER_0_DATA_NOT_READY,NO_USABLE_SCORE,FALSE
COG,,factor_pack_score,,,,,,FALSE,FALSE,,DATA_NOT_READY,HOLD_EMPTY_FETCH,TIER_0_DATA_NOT_READY,NO_USABLE_SCORE;LOCAL_PRICE_NOT_AVAILABLE;HELD_OUT_BY_BACKFILL_QUALITY,TRUE
COGT,,factor_pack_score,,,,,,FALSE,FALSE,,DATA_NOT_READY,HOLD_SUSPICIOUS_PRICE_DATA,TIER_0_DATA_NOT_READY,NO_USABLE_SCORE;LOCAL_PRICE_NOT_AVAILABLE;HELD_OUT_BY_BACKFILL_QUALITY,TRUE
COHR,68.570000,factor_pack_score,34,68.57,40.0,10.0,NONE,TRUE,TRUE,2026-05-21,PRICE_AND_FULL_HISTORY_READY,,TIER_3_WATCHLIST,SCORE_THRESHOLD_POLICY,FALSE
COHU,85.710000,factor_pack_score,16,85.71,58.0,0.0,NONE,TRUE,TRUE,2026-05-21,PRICE_AND_FULL_HISTORY_READY,,TIER_1_CORE_CANDIDATE,SCORE_THRESHOLD_POLICY,FALSE
CORZ,1.900000,factor_pack_score,104,1.9,50.0,0.0,NONE,TRUE,TRUE,2026-05-21,PRICE_AND_FULL_HISTORY_READY,,TIER_5_WEAK_OR_BLOCKED,SCORE_THRESHOLD_POLICY,FALSE
CPAY,,factor_pack_score,,,,,,TRUE,TRUE,2026-05-21,PRICE_AND_FULL_HISTORY_READY,,TIER_0_DATA_NOT_READY,NO_USABLE_SCORE,FALSE
CPNG,,factor_pack_score,,,,,,TRUE,TRUE,2026-05-21,PRICE_AND_FULL_HISTORY_READY,,TIER_0_DATA_NOT_READY,NO_USABLE_SCORE,FALSE
CRCL,,factor_pack_score,,,,,,FALSE,FALSE,,DATA_NOT_READY,MERGE_CANDIDATE_PRICE_ONLY_PARTIAL_HISTORY,TIER_0_DATA_NOT_READY,NO_USABLE_SCORE;LOCAL_PRICE_NOT_AVAILABLE;HELD_OUT_BY_BACKFILL_QUALITY,TRUE
CRDO,80.000000,factor_pack_score,22,80.0,64.0,0.0,NONE,TRUE,TRUE,2026-05-21,PRICE_AND_FULL_HISTORY_READY,,TIER_2_STRONG_WATCHLIST,SCORE_THRESHOLD_POLICY,FALSE
CRH,,factor_pack_score,,,,,,TRUE,TRUE,2026-05-21,PRICE_AND_FULL_HISTORY_READY,,TIER_0_DATA_NOT_READY,NO_USABLE_SCORE,FALSE
CRM,27.620000,factor_pack_score,77,27.62,58.0,0.0,NONE,TRUE,TRUE,2026-05-21,PRICE_AND_FULL_HISTORY_READY,,TIER_5_WEAK_OR_BLOCKED,SCORE_THRESHOLD_POLICY,FALSE
CRS,,factor_pack_score,,,,,,TRUE,TRUE,2026-05-21,PRICE_AND_FULL_HISTORY_READY,,TIER_0_DATA_NOT_READY,NO_USABLE_SCORE,FALSE
CRWD,10.480000,factor_pack_score,95,10.48,14.0,40.0,NONE,TRUE,TRUE,2026-05-21,PRICE_AND_FULL_HISTORY_READY,,TIER_5_WEAK_OR_BLOCKED,SCORE_THRESHOLD_POLICY,FALSE
CRWV,75.240000,factor_pack_score,27,75.24,64.0,0.0,NONE,TRUE,TRUE,2026-05-21,PRICE_AND_FULL_HISTORY_READY,,TIER_2_STRONG_WATCHLIST,SCORE_THRESHOLD_POLICY,FALSE
CSCO,22.860000,factor_pack_score,82,22.86,19.0,35.0,NONE,TRUE,TRUE,2026-05-21,PRICE_AND_FULL_HISTORY_READY,,TIER_5_WEAK_OR_BLOCKED,SCORE_THRESHOLD_POLICY,FALSE
CSGP,,factor_pack_score,,,,,,TRUE,TRUE,2026-05-21,PRICE_AND_FULL_HISTORY_READY,,TIER_0_DATA_NOT_READY,NO_USABLE_SCORE,FALSE
CVNA,,factor_pack_score,,,,,,FALSE,FALSE,,DATA_NOT_READY,HOLD_SUSPICIOUS_PRICE_DATA,TIER_0_DATA_NOT_READY,NO_USABLE_SCORE;LOCAL_PRICE_NOT_AVAILABLE;HELD_OUT_BY_BACKFILL_QUALITY,TRUE
D,20.000000,factor_pack_score,85,20.0,49.0,10.0,NONE,TRUE,TRUE,2026-05-21,PRICE_AND_FULL_HISTORY_READY,,TIER_5_WEAK_OR_BLOCKED,SCORE_THRESHOLD_POLICY,FALSE
DAKT,,factor_pack_score,,,,,,TRUE,TRUE,2026-05-21,PRICE_AND_FULL_HISTORY_READY,,TIER_0_DATA_NOT_READY,NO_USABLE_SCORE,FALSE
DAL,,factor_pack_score,,,,,,TRUE,TRUE,2026-05-21,PRICE_AND_FULL_HISTORY_READY,,TIER_0_DATA_NOT_READY,NO_USABLE_SCORE,FALSE
DASH,,factor_pack_score,,,,,,TRUE,TRUE,2026-05-21,PRICE_AND_FULL_HISTORY_READY,,TIER_0_DATA_NOT_READY,NO_USABLE_SCORE,FALSE
DB,,factor_pack_score,,,,,,TRUE,TRUE,2026-05-21,PRICE_AND_FULL_HISTORY_READY,,TIER_0_DATA_NOT_READY,NO_USABLE_SCORE,FALSE
DBVT,,factor_pack_score,,,,,,FALSE,FALSE,,DATA_NOT_READY,HOLD_SUSPICIOUS_PRICE_DATA,TIER_0_DATA_NOT_READY,NO_USABLE_SCORE;LOCAL_PRICE_NOT_AVAILABLE;HELD_OUT_BY_BACKFILL_QUALITY,TRUE
DDOG,0.950000,factor_pack_score,105,0.95,25.0,25.0,NONE,TRUE,TRUE,2026-05-21,PRICE_AND_FULL_HISTORY_READY,,TIER_5_WEAK_OR_BLOCKED,SCORE_THRESHOLD_POLICY,FALSE
DELL,55.240000,factor_pack_score,48,55.24,50.0,0.0,NONE,TRUE,TRUE,2026-05-21,PRICE_AND_FULL_HISTORY_READY,,TIER_4_REVIEW_ONLY,SCORE_THRESHOLD_POLICY,FALSE
DIS,,factor_pack_score,,,,,,TRUE,TRUE,2026-05-21,PRICE_AND_FULL_HISTORY_READY,,TIER_0_DATA_NOT_READY,NO_USABLE_SCORE,FALSE
DOCU,,factor_pack_score,,,,,,TRUE,TRUE,2026-05-21,PRICE_AND_FULL_HISTORY_READY,,TIER_0_DATA_NOT_READY,NO_USABLE_SCORE,FALSE
DUOL,,factor_pack_score,,,,,,TRUE,TRUE,2026-05-21,PRICE_AND_FULL_HISTORY_READY,,TIER_0_DATA_NOT_READY,NO_USABLE_SCORE,FALSE
ECL,45.710000,factor_pack_score,58,45.71,72.0,0.0,NONE,TRUE,TRUE,2026-05-21,PRICE_AND_FULL_HISTORY_READY,,TIER_5_WEAK_OR_BLOCKED,SCORE_THRESHOLD_POLICY,FALSE
EEM,,factor_pack_score,,,,,,TRUE,TRUE,2026-05-21,PRICE_AND_FULL_HISTORY_READY,,TIER_0_DATA_NOT_READY,NO_USABLE_SCORE,FALSE
ENPH,,factor_pack_score,,,,,,TRUE,TRUE,2026-05-21,PRICE_AND_FULL_HISTORY_READY,,TIER_0_DATA_NOT_READY,NO_USABLE_SCORE,FALSE
ENTG,70.480000,factor_pack_score,32,70.48,64.0,0.0,NONE,TRUE,TRUE,2026-05-21,PRICE_AND_FULL_HISTORY_READY,,TIER_3_WATCHLIST,SCORE_THRESHOLD_POLICY,FALSE
EQIX,,factor_pack_score,,,,,,TRUE,TRUE,2026-05-21,PRICE_AND_FULL_HISTORY_READY,,TIER_0_DATA_NOT_READY,NO_USABLE_SCORE,FALSE
EQT,,factor_pack_score,,,,,,TRUE,TRUE,2026-05-21,PRICE_AND_FULL_HISTORY_READY,,TIER_0_DATA_NOT_READY,NO_USABLE_SCORE,FALSE
ET,,factor_pack_score,,,,,,TRUE,TRUE,2026-05-21,PRICE_AND_FULL_HISTORY_READY,,TIER_0_DATA_NOT_READY,NO_USABLE_SCORE,FALSE
ETN,48.570000,factor_pack_score,55,48.57,64.0,0.0,NONE,TRUE,TRUE,2026-05-21,PRICE_AND_FULL_HISTORY_READY,,TIER_5_WEAK_OR_BLOCKED,SCORE_THRESHOLD_POLICY,FALSE
ETR,52.380000,factor_pack_score,51,52.38,64.0,0.0,NONE,TRUE,TRUE,2026-05-21,PRICE_AND_FULL_HISTORY_READY,,TIER_4_REVIEW_ONLY,SCORE_THRESHOLD_POLICY,FALSE
EWY,,factor_pack_score,,,,,,TRUE,TRUE,2026-05-21,PRICE_AND_FULL_HISTORY_READY,,TIER_0_DATA_NOT_READY,NO_USABLE_SCORE,FALSE
EWZ,,factor_pack_score,,,,,,TRUE,TRUE,2026-05-21,PRICE_AND_FULL_HISTORY_READY,,TIER_0_DATA_NOT_READY,NO_USABLE_SCORE,FALSE
FCNCA,,factor_pack_score,,,,,,FALSE,FALSE,,DATA_NOT_READY,HOLD_SUSPICIOUS_PRICE_DATA,TIER_0_DATA_NOT_READY,NO_USABLE_SCORE;LOCAL_PRICE_NOT_AVAILABLE;HELD_OUT_BY_BACKFILL_QUALITY,TRUE
FIGR,,factor_pack_score,,,,,,FALSE,FALSE,,DATA_NOT_READY,MERGE_CANDIDATE_PRICE_ONLY_PARTIAL_HISTORY,TIER_0_DATA_NOT_READY,NO_USABLE_SCORE;LOCAL_PRICE_NOT_AVAILABLE;HELD_OUT_BY_BACKFILL_QUALITY,TRUE
FIX,86.670000,factor_pack_score,15,86.67,50.0,0.0,NONE,TRUE,TRUE,2026-05-21,PRICE_AND_FULL_HISTORY_READY,,TIER_1_CORE_CANDIDATE,SCORE_THRESHOLD_POLICY,FALSE
FLEX,81.900000,factor_pack_score,20,81.9,50.0,0.0,NONE,TRUE,TRUE,2026-05-21,PRICE_AND_FULL_HISTORY_READY,,TIER_2_STRONG_WATCHLIST,SCORE_THRESHOLD_POLICY,FALSE
FLR,29.520000,factor_pack_score,75,29.52,64.0,0.0,NONE,TRUE,TRUE,2026-05-21,PRICE_AND_FULL_HISTORY_READY,,TIER_5_WEAK_OR_BLOCKED,SCORE_THRESHOLD_POLICY,FALSE
FLS,,factor_pack_score,,,,,,TRUE,TRUE,2026-05-21,PRICE_AND_FULL_HISTORY_READY,,TIER_0_DATA_NOT_READY,NO_USABLE_SCORE,FALSE
FLUT,,factor_pack_score,,,,,,TRUE,TRUE,2026-05-21,PRICE_AND_FULL_HISTORY_READY,,TIER_0_DATA_NOT_READY,NO_USABLE_SCORE,FALSE
FN,31.430000,factor_pack_score,73,31.43,50.0,0.0,NONE,TRUE,TRUE,2026-05-21,PRICE_AND_FULL_HISTORY_READY,,TIER_5_WEAK_OR_BLOCKED,SCORE_THRESHOLD_POLICY,FALSE
FORM,100.000000,factor_pack_score,1,100.0,64.0,0.0,NONE,TRUE,TRUE,2026-05-21,PRICE_AND_FULL_HISTORY_READY,,TIER_1_CORE_CANDIDATE,SCORE_THRESHOLD_POLICY,FALSE
FWONK,,factor_pack_score,,,,,,TRUE,TRUE,2026-05-21,PRICE_AND_FULL_HISTORY_READY,,TIER_0_DATA_NOT_READY,NO_USABLE_SCORE,FALSE
GEHC,,factor_pack_score,,,,,,TRUE,TRUE,2026-05-21,PRICE_AND_FULL_HISTORY_READY,,TIER_0_DATA_NOT_READY,NO_USABLE_SCORE,FALSE
GEMI,,factor_pack_score,,,,,,FALSE,FALSE,,DATA_NOT_READY,MERGE_CANDIDATE_PRICE_ONLY_PARTIAL_HISTORY,TIER_0_DATA_NOT_READY,NO_USABLE_SCORE;LOCAL_PRICE_NOT_AVAILABLE;HELD_OUT_BY_BACKFILL_QUALITY,TRUE
GEV,63.810000,factor_pack_score,39,63.81,58.0,0.0,NONE,TRUE,TRUE,2026-05-21,PRICE_AND_FULL_HISTORY_READY,,TIER_4_REVIEW_ONLY,SCORE_THRESHOLD_POLICY,FALSE
GLW,95.240000,factor_pack_score,6,95.24,40.0,10.0,NONE,TRUE,TRUE,2026-05-21,PRICE_AND_FULL_HISTORY_READY,,TIER_1_CORE_CANDIDATE,SCORE_THRESHOLD_POLICY,FALSE
GNRC,42.860000,factor_pack_score,61,42.86,50.0,0.0,NONE,TRUE,TRUE,2026-05-21,PRICE_AND_FULL_HISTORY_READY,,TIER_5_WEAK_OR_BLOCKED,SCORE_THRESHOLD_POLICY,FALSE
GOOG,,factor_pack_score,,,,,,TRUE,TRUE,2026-05-21,PRICE_AND_FULL_HISTORY_READY,,TIER_0_DATA_NOT_READY,NO_USABLE_SCORE,FALSE
GOOGL,3.810000,factor_pack_score,102,3.81,40.0,10.0,NONE,TRUE,TRUE,2026-05-21,PRICE_AND_FULL_HISTORY_READY,,TIER_5_WEAK_OR_BLOCKED,SCORE_THRESHOLD_POLICY,FALSE
GRAB,,factor_pack_score,,,,,,TRUE,TRUE,2026-05-21,PRICE_AND_FULL_HISTORY_READY,,TIER_0_DATA_NOT_READY,NO_USABLE_SCORE,FALSE
GS,,factor_pack_score,,,,,,TRUE,TRUE,2026-05-21,PRICE_AND_FULL_HISTORY_READY,,TIER_0_DATA_NOT_READY,NO_USABLE_SCORE,FALSE
GSG,,factor_pack_score,,,,,,TRUE,TRUE,2026-05-21,PRICE_AND_FULL_HISTORY_READY,,TIER_0_DATA_NOT_READY,NO_USABLE_SCORE,FALSE
GT,,factor_pack_score,,,,,,TRUE,TRUE,2026-05-21,PRICE_AND_FULL_HISTORY_READY,,TIER_0_DATA_NOT_READY,NO_USABLE_SCORE,FALSE
HIVE,,factor_pack_score,,,,,,TRUE,TRUE,2026-05-21,PRICE_AND_FULL_HISTORY_READY,,TIER_0_DATA_NOT_READY,NO_USABLE_SCORE,FALSE
HLT,,factor_pack_score,,,,,,TRUE,TRUE,2026-05-21,PRICE_AND_FULL_HISTORY_READY,,TIER_0_DATA_NOT_READY,NO_USABLE_SCORE,FALSE
HOOD,,factor_pack_score,,,,,,FALSE,FALSE,,DATA_NOT_READY,HOLD_SUSPICIOUS_PRICE_DATA,TIER_0_DATA_NOT_READY,NO_USABLE_SCORE;LOCAL_PRICE_NOT_AVAILABLE;HELD_OUT_BY_BACKFILL_QUALITY,TRUE
HPE,38.100000,factor_pack_score,66,38.1,44.0,10.0,NONE,TRUE,TRUE,2026-05-21,PRICE_AND_FULL_HISTORY_READY,,TIER_5_WEAK_OR_BLOCKED,SCORE_THRESHOLD_POLICY,FALSE
HTZ,,factor_pack_score,,,,,,FALSE,FALSE,,DATA_NOT_READY,HOLD_SUSPICIOUS_PRICE_DATA,TIER_0_DATA_NOT_READY,NO_USABLE_SCORE;LOCAL_PRICE_NOT_AVAILABLE;HELD_OUT_BY_BACKFILL_QUALITY,TRUE
HUBB,54.290000,factor_pack_score,49,54.29,72.0,0.0,NONE,TRUE,TRUE,2026-05-21,PRICE_AND_FULL_HISTORY_READY,,TIER_4_REVIEW_ONLY,SCORE_THRESHOLD_POLICY,FALSE
HUBS,,factor_pack_score,,,,,,TRUE,TRUE,2026-05-21,PRICE_AND_FULL_HISTORY_READY,,TIER_0_DATA_NOT_READY,NO_USABLE_SCORE,FALSE
HUM,,factor_pack_score,,,,,,TRUE,TRUE,2026-05-21,PRICE_AND_FULL_HISTORY_READY,,TIER_0_DATA_NOT_READY,NO_USABLE_SCORE,FALSE
HUT,,factor_pack_score,,,,,,TRUE,TRUE,2026-05-21,PRICE_AND_FULL_HISTORY_READY,,TIER_0_DATA_NOT_READY,NO_USABLE_SCORE,FALSE
IBIT,,factor_pack_score,,,,,,TRUE,TRUE,2026-05-21,PRICE_AND_FULL_HISTORY_READY,,TIER_0_DATA_NOT_READY,NO_USABLE_SCORE,FALSE
ICHR,93.330000,factor_pack_score,8,93.33,48.0,10.0,NONE,TRUE,TRUE,2026-05-21,PRICE_AND_FULL_HISTORY_READY,,TIER_1_CORE_CANDIDATE,SCORE_THRESHOLD_POLICY,FALSE
IGV,36.190000,factor_pack_score,68,36.19,40.0,10.0,NONE,TRUE,TRUE,2026-05-21,PRICE_AND_FULL_HISTORY_READY,,TIER_5_WEAK_OR_BLOCKED,SCORE_THRESHOLD_POLICY,FALSE
INFY,,factor_pack_score,,,,,,TRUE,TRUE,2026-05-21,PRICE_AND_FULL_HISTORY_READY,,TIER_0_DATA_NOT_READY,NO_USABLE_SCORE,FALSE
INSM,,factor_pack_score,,,,,,FALSE,FALSE,,DATA_NOT_READY,HOLD_SUSPICIOUS_PRICE_DATA,TIER_0_DATA_NOT_READY,NO_USABLE_SCORE;LOCAL_PRICE_NOT_AVAILABLE;HELD_OUT_BY_BACKFILL_QUALITY,TRUE
INTC,90.480000,factor_pack_score,11,90.48,50.0,0.0,NONE,TRUE,TRUE,2026-05-21,PRICE_AND_FULL_HISTORY_READY,,TIER_1_CORE_CANDIDATE,SCORE_THRESHOLD_POLICY,FALSE
IRDM,15.240000,factor_pack_score,90,15.24,50.0,0.0,NONE,TRUE,TRUE,2026-05-21,PRICE_AND_FULL_HISTORY_READY,,TIER_5_WEAK_OR_BLOCKED,SCORE_THRESHOLD_POLICY,FALSE
IREN,58.100000,factor_pack_score,45,58.1,50.0,0.0,NONE,TRUE,TRUE,2026-05-21,PRICE_AND_FULL_HISTORY_READY,,TIER_4_REVIEW_ONLY,SCORE_THRESHOLD_POLICY,FALSE
ISRG,,factor_pack_score,,,,,,TRUE,TRUE,2026-05-21,PRICE_AND_FULL_HISTORY_READY,,TIER_0_DATA_NOT_READY,NO_USABLE_SCORE,FALSE
IWM,,factor_pack_score,,,,,,TRUE,TRUE,2026-05-21,PRICE_AND_FULL_HISTORY_READY,,TIER_0_DATA_NOT_READY,NO_USABLE_SCORE,FALSE
IYW,37.140000,factor_pack_score,67,37.14,50.0,0.0,NONE,TRUE,TRUE,2026-05-21,PRICE_AND_FULL_HISTORY_READY,,TIER_5_WEAK_OR_BLOCKED,SCORE_THRESHOLD_POLICY,FALSE
JBL,66.670000,factor_pack_score,36,66.67,58.0,0.0,NONE,TRUE,TRUE,2026-05-21,PRICE_AND_FULL_HISTORY_READY,,TIER_3_WATCHLIST,SCORE_THRESHOLD_POLICY,FALSE
JBS,,factor_pack_score,,,,,,FALSE,FALSE,,DATA_NOT_READY,MERGE_CANDIDATE_PRICE_ONLY_PARTIAL_HISTORY,TIER_0_DATA_NOT_READY,NO_USABLE_SCORE;LOCAL_PRICE_NOT_AVAILABLE;HELD_OUT_BY_BACKFILL_QUALITY,TRUE
JCI,,factor_pack_score,,,,,,TRUE,TRUE,2026-05-21,PRICE_AND_FULL_HISTORY_READY,,TIER_0_DATA_NOT_READY,NO_USABLE_SCORE,FALSE
JD,,factor_pack_score,,,,,,TRUE,TRUE,2026-05-21,PRICE_AND_FULL_HISTORY_READY,,TIER_0_DATA_NOT_READY,NO_USABLE_SCORE,FALSE
JFROG,,factor_pack_score,,,,,,FALSE,FALSE,,DATA_NOT_READY,HOLD_EMPTY_FETCH,TIER_0_DATA_NOT_READY,NO_USABLE_SCORE;LOCAL_PRICE_NOT_AVAILABLE;HELD_OUT_BY_BACKFILL_QUALITY,TRUE
JHX,,factor_pack_score,,,,,,TRUE,TRUE,2026-05-21,PRICE_AND_FULL_HISTORY_READY,,TIER_0_DATA_NOT_READY,NO_USABLE_SCORE,FALSE
KEYS,84.760000,factor_pack_score,17,84.76,62.0,0.0,NONE,TRUE,TRUE,2026-05-21,PRICE_AND_FULL_HISTORY_READY,,TIER_2_STRONG_WATCHLIST,SCORE_THRESHOLD_POLICY,FALSE
KKR,,factor_pack_score,,,,,,TRUE,TRUE,2026-05-21,PRICE_AND_FULL_HISTORY_READY,,TIER_0_DATA_NOT_READY,NO_USABLE_SCORE,FALSE
KLAC,53.330000,factor_pack_score,50,53.33,58.0,0.0,NONE,TRUE,TRUE,2026-05-21,PRICE_AND_FULL_HISTORY_READY,,TIER_4_REVIEW_ONLY,SCORE_THRESHOLD_POLICY,FALSE
KLAR,,factor_pack_score,,,,,,FALSE,FALSE,,DATA_NOT_READY,MERGE_CANDIDATE_PRICE_ONLY_PARTIAL_HISTORY,TIER_0_DATA_NOT_READY,NO_USABLE_SCORE;LOCAL_PRICE_NOT_AVAILABLE;HELD_OUT_BY_BACKFILL_QUALITY,TRUE
KLIC,74.290000,factor_pack_score,28,74.29,40.0,10.0,NONE,TRUE,TRUE,2026-05-21,PRICE_AND_FULL_HISTORY_READY,,TIER_3_WATCHLIST,SCORE_THRESHOLD_POLICY,FALSE
KNX,,factor_pack_score,,,,,,TRUE,TRUE,2026-05-21,PRICE_AND_FULL_HISTORY_READY,,TIER_0_DATA_NOT_READY,NO_USABLE_SCORE,FALSE
KRC,,factor_pack_score,,,,,,TRUE,TRUE,2026-05-21,PRICE_AND_FULL_HISTORY_READY,,TIER_0_DATA_NOT_READY,NO_USABLE_SCORE,FALSE
KVYO,,factor_pack_score,,,,,,TRUE,TRUE,2026-05-21,PRICE_AND_FULL_HISTORY_READY,,TIER_0_DATA_NOT_READY,NO_USABLE_SCORE,FALSE
KWEB,,factor_pack_score,,,,,,TRUE,TRUE,2026-05-21,PRICE_AND_FULL_HISTORY_READY,,TIER_0_DATA_NOT_READY,NO_USABLE_SCORE,FALSE
LBRT,,factor_pack_score,,,,,,TRUE,TRUE,2026-05-21,PRICE_AND_FULL_HISTORY_READY,,TIER_0_DATA_NOT_READY,NO_USABLE_SCORE,FALSE
LCID,,factor_pack_score,,,,,,TRUE,TRUE,2026-05-21,PRICE_AND_FULL_HISTORY_READY,,TIER_0_DATA_NOT_READY,NO_USABLE_SCORE,FALSE
LHX,,factor_pack_score,,,,,,TRUE,TRUE,2026-05-21,PRICE_AND_FULL_HISTORY_READY,,TIER_0_DATA_NOT_READY,NO_USABLE_SCORE,FALSE
LIN,,factor_pack_score,,,,,,TRUE,TRUE,2026-05-21,PRICE_AND_FULL_HISTORY_READY,,TIER_0_DATA_NOT_READY,NO_USABLE_SCORE,FALSE
LINE,,factor_pack_score,,,,,,FALSE,FALSE,,DATA_NOT_READY,,TIER_0_DATA_NOT_READY,NO_USABLE_SCORE;LOCAL_PRICE_NOT_AVAILABLE,FALSE
LITE,99.050000,factor_pack_score,2,99.05,58.0,0.0,NONE,TRUE,TRUE,2026-05-21,PRICE_AND_FULL_HISTORY_READY,,TIER_1_CORE_CANDIDATE,SCORE_THRESHOLD_POLICY,FALSE
LPLA,,factor_pack_score,,,,,,FALSE,FALSE,,DATA_NOT_READY,,TIER_0_DATA_NOT_READY,NO_USABLE_SCORE;LOCAL_PRICE_NOT_AVAILABLE,FALSE
LRCX,69.520000,factor_pack_score,33,69.52,50.0,0.0,NONE,TRUE,TRUE,2026-05-21,PRICE_AND_FULL_HISTORY_READY,,TIER_3_WATCHLIST,SCORE_THRESHOLD_POLICY,FALSE
LSCC,,factor_pack_score,,,,,,FALSE,FALSE,,DATA_NOT_READY,,TIER_0_DATA_NOT_READY,NO_USABLE_SCORE;LOCAL_PRICE_NOT_AVAILABLE,FALSE
LYB,,factor_pack_score,,,,,,FALSE,FALSE,,DATA_NOT_READY,,TIER_0_DATA_NOT_READY,NO_USABLE_SCORE;LOCAL_PRICE_NOT_AVAILABLE,FALSE
LYFT,,factor_pack_score,,,,,,FALSE,FALSE,,DATA_NOT_READY,,TIER_0_DATA_NOT_READY,NO_USABLE_SCORE;LOCAL_PRICE_NOT_AVAILABLE,FALSE
MA,,factor_pack_score,,,,,,FALSE,FALSE,,DATA_NOT_READY,,TIER_0_DATA_NOT_READY,NO_USABLE_SCORE;LOCAL_PRICE_NOT_AVAILABLE,FALSE
MCHP,62.860000,factor_pack_score,40,62.86,50.0,0.0,NONE,TRUE,TRUE,2026-05-21,PRICE_AND_FULL_HISTORY_READY,,TIER_4_REVIEW_ONLY,SCORE_THRESHOLD_POLICY,FALSE
MCK,,factor_pack_score,,,,,,FALSE,FALSE,,DATA_NOT_READY,,TIER_0_DATA_NOT_READY,NO_USABLE_SCORE;LOCAL_PRICE_NOT_AVAILABLE,FALSE
MDB,16.190000,factor_pack_score,89,16.19,25.0,30.0,NONE,TRUE,TRUE,2026-05-21,PRICE_AND_FULL_HISTORY_READY,,TIER_5_WEAK_OR_BLOCKED,SCORE_THRESHOLD_POLICY,FALSE
MELI,,factor_pack_score,,,,,,FALSE,FALSE,,DATA_NOT_READY,,TIER_0_DATA_NOT_READY,NO_USABLE_SCORE;LOCAL_PRICE_NOT_AVAILABLE,FALSE
META,21.900000,factor_pack_score,83,21.9,64.0,0.0,NONE,TRUE,TRUE,2026-05-21,PRICE_AND_FULL_HISTORY_READY,,TIER_5_WEAK_OR_BLOCKED,SCORE_THRESHOLD_POLICY,FALSE
MKSI,80.950000,factor_pack_score,21,80.95,50.0,0.0,NONE,TRUE,TRUE,2026-05-21,PRICE_AND_FULL_HISTORY_READY,,TIER_2_STRONG_WATCHLIST,SCORE_THRESHOLD_POLICY,FALSE
MNTN,,factor_pack_score,,,,,,FALSE,FALSE,,DATA_NOT_READY,,TIER_0_DATA_NOT_READY,NO_USABLE_SCORE;LOCAL_PRICE_NOT_AVAILABLE,FALSE
MOD,92.380000,factor_pack_score,9,92.38,58.0,0.0,NONE,TRUE,TRUE,2026-05-21,PRICE_AND_FULL_HISTORY_READY,,TIER_1_CORE_CANDIDATE,SCORE_THRESHOLD_POLICY,FALSE
MOH,,factor_pack_score,,,,,,FALSE,FALSE,,DATA_NOT_READY,,TIER_0_DATA_NOT_READY,NO_USABLE_SCORE;LOCAL_PRICE_NOT_AVAILABLE,FALSE
MPLX,,factor_pack_score,,,,,,FALSE,FALSE,,DATA_NOT_READY,,TIER_0_DATA_NOT_READY,NO_USABLE_SCORE;LOCAL_PRICE_NOT_AVAILABLE,FALSE
MPW,,factor_pack_score,,,,,,FALSE,FALSE,,DATA_NOT_READY,,TIER_0_DATA_NOT_READY,NO_USABLE_SCORE;LOCAL_PRICE_NOT_AVAILABLE,FALSE
MPWR,78.100000,factor_pack_score,24,78.1,58.0,0.0,NONE,TRUE,TRUE,2026-05-21,PRICE_AND_FULL_HISTORY_READY,,TIER_2_STRONG_WATCHLIST,SCORE_THRESHOLD_POLICY,FALSE
MRVL,56.190000,factor_pack_score,47,56.19,50.0,0.0,NONE,TRUE,TRUE,2026-05-21,PRICE_AND_FULL_HISTORY_READY,,TIER_4_REVIEW_ONLY,SCORE_THRESHOLD_POLICY,FALSE
MSFT,35.240000,factor_pack_score,69,35.24,50.0,0.0,NONE,TRUE,TRUE,2026-05-21,PRICE_AND_FULL_HISTORY_READY,,TIER_5_WEAK_OR_BLOCKED,SCORE_THRESHOLD_POLICY,FALSE
MTSI,,factor_pack_score,,,,,,FALSE,FALSE,,DATA_NOT_READY,,TIER_0_DATA_NOT_READY,NO_USABLE_SCORE;LOCAL_PRICE_NOT_AVAILABLE,FALSE
MTZ,,factor_pack_score,,,,,,FALSE,FALSE,,DATA_NOT_READY,,TIER_0_DATA_NOT_READY,NO_USABLE_SCORE;LOCAL_PRICE_NOT_AVAILABLE,FALSE
MU,97.140000,factor_pack_score,4,97.14,50.0,0.0,NONE,TRUE,TRUE,2026-05-21,PRICE_AND_FULL_HISTORY_READY,,TIER_1_CORE_CANDIDATE,SCORE_THRESHOLD_POLICY,FALSE
NAMS,,factor_pack_score,,,,,,FALSE,FALSE,,DATA_NOT_READY,,TIER_0_DATA_NOT_READY,NO_USABLE_SCORE;LOCAL_PRICE_NOT_AVAILABLE,FALSE
NET,7.620000,factor_pack_score,98,7.62,58.0,0.0,NONE,TRUE,TRUE,2026-05-21,PRICE_AND_FULL_HISTORY_READY,,TIER_5_WEAK_OR_BLOCKED,SCORE_THRESHOLD_POLICY,FALSE
NFLX,,factor_pack_score,,,,,,FALSE,FALSE,,DATA_NOT_READY,,TIER_0_DATA_NOT_READY,NO_USABLE_SCORE;LOCAL_PRICE_NOT_AVAILABLE,FALSE
NI,,factor_pack_score,,,,,,FALSE,FALSE,,DATA_NOT_READY,,TIER_0_DATA_NOT_READY,NO_USABLE_SCORE;LOCAL_PRICE_NOT_AVAILABLE,FALSE
NOW,13.330000,factor_pack_score,92,13.33,45.0,10.0,NONE,TRUE,TRUE,2026-05-21,PRICE_AND_FULL_HISTORY_READY,,TIER_5_WEAK_OR_BLOCKED,SCORE_THRESHOLD_POLICY,FALSE
NRG,,factor_pack_score,,,,,,FALSE,FALSE,,DATA_NOT_READY,,TIER_0_DATA_NOT_READY,NO_USABLE_SCORE;LOCAL_PRICE_NOT_AVAILABLE,FALSE
NTAP,18.100000,factor_pack_score,87,18.1,34.0,20.0,NONE,TRUE,TRUE,2026-05-21,PRICE_AND_FULL_HISTORY_READY,,TIER_5_WEAK_OR_BLOCKED,SCORE_THRESHOLD_POLICY,FALSE
NTRA,,factor_pack_score,,,,,,FALSE,FALSE,,DATA_NOT_READY,,TIER_0_DATA_NOT_READY,NO_USABLE_SCORE;LOCAL_PRICE_NOT_AVAILABLE,FALSE
NU,,factor_pack_score,,,,,,FALSE,FALSE,,DATA_NOT_READY,,TIER_0_DATA_NOT_READY,NO_USABLE_SCORE;LOCAL_PRICE_NOT_AVAILABLE,FALSE
NUVB,,factor_pack_score,,,,,,FALSE,FALSE,,DATA_NOT_READY,,TIER_0_DATA_NOT_READY,NO_USABLE_SCORE;LOCAL_PRICE_NOT_AVAILABLE,FALSE
NVAX,,factor_pack_score,,,,,,FALSE,FALSE,,DATA_NOT_READY,,TIER_0_DATA_NOT_READY,NO_USABLE_SCORE;LOCAL_PRICE_NOT_AVAILABLE,FALSE
NVDA,24.760000,factor_pack_score,80,24.76,40.0,10.0,NONE,TRUE,TRUE,2026-05-21,PRICE_AND_FULL_HISTORY_READY,,TIER_5_WEAK_OR_BLOCKED,SCORE_THRESHOLD_POLICY,FALSE
NVT,50.950000,factor_pack_score,52,50.95,50.0,0.0,NONE,TRUE,TRUE,2026-05-21,PRICE_AND_FULL_HISTORY_READY,,TIER_4_REVIEW_ONLY,SCORE_THRESHOLD_POLICY,FALSE
NXPI,9.520000,factor_pack_score,96,9.52,50.0,0.0,NONE,TRUE,TRUE,2026-05-21,PRICE_AND_FULL_HISTORY_READY,,TIER_5_WEAK_OR_BLOCKED,SCORE_THRESHOLD_POLICY,FALSE
OC,,factor_pack_score,,,,,,FALSE,FALSE,,DATA_NOT_READY,,TIER_0_DATA_NOT_READY,NO_USABLE_SCORE;LOCAL_PRICE_NOT_AVAILABLE,FALSE
OKTA,,factor_pack_score,,,,,,FALSE,FALSE,,DATA_NOT_READY,,TIER_0_DATA_NOT_READY,NO_USABLE_SCORE;LOCAL_PRICE_NOT_AVAILABLE,FALSE
OLMA,,factor_pack_score,,,,,,FALSE,FALSE,,DATA_NOT_READY,,TIER_0_DATA_NOT_READY,NO_USABLE_SCORE;LOCAL_PRICE_NOT_AVAILABLE,FALSE
OLPX,,factor_pack_score,,,,,,FALSE,FALSE,,DATA_NOT_READY,,TIER_0_DATA_NOT_READY,NO_USABLE_SCORE;LOCAL_PRICE_NOT_AVAILABLE,FALSE
ON,30.480000,factor_pack_score,74,30.48,50.0,0.0,NONE,TRUE,TRUE,2026-05-21,PRICE_AND_FULL_HISTORY_READY,,TIER_5_WEAK_OR_BLOCKED,SCORE_THRESHOLD_POLICY,FALSE
OPCH,,factor_pack_score,,,,,,FALSE,FALSE,,DATA_NOT_READY,,TIER_0_DATA_NOT_READY,NO_USABLE_SCORE;LOCAL_PRICE_NOT_AVAILABLE,FALSE
ORCL,20.950000,factor_pack_score,84,20.95,50.0,0.0,NONE,TRUE,TRUE,2026-05-21,PRICE_AND_FULL_HISTORY_READY,,TIER_5_WEAK_OR_BLOCKED,SCORE_THRESHOLD_POLICY,FALSE
PANW,17.140000,factor_pack_score,88,17.14,14.0,40.0,NONE,TRUE,TRUE,2026-05-21,PRICE_AND_FULL_HISTORY_READY,,TIER_5_WEAK_OR_BLOCKED,SCORE_THRESHOLD_POLICY,FALSE
PATH,,factor_pack_score,,,,,,FALSE,FALSE,,DATA_NOT_READY,,TIER_0_DATA_NOT_READY,NO_USABLE_SCORE;LOCAL_PRICE_NOT_AVAILABLE,FALSE
PCOR,,factor_pack_score,,,,,,FALSE,FALSE,,DATA_NOT_READY,,TIER_0_DATA_NOT_READY,NO_USABLE_SCORE;LOCAL_PRICE_NOT_AVAILABLE,FALSE
PCT,,factor_pack_score,,,,,,FALSE,FALSE,,DATA_NOT_READY,,TIER_0_DATA_NOT_READY,NO_USABLE_SCORE;LOCAL_PRICE_NOT_AVAILABLE,FALSE
PDD,,factor_pack_score,,,,,,FALSE,FALSE,,DATA_NOT_READY,,TIER_0_DATA_NOT_READY,NO_USABLE_SCORE;LOCAL_PRICE_NOT_AVAILABLE,FALSE
PFGC,,factor_pack_score,,,,,,FALSE,FALSE,,DATA_NOT_READY,,TIER_0_DATA_NOT_READY,NO_USABLE_SCORE;LOCAL_PRICE_NOT_AVAILABLE,FALSE
PGNY,,factor_pack_score,,,,,,FALSE,FALSE,,DATA_NOT_READY,,TIER_0_DATA_NOT_READY,NO_USABLE_SCORE;LOCAL_PRICE_NOT_AVAILABLE,FALSE
PI,,factor_pack_score,,,,,,FALSE,FALSE,,DATA_NOT_READY,,TIER_0_DATA_NOT_READY,NO_USABLE_SCORE;LOCAL_PRICE_NOT_AVAILABLE,FALSE
PINS,,factor_pack_score,,,,,,FALSE,FALSE,,DATA_NOT_READY,,TIER_0_DATA_NOT_READY,NO_USABLE_SCORE;LOCAL_PRICE_NOT_AVAILABLE,FALSE
PLTR,23.810000,factor_pack_score,81,23.81,58.0,0.0,NONE,TRUE,TRUE,2026-05-21,PRICE_AND_FULL_HISTORY_READY,,TIER_5_WEAK_OR_BLOCKED,SCORE_THRESHOLD_POLICY,FALSE
PLUG,,factor_pack_score,,,,,,FALSE,FALSE,,DATA_NOT_READY,,TIER_0_DATA_NOT_READY,NO_USABLE_SCORE;LOCAL_PRICE_NOT_AVAILABLE,FALSE
PM,,factor_pack_score,,,,,,FALSE,FALSE,,DATA_NOT_READY,,TIER_0_DATA_NOT_READY,NO_USABLE_SCORE;LOCAL_PRICE_NOT_AVAILABLE,FALSE
PONY,,factor_pack_score,,,,,,FALSE,FALSE,,DATA_NOT_READY,,TIER_0_DATA_NOT_READY,NO_USABLE_SCORE;LOCAL_PRICE_NOT_AVAILABLE,FALSE
POWL,98.100000,factor_pack_score,3,98.1,58.0,0.0,NONE,TRUE,TRUE,2026-05-21,PRICE_AND_FULL_HISTORY_READY,,TIER_1_CORE_CANDIDATE,SCORE_THRESHOLD_POLICY,FALSE
PSIX,,factor_pack_score,,,,,,FALSE,FALSE,,DATA_NOT_READY,,TIER_0_DATA_NOT_READY,NO_USABLE_SCORE;LOCAL_PRICE_NOT_AVAILABLE,FALSE
PSTG,28.570000,factor_pack_score,76,28.57,50.0,0.0,NONE,TRUE,TRUE,2026-05-21,PRICE_AND_FULL_HISTORY_READY,,TIER_5_WEAK_OR_BLOCKED,SCORE_THRESHOLD_POLICY,FALSE
PTGX,,factor_pack_score,,,,,,FALSE,FALSE,,DATA_NOT_READY,,TIER_0_DATA_NOT_READY,NO_USABLE_SCORE;LOCAL_PRICE_NOT_AVAILABLE,FALSE
PTON,,factor_pack_score,,,,,,FALSE,FALSE,,DATA_NOT_READY,,TIER_0_DATA_NOT_READY,NO_USABLE_SCORE;LOCAL_PRICE_NOT_AVAILABLE,FALSE
PUMP,,factor_pack_score,,,,,,FALSE,FALSE,,DATA_NOT_READY,,TIER_0_DATA_NOT_READY,NO_USABLE_SCORE;LOCAL_PRICE_NOT_AVAILABLE,FALSE
PWR,60.000000,factor_pack_score,43,60.0,50.0,0.0,NONE,TRUE,TRUE,2026-05-21,PRICE_AND_FULL_HISTORY_READY,,TIER_4_REVIEW_ONLY,SCORE_THRESHOLD_POLICY,FALSE
PYPL,,factor_pack_score,,,,,,FALSE,FALSE,,DATA_NOT_READY,,TIER_0_DATA_NOT_READY,NO_USABLE_SCORE;LOCAL_PRICE_NOT_AVAILABLE,FALSE
QCOM,57.140000,factor_pack_score,46,57.14,50.0,0.0,NONE,TRUE,TRUE,2026-05-21,PRICE_AND_FULL_HISTORY_READY,,TIER_4_REVIEW_ONLY,SCORE_THRESHOLD_POLICY,FALSE
QQQ,34.290000,factor_pack_score,70,34.29,50.0,0.0,NONE,TRUE,TRUE,2026-05-21,PRICE_AND_FULL_HISTORY_READY,,TIER_5_WEAK_OR_BLOCKED,SCORE_THRESHOLD_POLICY,FALSE
QS,,factor_pack_score,,,,,,FALSE,FALSE,,DATA_NOT_READY,,TIER_0_DATA_NOT_READY,NO_USABLE_SCORE;LOCAL_PRICE_NOT_AVAILABLE,FALSE
QSR,,factor_pack_score,,,,,,FALSE,FALSE,,DATA_NOT_READY,,TIER_0_DATA_NOT_READY,NO_USABLE_SCORE;LOCAL_PRICE_NOT_AVAILABLE,FALSE
RBLX,,factor_pack_score,,,,,,FALSE,FALSE,,DATA_NOT_READY,,TIER_0_DATA_NOT_READY,NO_USABLE_SCORE;LOCAL_PRICE_NOT_AVAILABLE,FALSE
RDDT,,factor_pack_score,,,,,,FALSE,FALSE,,DATA_NOT_READY,,TIER_0_DATA_NOT_READY,NO_USABLE_SCORE;LOCAL_PRICE_NOT_AVAILABLE,FALSE
RERE,,factor_pack_score,,,,,,FALSE,FALSE,,DATA_NOT_READY,,TIER_0_DATA_NOT_READY,NO_USABLE_SCORE;LOCAL_PRICE_NOT_AVAILABLE,FALSE
RH,,factor_pack_score,,,,,,FALSE,FALSE,,DATA_NOT_READY,,TIER_0_DATA_NOT_READY,NO_USABLE_SCORE;LOCAL_PRICE_NOT_AVAILABLE,FALSE
RIOT,,factor_pack_score,,,,,,FALSE,FALSE,,DATA_NOT_READY,,TIER_0_DATA_NOT_READY,NO_USABLE_SCORE;LOCAL_PRICE_NOT_AVAILABLE,FALSE
RKT,,factor_pack_score,,,,,,FALSE,FALSE,,DATA_NOT_READY,,TIER_0_DATA_NOT_READY,NO_USABLE_SCORE;LOCAL_PRICE_NOT_AVAILABLE,FALSE
RNG,,factor_pack_score,,,,,,FALSE,FALSE,,DATA_NOT_READY,,TIER_0_DATA_NOT_READY,NO_USABLE_SCORE;LOCAL_PRICE_NOT_AVAILABLE,FALSE
ROKU,,factor_pack_score,,,,,,FALSE,FALSE,,DATA_NOT_READY,,TIER_0_DATA_NOT_READY,NO_USABLE_SCORE;LOCAL_PRICE_NOT_AVAILABLE,FALSE
RSP,,factor_pack_score,,,,,,FALSE,FALSE,,DATA_NOT_READY,,TIER_0_DATA_NOT_READY,NO_USABLE_SCORE;LOCAL_PRICE_NOT_AVAILABLE,FALSE
RTX,,factor_pack_score,,,,,,FALSE,FALSE,,DATA_NOT_READY,,TIER_0_DATA_NOT_READY,NO_USABLE_SCORE;LOCAL_PRICE_NOT_AVAILABLE,FALSE
RVMD,,factor_pack_score,,,,,,FALSE,FALSE,,DATA_NOT_READY,,TIER_0_DATA_NOT_READY,NO_USABLE_SCORE;LOCAL_PRICE_NOT_AVAILABLE,FALSE
SANM,50.950000,factor_pack_score,53,50.95,50.0,0.0,NONE,TRUE,TRUE,2026-05-21,PRICE_AND_FULL_HISTORY_READY,,TIER_4_REVIEW_ONLY,SCORE_THRESHOLD_POLICY,FALSE
SATS,,factor_pack_score,,,,,,FALSE,FALSE,,DATA_NOT_READY,,TIER_0_DATA_NOT_READY,NO_USABLE_SCORE;LOCAL_PRICE_NOT_AVAILABLE,FALSE
SCCO,,factor_pack_score,,,,,,FALSE,FALSE,,DATA_NOT_READY,,TIER_0_DATA_NOT_READY,NO_USABLE_SCORE;LOCAL_PRICE_NOT_AVAILABLE,FALSE
SCHW,,factor_pack_score,,,,,,FALSE,FALSE,,DATA_NOT_READY,,TIER_0_DATA_NOT_READY,NO_USABLE_SCORE;LOCAL_PRICE_NOT_AVAILABLE,FALSE
SE,,factor_pack_score,,,,,,FALSE,FALSE,,DATA_NOT_READY,,TIER_0_DATA_NOT_READY,NO_USABLE_SCORE;LOCAL_PRICE_NOT_AVAILABLE,FALSE
SEI,,factor_pack_score,,,,,,FALSE,FALSE,,DATA_NOT_READY,,TIER_0_DATA_NOT_READY,NO_USABLE_SCORE;LOCAL_PRICE_NOT_AVAILABLE,FALSE
SFIX,,factor_pack_score,,,,,,FALSE,FALSE,,DATA_NOT_READY,,TIER_0_DATA_NOT_READY,NO_USABLE_SCORE;LOCAL_PRICE_NOT_AVAILABLE,FALSE
SFM,,factor_pack_score,,,,,,FALSE,FALSE,,DATA_NOT_READY,,TIER_0_DATA_NOT_READY,NO_USABLE_SCORE;LOCAL_PRICE_NOT_AVAILABLE,FALSE
SHOP,,factor_pack_score,,,,,,FALSE,FALSE,,DATA_NOT_READY,,TIER_0_DATA_NOT_READY,NO_USABLE_SCORE;LOCAL_PRICE_NOT_AVAILABLE,FALSE
SHW,,factor_pack_score,,,,,,FALSE,FALSE,,DATA_NOT_READY,,TIER_0_DATA_NOT_READY,NO_USABLE_SCORE;LOCAL_PRICE_NOT_AVAILABLE,FALSE
SITM,,factor_pack_score,,,,,,FALSE,FALSE,,DATA_NOT_READY,,TIER_0_DATA_NOT_READY,NO_USABLE_SCORE;LOCAL_PRICE_NOT_AVAILABLE,FALSE
SMCI,4.760000,factor_pack_score,101,4.76,50.0,0.0,NONE,TRUE,TRUE,2026-05-21,PRICE_AND_FULL_HISTORY_READY,,TIER_5_WEAK_OR_BLOCKED,SCORE_THRESHOLD_POLICY,FALSE
SMH,64.760000,factor_pack_score,38,64.76,54.0,0.0,NONE,TRUE,TRUE,2026-05-21,PRICE_AND_FULL_HISTORY_READY,,TIER_4_REVIEW_ONLY,SCORE_THRESHOLD_POLICY,FALSE
SMTC,,factor_pack_score,,,,,,FALSE,FALSE,,DATA_NOT_READY,,TIER_0_DATA_NOT_READY,NO_USABLE_SCORE;LOCAL_PRICE_NOT_AVAILABLE,FALSE
SNDK,91.430000,factor_pack_score,10,91.43,50.0,0.0,NONE,TRUE,TRUE,2026-05-21,PRICE_AND_FULL_HISTORY_READY,,TIER_1_CORE_CANDIDATE,SCORE_THRESHOLD_POLICY,FALSE
SNOW,11.430000,factor_pack_score,94,11.43,45.0,10.0,NONE,TRUE,TRUE,2026-05-21,PRICE_AND_FULL_HISTORY_READY,,TIER_5_WEAK_OR_BLOCKED,SCORE_THRESHOLD_POLICY,FALSE
SNPS,,factor_pack_score,,,,,,FALSE,FALSE,,DATA_NOT_READY,,TIER_0_DATA_NOT_READY,NO_USABLE_SCORE;LOCAL_PRICE_NOT_AVAILABLE,FALSE
SOLS,,factor_pack_score,,,,,,FALSE,FALSE,,DATA_NOT_READY,,TIER_0_DATA_NOT_READY,NO_USABLE_SCORE;LOCAL_PRICE_NOT_AVAILABLE,FALSE
SOXL,96.190000,factor_pack_score,5,96.19,50.0,0.0,NONE,TRUE,TRUE,2026-05-21,PRICE_AND_FULL_HISTORY_READY,,TIER_1_CORE_CANDIDATE,SCORE_THRESHOLD_POLICY,FALSE
SOXX,76.190000,factor_pack_score,26,76.19,50.0,0.0,NONE,TRUE,TRUE,2026-05-21,PRICE_AND_FULL_HISTORY_READY,,TIER_2_STRONG_WATCHLIST,SCORE_THRESHOLD_POLICY,FALSE
SPOT,,factor_pack_score,,,,,,FALSE,FALSE,,DATA_NOT_READY,,TIER_0_DATA_NOT_READY,NO_USABLE_SCORE;LOCAL_PRICE_NOT_AVAILABLE,FALSE
SPY,25.710000,factor_pack_score,79,25.71,50.0,0.0,NONE,TRUE,TRUE,2026-05-21,PRICE_AND_FULL_HISTORY_READY,,TIER_5_WEAK_OR_BLOCKED,SCORE_THRESHOLD_POLICY,FALSE
STG,,factor_pack_score,,,,,,FALSE,FALSE,,DATA_NOT_READY,,TIER_0_DATA_NOT_READY,NO_USABLE_SCORE;LOCAL_PRICE_NOT_AVAILABLE,FALSE
STM,,factor_pack_score,,,,,,FALSE,FALSE,,DATA_NOT_READY,,TIER_0_DATA_NOT_READY,NO_USABLE_SCORE;LOCAL_PRICE_NOT_AVAILABLE,FALSE
STUB,,factor_pack_score,,,,,,FALSE,FALSE,,DATA_NOT_READY,,TIER_0_DATA_NOT_READY,NO_USABLE_SCORE;LOCAL_PRICE_NOT_AVAILABLE,FALSE
STX,87.620000,factor_pack_score,14,87.62,50.0,0.0,NONE,TRUE,TRUE,2026-05-21,PRICE_AND_FULL_HISTORY_READY,,TIER_1_CORE_CANDIDATE,SCORE_THRESHOLD_POLICY,FALSE
TEAM,,factor_pack_score,,,,,,FALSE,FALSE,,DATA_NOT_READY,,TIER_0_DATA_NOT_READY,NO_USABLE_SCORE;LOCAL_PRICE_NOT_AVAILABLE,FALSE
TER,71.430000,factor_pack_score,31,71.43,64.0,0.0,NONE,TRUE,TRUE,2026-05-21,PRICE_AND_FULL_HISTORY_READY,,TIER_3_WATCHLIST,SCORE_THRESHOLD_POLICY,FALSE
TEVA,,factor_pack_score,,,,,,FALSE,FALSE,,DATA_NOT_READY,,TIER_0_DATA_NOT_READY,NO_USABLE_SCORE;LOCAL_PRICE_NOT_AVAILABLE,FALSE
TICKERS,,factor_pack_score,,,,,,FALSE,FALSE,,DATA_NOT_READY,,TIER_0_DATA_NOT_READY,NO_USABLE_SCORE;LOCAL_PRICE_NOT_AVAILABLE,FALSE
TIGR,,factor_pack_score,,,,,,FALSE,FALSE,,DATA_NOT_READY,,TIER_0_DATA_NOT_READY,NO_USABLE_SCORE;LOCAL_PRICE_NOT_AVAILABLE,FALSE
TLN,,factor_pack_score,,,,,,FALSE,FALSE,,DATA_NOT_READY,,TIER_0_DATA_NOT_READY,NO_USABLE_SCORE;LOCAL_PRICE_NOT_AVAILABLE,FALSE
TQQQ,49.520000,factor_pack_score,54,49.52,50.0,0.0,NONE,TRUE,TRUE,2026-05-21,PRICE_AND_FULL_HISTORY_READY,,TIER_5_WEAK_OR_BLOCKED,SCORE_THRESHOLD_POLICY,FALSE
TSEM,,factor_pack_score,,,,,,FALSE,FALSE,,DATA_NOT_READY,,TIER_0_DATA_NOT_READY,NO_USABLE_SCORE;LOCAL_PRICE_NOT_AVAILABLE,FALSE
TSLA,43.810000,factor_pack_score,60,43.81,50.0,0.0,NONE,TRUE,TRUE,2026-05-21,PRICE_AND_FULL_HISTORY_READY,,TIER_5_WEAK_OR_BLOCKED,SCORE_THRESHOLD_POLICY,FALSE
TSM,44.760000,factor_pack_score,59,44.76,50.0,0.0,NONE,TRUE,TRUE,2026-05-21,PRICE_AND_FULL_HISTORY_READY,,TIER_5_WEAK_OR_BLOCKED,SCORE_THRESHOLD_POLICY,FALSE
TTD,,factor_pack_score,,,,,,FALSE,FALSE,,DATA_NOT_READY,,TIER_0_DATA_NOT_READY,NO_USABLE_SCORE;LOCAL_PRICE_NOT_AVAILABLE,FALSE
TTMI,,factor_pack_score,,,,,,FALSE,FALSE,,DATA_NOT_READY,,TIER_0_DATA_NOT_READY,NO_USABLE_SCORE;LOCAL_PRICE_NOT_AVAILABLE,FALSE
TTWO,,factor_pack_score,,,,,,FALSE,FALSE,,DATA_NOT_READY,,TIER_0_DATA_NOT_READY,NO_USABLE_SCORE;LOCAL_PRICE_NOT_AVAILABLE,FALSE
TWLO,,factor_pack_score,,,,,,FALSE,FALSE,,DATA_NOT_READY,,TIER_0_DATA_NOT_READY,NO_USABLE_SCORE;LOCAL_PRICE_NOT_AVAILABLE,FALSE
TWST,,factor_pack_score,,,,,,FALSE,FALSE,,DATA_NOT_READY,,TIER_0_DATA_NOT_READY,NO_USABLE_SCORE;LOCAL_PRICE_NOT_AVAILABLE,FALSE
TXN,2.860000,factor_pack_score,103,2.86,30.0,20.0,NONE,TRUE,TRUE,2026-05-21,PRICE_AND_FULL_HISTORY_READY,,TIER_5_WEAK_OR_BLOCKED,SCORE_THRESHOLD_POLICY,FALSE
U,,factor_pack_score,,,,,,FALSE,FALSE,,DATA_NOT_READY,,TIER_0_DATA_NOT_READY,NO_USABLE_SCORE;LOCAL_PRICE_NOT_AVAILABLE,FALSE
UAL,,factor_pack_score,,,,,,FALSE,FALSE,,DATA_NOT_READY,,TIER_0_DATA_NOT_READY,NO_USABLE_SCORE;LOCAL_PRICE_NOT_AVAILABLE,FALSE
UBER,,factor_pack_score,,,,,,FALSE,FALSE,,DATA_NOT_READY,,TIER_0_DATA_NOT_READY,NO_USABLE_SCORE;LOCAL_PRICE_NOT_AVAILABLE,FALSE
UNH,,factor_pack_score,,,,,,FALSE,FALSE,,DATA_NOT_READY,,TIER_0_DATA_NOT_READY,NO_USABLE_SCORE;LOCAL_PRICE_NOT_AVAILABLE,FALSE
UPST,,factor_pack_score,,,,,,FALSE,FALSE,,DATA_NOT_READY,,TIER_0_DATA_NOT_READY,NO_USABLE_SCORE;LOCAL_PRICE_NOT_AVAILABLE,FALSE
USFD,,factor_pack_score,,,,,,FALSE,FALSE,,DATA_NOT_READY,,TIER_0_DATA_NOT_READY,NO_USABLE_SCORE;LOCAL_PRICE_NOT_AVAILABLE,FALSE
V,,factor_pack_score,,,,,,FALSE,FALSE,,DATA_NOT_READY,,TIER_0_DATA_NOT_READY,NO_USABLE_SCORE;LOCAL_PRICE_NOT_AVAILABLE,FALSE
VECO,67.620000,factor_pack_score,35,67.62,50.0,0.0,NONE,FALSE,TRUE,,DATA_NOT_READY,,TIER_0_DATA_NOT_READY,SCORE_THRESHOLD_POLICY;LOCAL_PRICE_NOT_AVAILABLE,FALSE
VEEV,,factor_pack_score,,,,,,FALSE,FALSE,,DATA_NOT_READY,,TIER_0_DATA_NOT_READY,NO_USABLE_SCORE;LOCAL_PRICE_NOT_AVAILABLE,FALSE
VIAV,,factor_pack_score,,,,,,FALSE,FALSE,,DATA_NOT_READY,,TIER_0_DATA_NOT_READY,NO_USABLE_SCORE;LOCAL_PRICE_NOT_AVAILABLE,FALSE
VIST,,factor_pack_score,,,,,,FALSE,FALSE,,DATA_NOT_READY,,TIER_0_DATA_NOT_READY,NO_USABLE_SCORE;LOCAL_PRICE_NOT_AVAILABLE,FALSE
VMC,,factor_pack_score,,,,,,FALSE,FALSE,,DATA_NOT_READY,,TIER_0_DATA_NOT_READY,NO_USABLE_SCORE;LOCAL_PRICE_NOT_AVAILABLE,FALSE
VRT,77.140000,factor_pack_score,25,77.14,40.0,10.0,NONE,TRUE,TRUE,2026-05-21,PRICE_AND_FULL_HISTORY_READY,,TIER_2_STRONG_WATCHLIST,SCORE_THRESHOLD_POLICY,FALSE
VST,40.950000,factor_pack_score,63,40.95,72.0,0.0,NONE,TRUE,TRUE,2026-05-21,PRICE_AND_FULL_HISTORY_READY,,TIER_5_WEAK_OR_BLOCKED,SCORE_THRESHOLD_POLICY,FALSE
WAB,,factor_pack_score,,,,,,FALSE,FALSE,,DATA_NOT_READY,,TIER_0_DATA_NOT_READY,NO_USABLE_SCORE;LOCAL_PRICE_NOT_AVAILABLE,FALSE
WDAY,,factor_pack_score,,,,,,FALSE,FALSE,,DATA_NOT_READY,,TIER_0_DATA_NOT_READY,NO_USABLE_SCORE;LOCAL_PRICE_NOT_AVAILABLE,FALSE
WDC,89.520000,factor_pack_score,12,89.52,50.0,0.0,NONE,TRUE,TRUE,2026-05-21,PRICE_AND_FULL_HISTORY_READY,,TIER_1_CORE_CANDIDATE,SCORE_THRESHOLD_POLICY,FALSE
WHR,,factor_pack_score,,,,,,FALSE,FALSE,,DATA_NOT_READY,,TIER_0_DATA_NOT_READY,NO_USABLE_SCORE;LOCAL_PRICE_NOT_AVAILABLE,FALSE
WING,,factor_pack_score,,,,,,FALSE,FALSE,,DATA_NOT_READY,,TIER_0_DATA_NOT_READY,NO_USABLE_SCORE;LOCAL_PRICE_NOT_AVAILABLE,FALSE
WLK,,factor_pack_score,,,,,,FALSE,FALSE,,DATA_NOT_READY,,TIER_0_DATA_NOT_READY,NO_USABLE_SCORE;LOCAL_PRICE_NOT_AVAILABLE,FALSE
WOLF,,factor_pack_score,,,,,,FALSE,FALSE,,DATA_NOT_READY,,TIER_0_DATA_NOT_READY,NO_USABLE_SCORE;LOCAL_PRICE_NOT_AVAILABLE,FALSE
WULF,,factor_pack_score,,,,,,FALSE,FALSE,,DATA_NOT_READY,,TIER_0_DATA_NOT_READY,NO_USABLE_SCORE;LOCAL_PRICE_NOT_AVAILABLE,FALSE
WVE,,factor_pack_score,,,,,,FALSE,FALSE,,DATA_NOT_READY,,TIER_0_DATA_NOT_READY,NO_USABLE_SCORE;LOCAL_PRICE_NOT_AVAILABLE,FALSE
WWD,,factor_pack_score,,,,,,FALSE,FALSE,,DATA_NOT_READY,,TIER_0_DATA_NOT_READY,NO_USABLE_SCORE;LOCAL_PRICE_NOT_AVAILABLE,FALSE
WYFI,,factor_pack_score,,,,,,FALSE,FALSE,,DATA_NOT_READY,,TIER_0_DATA_NOT_READY,NO_USABLE_SCORE;LOCAL_PRICE_NOT_AVAILABLE,FALSE
XENE,,factor_pack_score,,,,,,FALSE,FALSE,,DATA_NOT_READY,,TIER_0_DATA_NOT_READY,NO_USABLE_SCORE;LOCAL_PRICE_NOT_AVAILABLE,FALSE
XLF,,factor_pack_score,,,,,,FALSE,FALSE,,DATA_NOT_READY,,TIER_0_DATA_NOT_READY,NO_USABLE_SCORE;LOCAL_PRICE_NOT_AVAILABLE,FALSE
XLK,47.620000,factor_pack_score,56,47.62,54.0,0.0,NONE,FALSE,TRUE,,DATA_NOT_READY,,TIER_0_DATA_NOT_READY,SCORE_THRESHOLD_POLICY;LOCAL_PRICE_NOT_AVAILABLE,FALSE
XPO,,factor_pack_score,,,,,,FALSE,FALSE,,DATA_NOT_READY,,TIER_0_DATA_NOT_READY,NO_USABLE_SCORE;LOCAL_PRICE_NOT_AVAILABLE,FALSE
XYZ,,factor_pack_score,,,,,,FALSE,FALSE,,DATA_NOT_READY,,TIER_0_DATA_NOT_READY,NO_USABLE_SCORE;LOCAL_PRICE_NOT_AVAILABLE,FALSE
YPF,,factor_pack_score,,,,,,FALSE,FALSE,,DATA_NOT_READY,,TIER_0_DATA_NOT_READY,NO_USABLE_SCORE;LOCAL_PRICE_NOT_AVAILABLE,FALSE
Z,,factor_pack_score,,,,,,FALSE,FALSE,,DATA_NOT_READY,,TIER_0_DATA_NOT_READY,NO_USABLE_SCORE;LOCAL_PRICE_NOT_AVAILABLE,FALSE
ZG,,factor_pack_score,,,,,,FALSE,FALSE,,DATA_NOT_READY,,TIER_0_DATA_NOT_READY,NO_USABLE_SCORE;LOCAL_PRICE_NOT_AVAILABLE,FALSE
ZS,8.570000,factor_pack_score,97,8.57,29.0,30.0,NONE,TRUE,TRUE,2026-05-21,PRICE_AND_FULL_HISTORY_READY,,TIER_5_WEAK_OR_BLOCKED,SCORE_THRESHOLD_POLICY,FALSE
