ticker,relative_strength_score,trend_structure_score,buy_zone_score,volume_confirmation_score,volatility_risk_score,price_derived_total_score,price_derived_status,score_ready,fatal_factor_fail,partial_degraded,scoring_degradation_reason,score_component_available_count,score_component_total_count,score_coverage_ratio,factor_scope_class,score_scope,full_factor_score_ready,light_factor_score_ready,score_component_available_count,score_component_total_count,score_coverage_ratio,scoring_degradation_reason
AA,,,,,,,INSUFFICIENT_HISTORY,,,,NO_LOCAL_PRICE_DATA,0,5,0.000000,NO_LOCAL_PRICE_DATA,NOT_SCORE_READY,FALSE,FALSE,0,5,0.000000,NO_LOCAL_PRICE_DATA
AAL,,,,,,,INSUFFICIENT_HISTORY,,,,NO_LOCAL_PRICE_DATA,0,5,0.000000,NO_LOCAL_PRICE_DATA,NOT_SCORE_READY,FALSE,FALSE,0,5,0.000000,NO_LOCAL_PRICE_DATA
AAPL,0,3,1,-1,1,4,BREAKOUT_NO_VOLUME,,,,,5,5,1.000000,FULL_HISTORY_FACTOR_READY,FULL_PRICE_DERIVED_SCORE,TRUE,FALSE,5,5,1.000000,
ABR,,,,,,,INSUFFICIENT_HISTORY,,,,NO_LOCAL_PRICE_DATA,0,5,0.000000,NO_LOCAL_PRICE_DATA,NOT_SCORE_READY,FALSE,FALSE,0,5,0.000000,NO_LOCAL_PRICE_DATA
ACLS,4,3,2,0,-2,7,HIGH_VOL_CAUTION,,,,,5,5,1.000000,FULL_HISTORY_FACTOR_READY,FULL_PRICE_DERIVED_SCORE,TRUE,FALSE,5,5,1.000000,
ACM,-2,-3,-3,0,0,-8,BELOW_TREND_SUPPORT,,,,,5,5,1.000000,FULL_HISTORY_FACTOR_READY,FULL_PRICE_DERIVED_SCORE,TRUE,FALSE,5,5,1.000000,
ACMR,1,3,-2,0,-1,1,STRONG_BUT_EXTENDED,,,,,5,5,1.000000,FULL_HISTORY_FACTOR_READY,FULL_PRICE_DERIVED_SCORE,TRUE,FALSE,5,5,1.000000,
ADBE,,,,,,,INSUFFICIENT_HISTORY,,,,NO_LOCAL_PRICE_DATA,0,5,0.000000,NO_LOCAL_PRICE_DATA,NOT_SCORE_READY,FALSE,FALSE,0,5,0.000000,NO_LOCAL_PRICE_DATA
ADMA,,,,,,,INSUFFICIENT_HISTORY,,,,NO_LOCAL_PRICE_DATA,0,5,0.000000,NO_LOCAL_PRICE_DATA,NOT_SCORE_READY,FALSE,FALSE,0,5,0.000000,NO_LOCAL_PRICE_DATA
ADSK,,,,,,,INSUFFICIENT_HISTORY,,,,NO_LOCAL_PRICE_DATA,0,5,0.000000,NO_LOCAL_PRICE_DATA,NOT_SCORE_READY,FALSE,FALSE,0,5,0.000000,NO_LOCAL_PRICE_DATA
AEHR,4,3,1,0,-2,6,HIGH_VOL_CAUTION,,,,,5,5,1.000000,FULL_HISTORY_FACTOR_READY,FULL_PRICE_DERIVED_SCORE,TRUE,FALSE,5,5,1.000000,
AEIS,,,,,,,INSUFFICIENT_HISTORY,,,,NO_LOCAL_PRICE_DATA,0,5,0.000000,NO_LOCAL_PRICE_DATA,NOT_SCORE_READY,FALSE,FALSE,0,5,0.000000,NO_LOCAL_PRICE_DATA
AEVA,,,,,,,INSUFFICIENT_HISTORY,,,,NO_LOCAL_PRICE_DATA,0,5,0.000000,NO_LOCAL_PRICE_DATA,NOT_SCORE_READY,FALSE,FALSE,0,5,0.000000,NO_LOCAL_PRICE_DATA
AFRM,,,,,,,INSUFFICIENT_HISTORY,,,,NO_LOCAL_PRICE_DATA,0,5,0.000000,NO_LOCAL_PRICE_DATA,NOT_SCORE_READY,FALSE,FALSE,0,5,0.000000,NO_LOCAL_PRICE_DATA
AGX,,,,,,,INSUFFICIENT_HISTORY,,,,NO_LOCAL_PRICE_DATA,0,5,0.000000,NO_LOCAL_PRICE_DATA,NOT_SCORE_READY,FALSE,FALSE,0,5,0.000000,NO_LOCAL_PRICE_DATA
ALAB,4,-1,-2,-1,-2,-2,HIGH_VOL_CAUTION,,,,,5,5,1.000000,FULL_HISTORY_FACTOR_READY,FULL_PRICE_DERIVED_SCORE,TRUE,FALSE,5,5,1.000000,
ALM,,,,,,,INSUFFICIENT_HISTORY,,,,NO_LOCAL_PRICE_DATA,0,5,0.000000,NO_LOCAL_PRICE_DATA,NOT_SCORE_READY,FALSE,FALSE,0,5,0.000000,NO_LOCAL_PRICE_DATA
AMAT,2,3,1,0,0,6,STRONG_TREND_NEAR_BUY_ZONE,,,,,5,5,1.000000,FULL_HISTORY_FACTOR_READY,FULL_PRICE_DERIVED_SCORE,TRUE,FALSE,5,5,1.000000,
AMC,,,,,,,INSUFFICIENT_HISTORY,,,,NO_LOCAL_PRICE_DATA,0,5,0.000000,NO_LOCAL_PRICE_DATA,NOT_SCORE_READY,FALSE,FALSE,0,5,0.000000,NO_LOCAL_PRICE_DATA
AMD,4,3,-2,0,-2,3,HIGH_VOL_CAUTION,,,,,5,5,1.000000,FULL_HISTORY_FACTOR_READY,FULL_PRICE_DERIVED_SCORE,TRUE,FALSE,5,5,1.000000,
AMKR,1,1,2,0,-1,3,NEUTRAL_PRICE_STRUCTURE,,,,,5,5,1.000000,FULL_HISTORY_FACTOR_READY,FULL_PRICE_DERIVED_SCORE,TRUE,FALSE,5,5,1.000000,
AMZN,1,1,2,0,1,5,NEUTRAL_PRICE_STRUCTURE,,,,,5,5,1.000000,FULL_HISTORY_FACTOR_READY,FULL_PRICE_DERIVED_SCORE,TRUE,FALSE,5,5,1.000000,
ANET,-2,-2,2,0,-1,-3,NEUTRAL_PRICE_STRUCTURE,,,,,5,5,1.000000,FULL_HISTORY_FACTOR_READY,FULL_PRICE_DERIVED_SCORE,TRUE,FALSE,5,5,1.000000,
APG,,,,,,,INSUFFICIENT_HISTORY,,,,NO_LOCAL_PRICE_DATA,0,5,0.000000,NO_LOCAL_PRICE_DATA,NOT_SCORE_READY,FALSE,FALSE,0,5,0.000000,NO_LOCAL_PRICE_DATA
APH,-2,-3,-3,0,0,-8,BELOW_TREND_SUPPORT,,,,,5,5,1.000000,FULL_HISTORY_FACTOR_READY,FULL_PRICE_DERIVED_SCORE,TRUE,FALSE,5,5,1.000000,
APLD,,,,,,,INSUFFICIENT_HISTORY,,,,NO_LOCAL_PRICE_DATA,0,5,0.000000,NO_LOCAL_PRICE_DATA,NOT_SCORE_READY,FALSE,FALSE,0,5,0.000000,NO_LOCAL_PRICE_DATA
APO,,,,,,,INSUFFICIENT_HISTORY,,,,NO_LOCAL_PRICE_DATA,0,5,0.000000,NO_LOCAL_PRICE_DATA,NOT_SCORE_READY,FALSE,FALSE,0,5,0.000000,NO_LOCAL_PRICE_DATA
APP,,,,,,,INSUFFICIENT_HISTORY,,,,NO_LOCAL_PRICE_DATA,0,5,0.000000,NO_LOCAL_PRICE_DATA,NOT_SCORE_READY,FALSE,FALSE,0,5,0.000000,NO_LOCAL_PRICE_DATA
ARGT,,,,,,,INSUFFICIENT_HISTORY,,,,NO_LOCAL_PRICE_DATA,0,5,0.000000,NO_LOCAL_PRICE_DATA,NOT_SCORE_READY,FALSE,FALSE,0,5,0.000000,NO_LOCAL_PRICE_DATA
ARM,4,3,2,0,-2,7,HIGH_VOL_CAUTION,,,,,5,5,1.000000,FULL_HISTORY_FACTOR_READY,FULL_PRICE_DERIVED_SCORE,TRUE,FALSE,5,5,1.000000,
ASML,-2,3,2,0,0,3,STRONG_TREND_NEAR_BUY_ZONE,,,,,5,5,1.000000,FULL_HISTORY_FACTOR_READY,FULL_PRICE_DERIVED_SCORE,TRUE,FALSE,5,5,1.000000,
AVGO,1,3,2,0,0,6,STRONG_TREND_NEAR_BUY_ZONE,,,,,5,5,1.000000,FULL_HISTORY_FACTOR_READY,FULL_PRICE_DERIVED_SCORE,TRUE,FALSE,5,5,1.000000,
AXON,,,,,,,INSUFFICIENT_HISTORY,,,,NO_LOCAL_PRICE_DATA,0,5,0.000000,NO_LOCAL_PRICE_DATA,NOT_SCORE_READY,FALSE,FALSE,0,5,0.000000,NO_LOCAL_PRICE_DATA
BABA,,,,,,,INSUFFICIENT_HISTORY,,,,NO_LOCAL_PRICE_DATA,0,5,0.000000,NO_LOCAL_PRICE_DATA,NOT_SCORE_READY,FALSE,FALSE,0,5,0.000000,NO_LOCAL_PRICE_DATA
BAC,,,,,,,INSUFFICIENT_HISTORY,,,,NO_LOCAL_PRICE_DATA,0,5,0.000000,NO_LOCAL_PRICE_DATA,NOT_SCORE_READY,FALSE,FALSE,0,5,0.000000,NO_LOCAL_PRICE_DATA
BALL,,,,,,,INSUFFICIENT_HISTORY,,,,NO_LOCAL_PRICE_DATA,0,5,0.000000,NO_LOCAL_PRICE_DATA,NOT_SCORE_READY,FALSE,FALSE,0,5,0.000000,NO_LOCAL_PRICE_DATA
BE,4,3,2,0,-2,7,HIGH_VOL_CAUTION,,,,,5,5,1.000000,FULL_HISTORY_FACTOR_READY,FULL_PRICE_DERIVED_SCORE,TRUE,FALSE,5,5,1.000000,
BIDU,,,,,,,INSUFFICIENT_HISTORY,,,,NO_LOCAL_PRICE_DATA,0,5,0.000000,NO_LOCAL_PRICE_DATA,NOT_SCORE_READY,FALSE,FALSE,0,5,0.000000,NO_LOCAL_PRICE_DATA
BITF,,,,,,,INSUFFICIENT_HISTORY,,,,NO_LOCAL_PRICE_DATA,0,5,0.000000,NO_LOCAL_PRICE_DATA,NOT_SCORE_READY,FALSE,FALSE,0,5,0.000000,NO_LOCAL_PRICE_DATA
BKNG,,,,,,,INSUFFICIENT_HISTORY,,,,NO_LOCAL_PRICE_DATA,0,5,0.000000,NO_LOCAL_PRICE_DATA,NOT_SCORE_READY,FALSE,FALSE,0,5,0.000000,NO_LOCAL_PRICE_DATA
BLSH,,,,,,,INSUFFICIENT_HISTORY,,,,NO_LOCAL_PRICE_DATA,0,5,0.000000,NO_LOCAL_PRICE_DATA,NOT_SCORE_READY,FALSE,FALSE,0,5,0.000000,NO_LOCAL_PRICE_DATA
BLTE,,,,,,,INSUFFICIENT_HISTORY,,,,NO_LOCAL_PRICE_DATA,0,5,0.000000,NO_LOCAL_PRICE_DATA,NOT_SCORE_READY,FALSE,FALSE,0,5,0.000000,NO_LOCAL_PRICE_DATA
BN,,,,,,,INSUFFICIENT_HISTORY,,,,NO_LOCAL_PRICE_DATA,0,5,0.000000,NO_LOCAL_PRICE_DATA,NOT_SCORE_READY,FALSE,FALSE,0,5,0.000000,NO_LOCAL_PRICE_DATA
BSX,,,,,,,INSUFFICIENT_HISTORY,,,,NO_LOCAL_PRICE_DATA,0,5,0.000000,NO_LOCAL_PRICE_DATA,NOT_SCORE_READY,FALSE,FALSE,0,5,0.000000,NO_LOCAL_PRICE_DATA
BTDR,1,-2,2,0,-2,-1,HIGH_VOL_CAUTION,,,,,5,5,1.000000,FULL_HISTORY_FACTOR_READY,FULL_PRICE_DERIVED_SCORE,TRUE,FALSE,5,5,1.000000,
BW,,,,,,,INSUFFICIENT_HISTORY,,,,NO_LOCAL_PRICE_DATA,0,5,0.000000,NO_LOCAL_PRICE_DATA,NOT_SCORE_READY,FALSE,FALSE,0,5,0.000000,NO_LOCAL_PRICE_DATA
BYND,,,,,,,INSUFFICIENT_HISTORY,,,,NO_LOCAL_PRICE_DATA,0,5,0.000000,NO_LOCAL_PRICE_DATA,NOT_SCORE_READY,FALSE,FALSE,0,5,0.000000,NO_LOCAL_PRICE_DATA
CAI,,,,,,,INSUFFICIENT_HISTORY,,,,NO_LOCAL_PRICE_DATA,0,5,0.000000,NO_LOCAL_PRICE_DATA,NOT_SCORE_READY,FALSE,FALSE,0,5,0.000000,NO_LOCAL_PRICE_DATA
CAMT,-2,-2,2,0,-2,-4,HIGH_VOL_CAUTION,,,,,5,5,1.000000,FULL_HISTORY_FACTOR_READY,FULL_PRICE_DERIVED_SCORE,TRUE,FALSE,5,5,1.000000,
CARR,-2,2,2,0,0,2,STRONG_TREND_NEAR_BUY_ZONE,,,,,5,5,1.000000,FULL_HISTORY_FACTOR_READY,FULL_PRICE_DERIVED_SCORE,TRUE,FALSE,5,5,1.000000,
CART,,,,,,,INSUFFICIENT_HISTORY,,,,NO_LOCAL_PRICE_DATA,0,5,0.000000,NO_LOCAL_PRICE_DATA,NOT_SCORE_READY,FALSE,FALSE,0,5,0.000000,NO_LOCAL_PRICE_DATA
CDNS,,,,,,,INSUFFICIENT_HISTORY,,,,NO_LOCAL_PRICE_DATA,0,5,0.000000,NO_LOCAL_PRICE_DATA,NOT_SCORE_READY,FALSE,FALSE,0,5,0.000000,NO_LOCAL_PRICE_DATA
CDTX,,,,,,,INSUFFICIENT_HISTORY,,,,NO_LOCAL_PRICE_DATA,0,5,0.000000,NO_LOCAL_PRICE_DATA,NOT_SCORE_READY,FALSE,FALSE,0,5,0.000000,NO_LOCAL_PRICE_DATA
CEG,-2,-3,-3,0,0,-8,BELOW_TREND_SUPPORT,,,,,5,5,1.000000,FULL_HISTORY_FACTOR_READY,FULL_PRICE_DERIVED_SCORE,TRUE,FALSE,5,5,1.000000,
CFLT,,,,,,,INSUFFICIENT_HISTORY,,,,NO_LOCAL_PRICE_DATA,0,5,0.000000,NO_LOCAL_PRICE_DATA,NOT_SCORE_READY,FALSE,FALSE,0,5,0.000000,NO_LOCAL_PRICE_DATA
CHPT,,,,,,,INSUFFICIENT_HISTORY,,,,NO_LOCAL_PRICE_DATA,0,5,0.000000,NO_LOCAL_PRICE_DATA,NOT_SCORE_READY,FALSE,FALSE,0,5,0.000000,NO_LOCAL_PRICE_DATA
CHRW,,,,,,,INSUFFICIENT_HISTORY,,,,NO_LOCAL_PRICE_DATA,0,5,0.000000,NO_LOCAL_PRICE_DATA,NOT_SCORE_READY,FALSE,FALSE,0,5,0.000000,NO_LOCAL_PRICE_DATA
CHYM,,,,,,,INSUFFICIENT_HISTORY,,,,NO_LOCAL_PRICE_DATA,0,5,0.000000,NO_LOCAL_PRICE_DATA,NOT_SCORE_READY,FALSE,FALSE,0,5,0.000000,NO_LOCAL_PRICE_DATA
CIEN,3,3,1,0,-1,6,STRONG_TREND_NEAR_BUY_ZONE,,,,,5,5,1.000000,FULL_HISTORY_FACTOR_READY,FULL_PRICE_DERIVED_SCORE,TRUE,FALSE,5,5,1.000000,
CIFR,1,3,2,0,-2,4,HIGH_VOL_CAUTION,,,,,5,5,1.000000,FULL_HISTORY_FACTOR_READY,FULL_PRICE_DERIVED_SCORE,TRUE,FALSE,5,5,1.000000,
CLF,,,,,,,INSUFFICIENT_HISTORY,,,,NO_LOCAL_PRICE_DATA,0,5,0.000000,NO_LOCAL_PRICE_DATA,NOT_SCORE_READY,FALSE,FALSE,0,5,0.000000,NO_LOCAL_PRICE_DATA
CLH,,,,,,,INSUFFICIENT_HISTORY,,,,NO_LOCAL_PRICE_DATA,0,5,0.000000,NO_LOCAL_PRICE_DATA,NOT_SCORE_READY,FALSE,FALSE,0,5,0.000000,NO_LOCAL_PRICE_DATA
CLS,0,0,2,0,-2,0,HIGH_VOL_CAUTION,,,,,5,5,1.000000,FULL_HISTORY_FACTOR_READY,FULL_PRICE_DERIVED_SCORE,TRUE,FALSE,5,5,1.000000,
CLSK,,,,,,,INSUFFICIENT_HISTORY,,,,NO_LOCAL_PRICE_DATA,0,5,0.000000,NO_LOCAL_PRICE_DATA,NOT_SCORE_READY,FALSE,FALSE,0,5,0.000000,NO_LOCAL_PRICE_DATA
CMG,,,,,,,INSUFFICIENT_HISTORY,,,,NO_LOCAL_PRICE_DATA,0,5,0.000000,NO_LOCAL_PRICE_DATA,NOT_SCORE_READY,FALSE,FALSE,0,5,0.000000,NO_LOCAL_PRICE_DATA
CNM,,,,,,,INSUFFICIENT_HISTORY,,,,NO_LOCAL_PRICE_DATA,0,5,0.000000,NO_LOCAL_PRICE_DATA,NOT_SCORE_READY,FALSE,FALSE,0,5,0.000000,NO_LOCAL_PRICE_DATA
COF,,,,,,,INSUFFICIENT_HISTORY,,,,NO_LOCAL_PRICE_DATA,0,5,0.000000,NO_LOCAL_PRICE_DATA,NOT_SCORE_READY,FALSE,FALSE,0,5,0.000000,NO_LOCAL_PRICE_DATA
COG,,,,,,,INSUFFICIENT_HISTORY,,,,NO_LOCAL_PRICE_DATA,0,5,0.000000,NO_LOCAL_PRICE_DATA,NOT_SCORE_READY,FALSE,FALSE,0,5,0.000000,NO_LOCAL_PRICE_DATA
COGT,,,,,,,INSUFFICIENT_HISTORY,,,,NO_LOCAL_PRICE_DATA,0,5,0.000000,NO_LOCAL_PRICE_DATA,NOT_SCORE_READY,FALSE,FALSE,0,5,0.000000,NO_LOCAL_PRICE_DATA
COHR,3,3,-2,0,-2,2,HIGH_VOL_CAUTION,,,,,5,5,1.000000,FULL_HISTORY_FACTOR_READY,FULL_PRICE_DERIVED_SCORE,TRUE,FALSE,5,5,1.000000,
COHU,3,1,2,0,-1,5,NEUTRAL_PRICE_STRUCTURE,,,,,5,5,1.000000,FULL_HISTORY_FACTOR_READY,FULL_PRICE_DERIVED_SCORE,TRUE,FALSE,5,5,1.000000,
CORZ,4,3,1,0,-1,7,STRONG_TREND_NEAR_BUY_ZONE,,,,,5,5,1.000000,FULL_HISTORY_FACTOR_READY,FULL_PRICE_DERIVED_SCORE,TRUE,FALSE,5,5,1.000000,
CPAY,,,,,,,INSUFFICIENT_HISTORY,,,,NO_LOCAL_PRICE_DATA,0,5,0.000000,NO_LOCAL_PRICE_DATA,NOT_SCORE_READY,FALSE,FALSE,0,5,0.000000,NO_LOCAL_PRICE_DATA
CPNG,,,,,,,INSUFFICIENT_HISTORY,,,,NO_LOCAL_PRICE_DATA,0,5,0.000000,NO_LOCAL_PRICE_DATA,NOT_SCORE_READY,FALSE,FALSE,0,5,0.000000,NO_LOCAL_PRICE_DATA
CRCL,,,,,,,INSUFFICIENT_HISTORY,,,,NO_LOCAL_PRICE_DATA,0,5,0.000000,NO_LOCAL_PRICE_DATA,NOT_SCORE_READY,FALSE,FALSE,0,5,0.000000,NO_LOCAL_PRICE_DATA
CRDO,1,1,2,0,-2,2,HIGH_VOL_CAUTION,,,,,5,5,1.000000,FULL_HISTORY_FACTOR_READY,FULL_PRICE_DERIVED_SCORE,TRUE,FALSE,5,5,1.000000,
CRH,,,,,,,INSUFFICIENT_HISTORY,,,,NO_LOCAL_PRICE_DATA,0,5,0.000000,NO_LOCAL_PRICE_DATA,NOT_SCORE_READY,FALSE,FALSE,0,5,0.000000,NO_LOCAL_PRICE_DATA
CRM,-2,-3,-3,0,0,-8,BELOW_TREND_SUPPORT,,,,,5,5,1.000000,FULL_HISTORY_FACTOR_READY,FULL_PRICE_DERIVED_SCORE,TRUE,FALSE,5,5,1.000000,
CRS,,,,,,,INSUFFICIENT_HISTORY,,,,NO_LOCAL_PRICE_DATA,0,5,0.000000,NO_LOCAL_PRICE_DATA,NOT_SCORE_READY,FALSE,FALSE,0,5,0.000000,NO_LOCAL_PRICE_DATA
CRWD,4,-1,-2,-1,0,0,BREAKOUT_NO_VOLUME,,,,,5,5,1.000000,FULL_HISTORY_FACTOR_READY,FULL_PRICE_DERIVED_SCORE,TRUE,FALSE,5,5,1.000000,
CRWV,-2,-2,2,0,-2,-4,HIGH_VOL_CAUTION,,,,,5,5,1.000000,FULL_HISTORY_FACTOR_READY,FULL_PRICE_DERIVED_SCORE,TRUE,FALSE,5,5,1.000000,
CSCO,4,3,-2,-1,0,4,BREAKOUT_NO_VOLUME,,,,,5,5,1.000000,FULL_HISTORY_FACTOR_READY,FULL_PRICE_DERIVED_SCORE,TRUE,FALSE,5,5,1.000000,
CSGP,,,,,,,INSUFFICIENT_HISTORY,,,,NO_LOCAL_PRICE_DATA,0,5,0.000000,NO_LOCAL_PRICE_DATA,NOT_SCORE_READY,FALSE,FALSE,0,5,0.000000,NO_LOCAL_PRICE_DATA
CVNA,,,,,,,INSUFFICIENT_HISTORY,,,,NO_LOCAL_PRICE_DATA,0,5,0.000000,NO_LOCAL_PRICE_DATA,NOT_SCORE_READY,FALSE,FALSE,0,5,0.000000,NO_LOCAL_PRICE_DATA
D,-2,-3,2,0,1,-2,NEUTRAL_PRICE_STRUCTURE,,,,,5,5,1.000000,FULL_HISTORY_FACTOR_READY,FULL_PRICE_DERIVED_SCORE,TRUE,FALSE,5,5,1.000000,
DAKT,,,,,,,INSUFFICIENT_HISTORY,,,,NO_LOCAL_PRICE_DATA,0,5,0.000000,NO_LOCAL_PRICE_DATA,NOT_SCORE_READY,FALSE,FALSE,0,5,0.000000,NO_LOCAL_PRICE_DATA
DAL,,,,,,,INSUFFICIENT_HISTORY,,,,NO_LOCAL_PRICE_DATA,0,5,0.000000,NO_LOCAL_PRICE_DATA,NOT_SCORE_READY,FALSE,FALSE,0,5,0.000000,NO_LOCAL_PRICE_DATA
DASH,,,,,,,INSUFFICIENT_HISTORY,,,,NO_LOCAL_PRICE_DATA,0,5,0.000000,NO_LOCAL_PRICE_DATA,NOT_SCORE_READY,FALSE,FALSE,0,5,0.000000,NO_LOCAL_PRICE_DATA
DB,,,,,,,INSUFFICIENT_HISTORY,,,,NO_LOCAL_PRICE_DATA,0,5,0.000000,NO_LOCAL_PRICE_DATA,NOT_SCORE_READY,FALSE,FALSE,0,5,0.000000,NO_LOCAL_PRICE_DATA
DBVT,,,,,,,INSUFFICIENT_HISTORY,,,,NO_LOCAL_PRICE_DATA,0,5,0.000000,NO_LOCAL_PRICE_DATA,NOT_SCORE_READY,FALSE,FALSE,0,5,0.000000,NO_LOCAL_PRICE_DATA
DDOG,4,-1,-2,-1,-2,-2,HIGH_VOL_CAUTION,,,,,5,5,1.000000,FULL_HISTORY_FACTOR_READY,FULL_PRICE_DERIVED_SCORE,TRUE,FALSE,5,5,1.000000,
DELL,4,3,1,0,-1,7,STRONG_TREND_NEAR_BUY_ZONE,,,,,5,5,1.000000,FULL_HISTORY_FACTOR_READY,FULL_PRICE_DERIVED_SCORE,TRUE,FALSE,5,5,1.000000,
DIS,,,,,,,INSUFFICIENT_HISTORY,,,,NO_LOCAL_PRICE_DATA,0,5,0.000000,NO_LOCAL_PRICE_DATA,NOT_SCORE_READY,FALSE,FALSE,0,5,0.000000,NO_LOCAL_PRICE_DATA
DOCU,,,,,,,INSUFFICIENT_HISTORY,,,,NO_LOCAL_PRICE_DATA,0,5,0.000000,NO_LOCAL_PRICE_DATA,NOT_SCORE_READY,FALSE,FALSE,0,5,0.000000,NO_LOCAL_PRICE_DATA
DUOL,,,,,,,INSUFFICIENT_HISTORY,,,,NO_LOCAL_PRICE_DATA,0,5,0.000000,NO_LOCAL_PRICE_DATA,NOT_SCORE_READY,FALSE,FALSE,0,5,0.000000,NO_LOCAL_PRICE_DATA
ECL,-2,-3,-3,0,1,-7,BELOW_TREND_SUPPORT,,,,,5,5,1.000000,FULL_HISTORY_FACTOR_READY,FULL_PRICE_DERIVED_SCORE,TRUE,FALSE,5,5,1.000000,
EEM,,,,,,,INSUFFICIENT_HISTORY,,,,NO_LOCAL_PRICE_DATA,0,5,0.000000,NO_LOCAL_PRICE_DATA,NOT_SCORE_READY,FALSE,FALSE,0,5,0.000000,NO_LOCAL_PRICE_DATA
ENPH,,,,,,,INSUFFICIENT_HISTORY,,,,NO_LOCAL_PRICE_DATA,0,5,0.000000,NO_LOCAL_PRICE_DATA,NOT_SCORE_READY,FALSE,FALSE,0,5,0.000000,NO_LOCAL_PRICE_DATA
ENTG,-2,1,2,0,-1,0,NEUTRAL_PRICE_STRUCTURE,,,,,5,5,1.000000,FULL_HISTORY_FACTOR_READY,FULL_PRICE_DERIVED_SCORE,TRUE,FALSE,5,5,1.000000,
EQIX,,,,,,,INSUFFICIENT_HISTORY,,,,NO_LOCAL_PRICE_DATA,0,5,0.000000,NO_LOCAL_PRICE_DATA,NOT_SCORE_READY,FALSE,FALSE,0,5,0.000000,NO_LOCAL_PRICE_DATA
EQT,,,,,,,INSUFFICIENT_HISTORY,,,,NO_LOCAL_PRICE_DATA,0,5,0.000000,NO_LOCAL_PRICE_DATA,NOT_SCORE_READY,FALSE,FALSE,0,5,0.000000,NO_LOCAL_PRICE_DATA
ET,,,,,,,INSUFFICIENT_HISTORY,,,,NO_LOCAL_PRICE_DATA,0,5,0.000000,NO_LOCAL_PRICE_DATA,NOT_SCORE_READY,FALSE,FALSE,0,5,0.000000,NO_LOCAL_PRICE_DATA
ETN,-2,1,2,0,0,1,NEUTRAL_PRICE_STRUCTURE,,,,,5,5,1.000000,FULL_HISTORY_FACTOR_READY,FULL_PRICE_DERIVED_SCORE,TRUE,FALSE,5,5,1.000000,
ETR,-2,-2,2,0,1,-1,NEUTRAL_PRICE_STRUCTURE,,,,,5,5,1.000000,FULL_HISTORY_FACTOR_READY,FULL_PRICE_DERIVED_SCORE,TRUE,FALSE,5,5,1.000000,
EWY,,,,,,,INSUFFICIENT_HISTORY,,,,NO_LOCAL_PRICE_DATA,0,5,0.000000,NO_LOCAL_PRICE_DATA,NOT_SCORE_READY,FALSE,FALSE,0,5,0.000000,NO_LOCAL_PRICE_DATA
EWZ,,,,,,,INSUFFICIENT_HISTORY,,,,NO_LOCAL_PRICE_DATA,0,5,0.000000,NO_LOCAL_PRICE_DATA,NOT_SCORE_READY,FALSE,FALSE,0,5,0.000000,NO_LOCAL_PRICE_DATA
FCNCA,,,,,,,INSUFFICIENT_HISTORY,,,,NO_LOCAL_PRICE_DATA,0,5,0.000000,NO_LOCAL_PRICE_DATA,NOT_SCORE_READY,FALSE,FALSE,0,5,0.000000,NO_LOCAL_PRICE_DATA
FIGR,,,,,,,INSUFFICIENT_HISTORY,,,,NO_LOCAL_PRICE_DATA,0,5,0.000000,NO_LOCAL_PRICE_DATA,NOT_SCORE_READY,FALSE,FALSE,0,5,0.000000,NO_LOCAL_PRICE_DATA
FIX,4,3,1,0,0,8,STRONG_TREND_NEAR_BUY_ZONE,,,,,5,5,1.000000,FULL_HISTORY_FACTOR_READY,FULL_PRICE_DERIVED_SCORE,TRUE,FALSE,5,5,1.000000,
FLEX,4,3,-2,0,-2,3,HIGH_VOL_CAUTION,,,,,5,5,1.000000,FULL_HISTORY_FACTOR_READY,FULL_PRICE_DERIVED_SCORE,TRUE,FALSE,5,5,1.000000,
FLR,-2,-3,-3,0,-1,-9,BELOW_TREND_SUPPORT,,,,,5,5,1.000000,FULL_HISTORY_FACTOR_READY,FULL_PRICE_DERIVED_SCORE,TRUE,FALSE,5,5,1.000000,
FLS,,,,,,,INSUFFICIENT_HISTORY,,,,NO_LOCAL_PRICE_DATA,0,5,0.000000,NO_LOCAL_PRICE_DATA,NOT_SCORE_READY,FALSE,FALSE,0,5,0.000000,NO_LOCAL_PRICE_DATA
FLUT,,,,,,,INSUFFICIENT_HISTORY,,,,NO_LOCAL_PRICE_DATA,0,5,0.000000,NO_LOCAL_PRICE_DATA,NOT_SCORE_READY,FALSE,FALSE,0,5,0.000000,NO_LOCAL_PRICE_DATA
FN,1,3,1,0,-2,3,HIGH_VOL_CAUTION,,,,,5,5,1.000000,FULL_HISTORY_FACTOR_READY,FULL_PRICE_DERIVED_SCORE,TRUE,FALSE,5,5,1.000000,
FORM,1,1,2,0,-2,2,HIGH_VOL_CAUTION,,,,,5,5,1.000000,FULL_HISTORY_FACTOR_READY,FULL_PRICE_DERIVED_SCORE,TRUE,FALSE,5,5,1.000000,
FWONK,,,,,,,INSUFFICIENT_HISTORY,,,,NO_LOCAL_PRICE_DATA,0,5,0.000000,NO_LOCAL_PRICE_DATA,NOT_SCORE_READY,FALSE,FALSE,0,5,0.000000,NO_LOCAL_PRICE_DATA
GEHC,,,,,,,INSUFFICIENT_HISTORY,,,,NO_LOCAL_PRICE_DATA,0,5,0.000000,NO_LOCAL_PRICE_DATA,NOT_SCORE_READY,FALSE,FALSE,0,5,0.000000,NO_LOCAL_PRICE_DATA
GEMI,,,,,,,INSUFFICIENT_HISTORY,,,,NO_LOCAL_PRICE_DATA,0,5,0.000000,NO_LOCAL_PRICE_DATA,NOT_SCORE_READY,FALSE,FALSE,0,5,0.000000,NO_LOCAL_PRICE_DATA
GEV,1,1,2,0,-1,3,NEUTRAL_PRICE_STRUCTURE,,,,,5,5,1.000000,FULL_HISTORY_FACTOR_READY,FULL_PRICE_DERIVED_SCORE,TRUE,FALSE,5,5,1.000000,
GLW,4,3,1,0,-2,6,HIGH_VOL_CAUTION,,,,,5,5,1.000000,FULL_HISTORY_FACTOR_READY,FULL_PRICE_DERIVED_SCORE,TRUE,FALSE,5,5,1.000000,
GNRC,1,3,1,0,-1,4,STRONG_TREND_NEAR_BUY_ZONE,,,,,5,5,1.000000,FULL_HISTORY_FACTOR_READY,FULL_PRICE_DERIVED_SCORE,TRUE,FALSE,5,5,1.000000,
GOOG,,,,,,,INSUFFICIENT_HISTORY,,,,NO_LOCAL_PRICE_DATA,0,5,0.000000,NO_LOCAL_PRICE_DATA,NOT_SCORE_READY,FALSE,FALSE,0,5,0.000000,NO_LOCAL_PRICE_DATA
GOOGL,4,3,1,0,0,8,STRONG_TREND_NEAR_BUY_ZONE,,,,,5,5,1.000000,FULL_HISTORY_FACTOR_READY,FULL_PRICE_DERIVED_SCORE,TRUE,FALSE,5,5,1.000000,
GRAB,,,,,,,INSUFFICIENT_HISTORY,,,,NO_LOCAL_PRICE_DATA,0,5,0.000000,NO_LOCAL_PRICE_DATA,NOT_SCORE_READY,FALSE,FALSE,0,5,0.000000,NO_LOCAL_PRICE_DATA
GS,,,,,,,INSUFFICIENT_HISTORY,,,,NO_LOCAL_PRICE_DATA,0,5,0.000000,NO_LOCAL_PRICE_DATA,NOT_SCORE_READY,FALSE,FALSE,0,5,0.000000,NO_LOCAL_PRICE_DATA
GSG,,,,,,,INSUFFICIENT_HISTORY,,,,NO_LOCAL_PRICE_DATA,0,5,0.000000,NO_LOCAL_PRICE_DATA,NOT_SCORE_READY,FALSE,FALSE,0,5,0.000000,NO_LOCAL_PRICE_DATA
GT,,,,,,,INSUFFICIENT_HISTORY,,,,NO_LOCAL_PRICE_DATA,0,5,0.000000,NO_LOCAL_PRICE_DATA,NOT_SCORE_READY,FALSE,FALSE,0,5,0.000000,NO_LOCAL_PRICE_DATA
HIVE,,,,,,,INSUFFICIENT_HISTORY,,,,NO_LOCAL_PRICE_DATA,0,5,0.000000,NO_LOCAL_PRICE_DATA,NOT_SCORE_READY,FALSE,FALSE,0,5,0.000000,NO_LOCAL_PRICE_DATA
HLT,,,,,,,INSUFFICIENT_HISTORY,,,,NO_LOCAL_PRICE_DATA,0,5,0.000000,NO_LOCAL_PRICE_DATA,NOT_SCORE_READY,FALSE,FALSE,0,5,0.000000,NO_LOCAL_PRICE_DATA
HOOD,,,,,,,INSUFFICIENT_HISTORY,,,,NO_LOCAL_PRICE_DATA,0,5,0.000000,NO_LOCAL_PRICE_DATA,NOT_SCORE_READY,FALSE,FALSE,0,5,0.000000,NO_LOCAL_PRICE_DATA
HPE,4,3,1,0,0,8,STRONG_TREND_NEAR_BUY_ZONE,,,,,5,5,1.000000,FULL_HISTORY_FACTOR_READY,FULL_PRICE_DERIVED_SCORE,TRUE,FALSE,5,5,1.000000,
HTZ,,,,,,,INSUFFICIENT_HISTORY,,,,NO_LOCAL_PRICE_DATA,0,5,0.000000,NO_LOCAL_PRICE_DATA,NOT_SCORE_READY,FALSE,FALSE,0,5,0.000000,NO_LOCAL_PRICE_DATA
HUBB,-2,-3,-3,0,1,-7,BELOW_TREND_SUPPORT,,,,,5,5,1.000000,FULL_HISTORY_FACTOR_READY,FULL_PRICE_DERIVED_SCORE,TRUE,FALSE,5,5,1.000000,
HUBS,,,,,,,INSUFFICIENT_HISTORY,,,,NO_LOCAL_PRICE_DATA,0,5,0.000000,NO_LOCAL_PRICE_DATA,NOT_SCORE_READY,FALSE,FALSE,0,5,0.000000,NO_LOCAL_PRICE_DATA
HUM,,,,,,,INSUFFICIENT_HISTORY,,,,NO_LOCAL_PRICE_DATA,0,5,0.000000,NO_LOCAL_PRICE_DATA,NOT_SCORE_READY,FALSE,FALSE,0,5,0.000000,NO_LOCAL_PRICE_DATA
HUT,,,,,,,INSUFFICIENT_HISTORY,,,,NO_LOCAL_PRICE_DATA,0,5,0.000000,NO_LOCAL_PRICE_DATA,NOT_SCORE_READY,FALSE,FALSE,0,5,0.000000,NO_LOCAL_PRICE_DATA
IBIT,,,,,,,INSUFFICIENT_HISTORY,,,,NO_LOCAL_PRICE_DATA,0,5,0.000000,NO_LOCAL_PRICE_DATA,NOT_SCORE_READY,FALSE,FALSE,0,5,0.000000,NO_LOCAL_PRICE_DATA
ICHR,3,3,2,0,-1,7,STRONG_TREND_NEAR_BUY_ZONE,,,,,5,5,1.000000,FULL_HISTORY_FACTOR_READY,FULL_PRICE_DERIVED_SCORE,TRUE,FALSE,5,5,1.000000,
IGV,-2,-2,1,0,1,-2,BELOW_TREND_SUPPORT,,,,,5,5,1.000000,FULL_HISTORY_FACTOR_READY,FULL_PRICE_DERIVED_SCORE,TRUE,FALSE,5,5,1.000000,
INFY,,,,,,,INSUFFICIENT_HISTORY,,,,NO_LOCAL_PRICE_DATA,0,5,0.000000,NO_LOCAL_PRICE_DATA,NOT_SCORE_READY,FALSE,FALSE,0,5,0.000000,NO_LOCAL_PRICE_DATA
INSM,,,,,,,INSUFFICIENT_HISTORY,,,,NO_LOCAL_PRICE_DATA,0,5,0.000000,NO_LOCAL_PRICE_DATA,NOT_SCORE_READY,FALSE,FALSE,0,5,0.000000,NO_LOCAL_PRICE_DATA
INTC,4,3,2,0,-2,7,HIGH_VOL_CAUTION,,,,,5,5,1.000000,FULL_HISTORY_FACTOR_READY,FULL_PRICE_DERIVED_SCORE,TRUE,FALSE,5,5,1.000000,
IRDM,1,3,2,0,-1,5,STRONG_TREND_NEAR_BUY_ZONE,,,,,5,5,1.000000,FULL_HISTORY_FACTOR_READY,FULL_PRICE_DERIVED_SCORE,TRUE,FALSE,5,5,1.000000,
IREN,2,3,2,0,-2,5,HIGH_VOL_CAUTION,,,,,5,5,1.000000,FULL_HISTORY_FACTOR_READY,FULL_PRICE_DERIVED_SCORE,TRUE,FALSE,5,5,1.000000,
ISRG,,,,,,,INSUFFICIENT_HISTORY,,,,NO_LOCAL_PRICE_DATA,0,5,0.000000,NO_LOCAL_PRICE_DATA,NOT_SCORE_READY,FALSE,FALSE,0,5,0.000000,NO_LOCAL_PRICE_DATA
IWM,,,,,,,INSUFFICIENT_HISTORY,,,,NO_LOCAL_PRICE_DATA,0,5,0.000000,NO_LOCAL_PRICE_DATA,NOT_SCORE_READY,FALSE,FALSE,0,5,0.000000,NO_LOCAL_PRICE_DATA
IYW,2,3,1,0,1,7,STRONG_TREND_NEAR_BUY_ZONE,,,,,5,5,1.000000,FULL_HISTORY_FACTOR_READY,FULL_PRICE_DERIVED_SCORE,TRUE,FALSE,5,5,1.000000,
JBL,1,1,2,0,0,4,NEUTRAL_PRICE_STRUCTURE,,,,,5,5,1.000000,FULL_HISTORY_FACTOR_READY,FULL_PRICE_DERIVED_SCORE,TRUE,FALSE,5,5,1.000000,
JBS,,,,,,,INSUFFICIENT_HISTORY,,,,NO_LOCAL_PRICE_DATA,0,5,0.000000,NO_LOCAL_PRICE_DATA,NOT_SCORE_READY,FALSE,FALSE,0,5,0.000000,NO_LOCAL_PRICE_DATA
JCI,,,,,,,INSUFFICIENT_HISTORY,,,,NO_LOCAL_PRICE_DATA,0,5,0.000000,NO_LOCAL_PRICE_DATA,NOT_SCORE_READY,FALSE,FALSE,0,5,0.000000,NO_LOCAL_PRICE_DATA
JD,,,,,,,INSUFFICIENT_HISTORY,,,,NO_LOCAL_PRICE_DATA,0,5,0.000000,NO_LOCAL_PRICE_DATA,NOT_SCORE_READY,FALSE,FALSE,0,5,0.000000,NO_LOCAL_PRICE_DATA
JFROG,,,,,,,INSUFFICIENT_HISTORY,,,,NO_LOCAL_PRICE_DATA,0,5,0.000000,NO_LOCAL_PRICE_DATA,NOT_SCORE_READY,FALSE,FALSE,0,5,0.000000,NO_LOCAL_PRICE_DATA
JHX,,,,,,,INSUFFICIENT_HISTORY,,,,NO_LOCAL_PRICE_DATA,0,5,0.000000,NO_LOCAL_PRICE_DATA,NOT_SCORE_READY,FALSE,FALSE,0,5,0.000000,NO_LOCAL_PRICE_DATA
KEYS,1,3,2,0,1,7,STRONG_TREND_NEAR_BUY_ZONE,,,,,5,5,1.000000,FULL_HISTORY_FACTOR_READY,FULL_PRICE_DERIVED_SCORE,TRUE,FALSE,5,5,1.000000,
KKR,,,,,,,INSUFFICIENT_HISTORY,,,,NO_LOCAL_PRICE_DATA,0,5,0.000000,NO_LOCAL_PRICE_DATA,NOT_SCORE_READY,FALSE,FALSE,0,5,0.000000,NO_LOCAL_PRICE_DATA
KLAC,0,3,2,0,0,5,STRONG_TREND_NEAR_BUY_ZONE,,,,,5,5,1.000000,FULL_HISTORY_FACTOR_READY,FULL_PRICE_DERIVED_SCORE,TRUE,FALSE,5,5,1.000000,
KLAR,,,,,,,INSUFFICIENT_HISTORY,,,,NO_LOCAL_PRICE_DATA,0,5,0.000000,NO_LOCAL_PRICE_DATA,NOT_SCORE_READY,FALSE,FALSE,0,5,0.000000,NO_LOCAL_PRICE_DATA
KLIC,4,3,1,0,0,8,STRONG_TREND_NEAR_BUY_ZONE,,,,,5,5,1.000000,FULL_HISTORY_FACTOR_READY,FULL_PRICE_DERIVED_SCORE,TRUE,FALSE,5,5,1.000000,
KNX,,,,,,,INSUFFICIENT_HISTORY,,,,NO_LOCAL_PRICE_DATA,0,5,0.000000,NO_LOCAL_PRICE_DATA,NOT_SCORE_READY,FALSE,FALSE,0,5,0.000000,NO_LOCAL_PRICE_DATA
KRC,,,,,,,INSUFFICIENT_HISTORY,,,,NO_LOCAL_PRICE_DATA,0,5,0.000000,NO_LOCAL_PRICE_DATA,NOT_SCORE_READY,FALSE,FALSE,0,5,0.000000,NO_LOCAL_PRICE_DATA
KVYO,,,,,,,INSUFFICIENT_HISTORY,,,,NO_LOCAL_PRICE_DATA,0,5,0.000000,NO_LOCAL_PRICE_DATA,NOT_SCORE_READY,FALSE,FALSE,0,5,0.000000,NO_LOCAL_PRICE_DATA
KWEB,,,,,,,INSUFFICIENT_HISTORY,,,,NO_LOCAL_PRICE_DATA,0,5,0.000000,NO_LOCAL_PRICE_DATA,NOT_SCORE_READY,FALSE,FALSE,0,5,0.000000,NO_LOCAL_PRICE_DATA
LBRT,,,,,,,INSUFFICIENT_HISTORY,,,,NO_LOCAL_PRICE_DATA,0,5,0.000000,NO_LOCAL_PRICE_DATA,NOT_SCORE_READY,FALSE,FALSE,0,5,0.000000,NO_LOCAL_PRICE_DATA
LCID,,,,,,,INSUFFICIENT_HISTORY,,,,NO_LOCAL_PRICE_DATA,0,5,0.000000,NO_LOCAL_PRICE_DATA,NOT_SCORE_READY,FALSE,FALSE,0,5,0.000000,NO_LOCAL_PRICE_DATA
LHX,,,,,,,INSUFFICIENT_HISTORY,,,,NO_LOCAL_PRICE_DATA,0,5,0.000000,NO_LOCAL_PRICE_DATA,NOT_SCORE_READY,FALSE,FALSE,0,5,0.000000,NO_LOCAL_PRICE_DATA
LIN,,,,,,,INSUFFICIENT_HISTORY,,,,NO_LOCAL_PRICE_DATA,0,5,0.000000,NO_LOCAL_PRICE_DATA,NOT_SCORE_READY,FALSE,FALSE,0,5,0.000000,NO_LOCAL_PRICE_DATA
LINE,,,,,,,INSUFFICIENT_HISTORY,,,,NO_LOCAL_PRICE_DATA,0,5,0.000000,NO_LOCAL_PRICE_DATA,NOT_SCORE_READY,FALSE,FALSE,0,5,0.000000,NO_LOCAL_PRICE_DATA
LITE,1,3,2,0,-2,4,HIGH_VOL_CAUTION,,,,,5,5,1.000000,FULL_HISTORY_FACTOR_READY,FULL_PRICE_DERIVED_SCORE,TRUE,FALSE,5,5,1.000000,
LPLA,,,,,,,INSUFFICIENT_HISTORY,,,,NO_LOCAL_PRICE_DATA,0,5,0.000000,NO_LOCAL_PRICE_DATA,NOT_SCORE_READY,FALSE,FALSE,0,5,0.000000,NO_LOCAL_PRICE_DATA
LRCX,0,3,1,0,0,4,STRONG_TREND_NEAR_BUY_ZONE,,,,,5,5,1.000000,FULL_HISTORY_FACTOR_READY,FULL_PRICE_DERIVED_SCORE,TRUE,FALSE,5,5,1.000000,
LSCC,,,,,,,INSUFFICIENT_HISTORY,,,,NO_LOCAL_PRICE_DATA,0,5,0.000000,NO_LOCAL_PRICE_DATA,NOT_SCORE_READY,FALSE,FALSE,0,5,0.000000,NO_LOCAL_PRICE_DATA
LYB,,,,,,,INSUFFICIENT_HISTORY,,,,NO_LOCAL_PRICE_DATA,0,5,0.000000,NO_LOCAL_PRICE_DATA,NOT_SCORE_READY,FALSE,FALSE,0,5,0.000000,NO_LOCAL_PRICE_DATA
LYFT,,,,,,,INSUFFICIENT_HISTORY,,,,NO_LOCAL_PRICE_DATA,0,5,0.000000,NO_LOCAL_PRICE_DATA,NOT_SCORE_READY,FALSE,FALSE,0,5,0.000000,NO_LOCAL_PRICE_DATA
MA,,,,,,,INSUFFICIENT_HISTORY,,,,NO_LOCAL_PRICE_DATA,0,5,0.000000,NO_LOCAL_PRICE_DATA,NOT_SCORE_READY,FALSE,FALSE,0,5,0.000000,NO_LOCAL_PRICE_DATA
MCHP,3,3,2,0,0,8,STRONG_TREND_NEAR_BUY_ZONE,,,,,5,5,1.000000,FULL_HISTORY_FACTOR_READY,FULL_PRICE_DERIVED_SCORE,TRUE,FALSE,5,5,1.000000,
MCK,,,,,,,INSUFFICIENT_HISTORY,,,,NO_LOCAL_PRICE_DATA,0,5,0.000000,NO_LOCAL_PRICE_DATA,NOT_SCORE_READY,FALSE,FALSE,0,5,0.000000,NO_LOCAL_PRICE_DATA
MDB,1,-1,-2,-1,0,-3,BELOW_TREND_SUPPORT,,,,,5,5,1.000000,FULL_HISTORY_FACTOR_READY,FULL_PRICE_DERIVED_SCORE,TRUE,FALSE,5,5,1.000000,
MELI,,,,,,,INSUFFICIENT_HISTORY,,,,NO_LOCAL_PRICE_DATA,0,5,0.000000,NO_LOCAL_PRICE_DATA,NOT_SCORE_READY,FALSE,FALSE,0,5,0.000000,NO_LOCAL_PRICE_DATA
META,-2,-3,2,0,0,-3,BELOW_TREND_SUPPORT,,,,,5,5,1.000000,FULL_HISTORY_FACTOR_READY,FULL_PRICE_DERIVED_SCORE,TRUE,FALSE,5,5,1.000000,
MKSI,0,3,2,0,0,5,STRONG_TREND_NEAR_BUY_ZONE,,,,,5,5,1.000000,FULL_HISTORY_FACTOR_READY,FULL_PRICE_DERIVED_SCORE,TRUE,FALSE,5,5,1.000000,
MNTN,,,,,,,INSUFFICIENT_HISTORY,,,,NO_LOCAL_PRICE_DATA,0,5,0.000000,NO_LOCAL_PRICE_DATA,NOT_SCORE_READY,FALSE,FALSE,0,5,0.000000,NO_LOCAL_PRICE_DATA
MOD,3,3,2,0,-1,7,STRONG_TREND_NEAR_BUY_ZONE,,,,,5,5,1.000000,FULL_HISTORY_FACTOR_READY,FULL_PRICE_DERIVED_SCORE,TRUE,FALSE,5,5,1.000000,
MOH,,,,,,,INSUFFICIENT_HISTORY,,,,NO_LOCAL_PRICE_DATA,0,5,0.000000,NO_LOCAL_PRICE_DATA,NOT_SCORE_READY,FALSE,FALSE,0,5,0.000000,NO_LOCAL_PRICE_DATA
MPLX,,,,,,,INSUFFICIENT_HISTORY,,,,NO_LOCAL_PRICE_DATA,0,5,0.000000,NO_LOCAL_PRICE_DATA,NOT_SCORE_READY,FALSE,FALSE,0,5,0.000000,NO_LOCAL_PRICE_DATA
MPW,,,,,,,INSUFFICIENT_HISTORY,,,,NO_LOCAL_PRICE_DATA,0,5,0.000000,NO_LOCAL_PRICE_DATA,NOT_SCORE_READY,FALSE,FALSE,0,5,0.000000,NO_LOCAL_PRICE_DATA
MPWR,1,1,2,0,0,4,NEUTRAL_PRICE_STRUCTURE,,,,,5,5,1.000000,FULL_HISTORY_FACTOR_READY,FULL_PRICE_DERIVED_SCORE,TRUE,FALSE,5,5,1.000000,
MRVL,4,3,1,0,-1,7,STRONG_TREND_NEAR_BUY_ZONE,,,,,5,5,1.000000,FULL_HISTORY_FACTOR_READY,FULL_PRICE_DERIVED_SCORE,TRUE,FALSE,5,5,1.000000,
MSFT,-2,-2,2,0,1,-1,BELOW_TREND_SUPPORT,,,,,5,5,1.000000,FULL_HISTORY_FACTOR_READY,FULL_PRICE_DERIVED_SCORE,TRUE,FALSE,5,5,1.000000,
MTSI,,,,,,,INSUFFICIENT_HISTORY,,,,NO_LOCAL_PRICE_DATA,0,5,0.000000,NO_LOCAL_PRICE_DATA,NOT_SCORE_READY,FALSE,FALSE,0,5,0.000000,NO_LOCAL_PRICE_DATA
MTZ,,,,,,,INSUFFICIENT_HISTORY,,,,NO_LOCAL_PRICE_DATA,0,5,0.000000,NO_LOCAL_PRICE_DATA,NOT_SCORE_READY,FALSE,FALSE,0,5,0.000000,NO_LOCAL_PRICE_DATA
MU,4,3,-2,0,-2,3,HIGH_VOL_CAUTION,,,,,5,5,1.000000,FULL_HISTORY_FACTOR_READY,FULL_PRICE_DERIVED_SCORE,TRUE,FALSE,5,5,1.000000,
NAMS,,,,,,,INSUFFICIENT_HISTORY,,,,NO_LOCAL_PRICE_DATA,0,5,0.000000,NO_LOCAL_PRICE_DATA,NOT_SCORE_READY,FALSE,FALSE,0,5,0.000000,NO_LOCAL_PRICE_DATA
NET,-2,-2,-3,0,-2,-9,HIGH_VOL_CAUTION,,,,,5,5,1.000000,FULL_HISTORY_FACTOR_READY,FULL_PRICE_DERIVED_SCORE,TRUE,FALSE,5,5,1.000000,
NFLX,,,,,,,INSUFFICIENT_HISTORY,,,,NO_LOCAL_PRICE_DATA,0,5,0.000000,NO_LOCAL_PRICE_DATA,NOT_SCORE_READY,FALSE,FALSE,0,5,0.000000,NO_LOCAL_PRICE_DATA
NI,,,,,,,INSUFFICIENT_HISTORY,,,,NO_LOCAL_PRICE_DATA,0,5,0.000000,NO_LOCAL_PRICE_DATA,NOT_SCORE_READY,FALSE,FALSE,0,5,0.000000,NO_LOCAL_PRICE_DATA
NOW,-2,-3,-3,0,-2,-10,HIGH_VOL_CAUTION,,,,,5,5,1.000000,FULL_HISTORY_FACTOR_READY,FULL_PRICE_DERIVED_SCORE,TRUE,FALSE,5,5,1.000000,
NRG,,,,,,,INSUFFICIENT_HISTORY,,,,NO_LOCAL_PRICE_DATA,0,5,0.000000,NO_LOCAL_PRICE_DATA,NOT_SCORE_READY,FALSE,FALSE,0,5,0.000000,NO_LOCAL_PRICE_DATA
NTAP,0,-1,1,0,1,1,NEUTRAL_PRICE_STRUCTURE,,,,,5,5,1.000000,FULL_HISTORY_FACTOR_READY,FULL_PRICE_DERIVED_SCORE,TRUE,FALSE,5,5,1.000000,
NTRA,,,,,,,INSUFFICIENT_HISTORY,,,,NO_LOCAL_PRICE_DATA,0,5,0.000000,NO_LOCAL_PRICE_DATA,NOT_SCORE_READY,FALSE,FALSE,0,5,0.000000,NO_LOCAL_PRICE_DATA
NU,,,,,,,INSUFFICIENT_HISTORY,,,,NO_LOCAL_PRICE_DATA,0,5,0.000000,NO_LOCAL_PRICE_DATA,NOT_SCORE_READY,FALSE,FALSE,0,5,0.000000,NO_LOCAL_PRICE_DATA
NUVB,,,,,,,INSUFFICIENT_HISTORY,,,,NO_LOCAL_PRICE_DATA,0,5,0.000000,NO_LOCAL_PRICE_DATA,NOT_SCORE_READY,FALSE,FALSE,0,5,0.000000,NO_LOCAL_PRICE_DATA
NVAX,,,,,,,INSUFFICIENT_HISTORY,,,,NO_LOCAL_PRICE_DATA,0,5,0.000000,NO_LOCAL_PRICE_DATA,NOT_SCORE_READY,FALSE,FALSE,0,5,0.000000,NO_LOCAL_PRICE_DATA
NVDA,2,3,1,0,0,6,STRONG_TREND_NEAR_BUY_ZONE,,,,,5,5,1.000000,FULL_HISTORY_FACTOR_READY,FULL_PRICE_DERIVED_SCORE,TRUE,FALSE,5,5,1.000000,
NVT,4,3,1,0,0,8,STRONG_TREND_NEAR_BUY_ZONE,,,,,5,5,1.000000,FULL_HISTORY_FACTOR_READY,FULL_PRICE_DERIVED_SCORE,TRUE,FALSE,5,5,1.000000,
NXPI,3,3,1,0,-2,5,HIGH_VOL_CAUTION,,,,,5,5,1.000000,FULL_HISTORY_FACTOR_READY,FULL_PRICE_DERIVED_SCORE,TRUE,FALSE,5,5,1.000000,
OC,,,,,,,INSUFFICIENT_HISTORY,,,,NO_LOCAL_PRICE_DATA,0,5,0.000000,NO_LOCAL_PRICE_DATA,NOT_SCORE_READY,FALSE,FALSE,0,5,0.000000,NO_LOCAL_PRICE_DATA
OKTA,,,,,,,INSUFFICIENT_HISTORY,,,,NO_LOCAL_PRICE_DATA,0,5,0.000000,NO_LOCAL_PRICE_DATA,NOT_SCORE_READY,FALSE,FALSE,0,5,0.000000,NO_LOCAL_PRICE_DATA
OLMA,,,,,,,INSUFFICIENT_HISTORY,,,,NO_LOCAL_PRICE_DATA,0,5,0.000000,NO_LOCAL_PRICE_DATA,NOT_SCORE_READY,FALSE,FALSE,0,5,0.000000,NO_LOCAL_PRICE_DATA
OLPX,,,,,,,INSUFFICIENT_HISTORY,,,,NO_LOCAL_PRICE_DATA,0,5,0.000000,NO_LOCAL_PRICE_DATA,NOT_SCORE_READY,FALSE,FALSE,0,5,0.000000,NO_LOCAL_PRICE_DATA
ON,4,3,-2,0,-1,4,STRONG_BUT_EXTENDED,,,,,5,5,1.000000,FULL_HISTORY_FACTOR_READY,FULL_PRICE_DERIVED_SCORE,TRUE,FALSE,5,5,1.000000,
OPCH,,,,,,,INSUFFICIENT_HISTORY,,,,NO_LOCAL_PRICE_DATA,0,5,0.000000,NO_LOCAL_PRICE_DATA,NOT_SCORE_READY,FALSE,FALSE,0,5,0.000000,NO_LOCAL_PRICE_DATA
ORCL,2,-2,1,0,0,1,BELOW_TREND_SUPPORT,,,,,5,5,1.000000,FULL_HISTORY_FACTOR_READY,FULL_PRICE_DERIVED_SCORE,TRUE,FALSE,5,5,1.000000,
PANW,4,-1,-2,-1,0,0,BREAKOUT_NO_VOLUME,,,,,5,5,1.000000,FULL_HISTORY_FACTOR_READY,FULL_PRICE_DERIVED_SCORE,TRUE,FALSE,5,5,1.000000,
PATH,,,,,,,INSUFFICIENT_HISTORY,,,,NO_LOCAL_PRICE_DATA,0,5,0.000000,NO_LOCAL_PRICE_DATA,NOT_SCORE_READY,FALSE,FALSE,0,5,0.000000,NO_LOCAL_PRICE_DATA
PCOR,,,,,,,INSUFFICIENT_HISTORY,,,,NO_LOCAL_PRICE_DATA,0,5,0.000000,NO_LOCAL_PRICE_DATA,NOT_SCORE_READY,FALSE,FALSE,0,5,0.000000,NO_LOCAL_PRICE_DATA
PCT,,,,,,,INSUFFICIENT_HISTORY,,,,NO_LOCAL_PRICE_DATA,0,5,0.000000,NO_LOCAL_PRICE_DATA,NOT_SCORE_READY,FALSE,FALSE,0,5,0.000000,NO_LOCAL_PRICE_DATA
PDD,,,,,,,INSUFFICIENT_HISTORY,,,,NO_LOCAL_PRICE_DATA,0,5,0.000000,NO_LOCAL_PRICE_DATA,NOT_SCORE_READY,FALSE,FALSE,0,5,0.000000,NO_LOCAL_PRICE_DATA
PFGC,,,,,,,INSUFFICIENT_HISTORY,,,,NO_LOCAL_PRICE_DATA,0,5,0.000000,NO_LOCAL_PRICE_DATA,NOT_SCORE_READY,FALSE,FALSE,0,5,0.000000,NO_LOCAL_PRICE_DATA
PGNY,,,,,,,INSUFFICIENT_HISTORY,,,,NO_LOCAL_PRICE_DATA,0,5,0.000000,NO_LOCAL_PRICE_DATA,NOT_SCORE_READY,FALSE,FALSE,0,5,0.000000,NO_LOCAL_PRICE_DATA
PI,,,,,,,INSUFFICIENT_HISTORY,,,,NO_LOCAL_PRICE_DATA,0,5,0.000000,NO_LOCAL_PRICE_DATA,NOT_SCORE_READY,FALSE,FALSE,0,5,0.000000,NO_LOCAL_PRICE_DATA
PINS,,,,,,,INSUFFICIENT_HISTORY,,,,NO_LOCAL_PRICE_DATA,0,5,0.000000,NO_LOCAL_PRICE_DATA,NOT_SCORE_READY,FALSE,FALSE,0,5,0.000000,NO_LOCAL_PRICE_DATA
PLTR,-2,-3,-3,0,0,-8,BELOW_TREND_SUPPORT,,,,,5,5,1.000000,FULL_HISTORY_FACTOR_READY,FULL_PRICE_DERIVED_SCORE,TRUE,FALSE,5,5,1.000000,
PLUG,,,,,,,INSUFFICIENT_HISTORY,,,,NO_LOCAL_PRICE_DATA,0,5,0.000000,NO_LOCAL_PRICE_DATA,NOT_SCORE_READY,FALSE,FALSE,0,5,0.000000,NO_LOCAL_PRICE_DATA
PM,,,,,,,INSUFFICIENT_HISTORY,,,,NO_LOCAL_PRICE_DATA,0,5,0.000000,NO_LOCAL_PRICE_DATA,NOT_SCORE_READY,FALSE,FALSE,0,5,0.000000,NO_LOCAL_PRICE_DATA
PONY,,,,,,,INSUFFICIENT_HISTORY,,,,NO_LOCAL_PRICE_DATA,0,5,0.000000,NO_LOCAL_PRICE_DATA,NOT_SCORE_READY,FALSE,FALSE,0,5,0.000000,NO_LOCAL_PRICE_DATA
POWL,4,3,2,0,-1,8,STRONG_TREND_NEAR_BUY_ZONE,,,,,5,5,1.000000,FULL_HISTORY_FACTOR_READY,FULL_PRICE_DERIVED_SCORE,TRUE,FALSE,5,5,1.000000,
PSIX,,,,,,,INSUFFICIENT_HISTORY,,,,NO_LOCAL_PRICE_DATA,0,5,0.000000,NO_LOCAL_PRICE_DATA,NOT_SCORE_READY,FALSE,FALSE,0,5,0.000000,NO_LOCAL_PRICE_DATA
PSTG,1,-1,-2,0,0,-2,NEUTRAL_PRICE_STRUCTURE,,,,,5,5,1.000000,FULL_HISTORY_FACTOR_READY,FULL_PRICE_DERIVED_SCORE,TRUE,FALSE,5,5,1.000000,
PTGX,,,,,,,INSUFFICIENT_HISTORY,,,,NO_LOCAL_PRICE_DATA,0,5,0.000000,NO_LOCAL_PRICE_DATA,NOT_SCORE_READY,FALSE,FALSE,0,5,0.000000,NO_LOCAL_PRICE_DATA
PTON,,,,,,,INSUFFICIENT_HISTORY,,,,NO_LOCAL_PRICE_DATA,0,5,0.000000,NO_LOCAL_PRICE_DATA,NOT_SCORE_READY,FALSE,FALSE,0,5,0.000000,NO_LOCAL_PRICE_DATA
PUMP,,,,,,,INSUFFICIENT_HISTORY,,,,NO_LOCAL_PRICE_DATA,0,5,0.000000,NO_LOCAL_PRICE_DATA,NOT_SCORE_READY,FALSE,FALSE,0,5,0.000000,NO_LOCAL_PRICE_DATA
PWR,4,3,1,0,-1,7,STRONG_TREND_NEAR_BUY_ZONE,,,,,5,5,1.000000,FULL_HISTORY_FACTOR_READY,FULL_PRICE_DERIVED_SCORE,TRUE,FALSE,5,5,1.000000,
PYPL,,,,,,,INSUFFICIENT_HISTORY,,,,NO_LOCAL_PRICE_DATA,0,5,0.000000,NO_LOCAL_PRICE_DATA,NOT_SCORE_READY,FALSE,FALSE,0,5,0.000000,NO_LOCAL_PRICE_DATA
QCOM,4,-1,-2,0,-2,-1,HIGH_VOL_CAUTION,,,,,5,5,1.000000,FULL_HISTORY_FACTOR_READY,FULL_PRICE_DERIVED_SCORE,TRUE,FALSE,5,5,1.000000,
QQQ,-2,3,1,0,1,3,STRONG_TREND_NEAR_BUY_ZONE,,,,,5,5,1.000000,FULL_HISTORY_FACTOR_READY,FULL_PRICE_DERIVED_SCORE,TRUE,FALSE,5,5,1.000000,
QS,,,,,,,INSUFFICIENT_HISTORY,,,,NO_LOCAL_PRICE_DATA,0,5,0.000000,NO_LOCAL_PRICE_DATA,NOT_SCORE_READY,FALSE,FALSE,0,5,0.000000,NO_LOCAL_PRICE_DATA
QSR,,,,,,,INSUFFICIENT_HISTORY,,,,NO_LOCAL_PRICE_DATA,0,5,0.000000,NO_LOCAL_PRICE_DATA,NOT_SCORE_READY,FALSE,FALSE,0,5,0.000000,NO_LOCAL_PRICE_DATA
RBLX,,,,,,,INSUFFICIENT_HISTORY,,,,NO_LOCAL_PRICE_DATA,0,5,0.000000,NO_LOCAL_PRICE_DATA,NOT_SCORE_READY,FALSE,FALSE,0,5,0.000000,NO_LOCAL_PRICE_DATA
RDDT,,,,,,,INSUFFICIENT_HISTORY,,,,NO_LOCAL_PRICE_DATA,0,5,0.000000,NO_LOCAL_PRICE_DATA,NOT_SCORE_READY,FALSE,FALSE,0,5,0.000000,NO_LOCAL_PRICE_DATA
RERE,,,,,,,INSUFFICIENT_HISTORY,,,,NO_LOCAL_PRICE_DATA,0,5,0.000000,NO_LOCAL_PRICE_DATA,NOT_SCORE_READY,FALSE,FALSE,0,5,0.000000,NO_LOCAL_PRICE_DATA
RH,,,,,,,INSUFFICIENT_HISTORY,,,,NO_LOCAL_PRICE_DATA,0,5,0.000000,NO_LOCAL_PRICE_DATA,NOT_SCORE_READY,FALSE,FALSE,0,5,0.000000,NO_LOCAL_PRICE_DATA
RIOT,,,,,,,INSUFFICIENT_HISTORY,,,,NO_LOCAL_PRICE_DATA,0,5,0.000000,NO_LOCAL_PRICE_DATA,NOT_SCORE_READY,FALSE,FALSE,0,5,0.000000,NO_LOCAL_PRICE_DATA
RKT,,,,,,,INSUFFICIENT_HISTORY,,,,NO_LOCAL_PRICE_DATA,0,5,0.000000,NO_LOCAL_PRICE_DATA,NOT_SCORE_READY,FALSE,FALSE,0,5,0.000000,NO_LOCAL_PRICE_DATA
RNG,,,,,,,INSUFFICIENT_HISTORY,,,,NO_LOCAL_PRICE_DATA,0,5,0.000000,NO_LOCAL_PRICE_DATA,NOT_SCORE_READY,FALSE,FALSE,0,5,0.000000,NO_LOCAL_PRICE_DATA
ROKU,,,,,,,INSUFFICIENT_HISTORY,,,,NO_LOCAL_PRICE_DATA,0,5,0.000000,NO_LOCAL_PRICE_DATA,NOT_SCORE_READY,FALSE,FALSE,0,5,0.000000,NO_LOCAL_PRICE_DATA
RSP,,,,,,,INSUFFICIENT_HISTORY,,,,NO_LOCAL_PRICE_DATA,0,5,0.000000,NO_LOCAL_PRICE_DATA,NOT_SCORE_READY,FALSE,FALSE,0,5,0.000000,NO_LOCAL_PRICE_DATA
RTX,,,,,,,INSUFFICIENT_HISTORY,,,,NO_LOCAL_PRICE_DATA,0,5,0.000000,NO_LOCAL_PRICE_DATA,NOT_SCORE_READY,FALSE,FALSE,0,5,0.000000,NO_LOCAL_PRICE_DATA
RVMD,,,,,,,INSUFFICIENT_HISTORY,,,,NO_LOCAL_PRICE_DATA,0,5,0.000000,NO_LOCAL_PRICE_DATA,NOT_SCORE_READY,FALSE,FALSE,0,5,0.000000,NO_LOCAL_PRICE_DATA
SANM,4,3,1,0,-1,7,STRONG_TREND_NEAR_BUY_ZONE,,,,,5,5,1.000000,FULL_HISTORY_FACTOR_READY,FULL_PRICE_DERIVED_SCORE,TRUE,FALSE,5,5,1.000000,
SATS,,,,,,,INSUFFICIENT_HISTORY,,,,NO_LOCAL_PRICE_DATA,0,5,0.000000,NO_LOCAL_PRICE_DATA,NOT_SCORE_READY,FALSE,FALSE,0,5,0.000000,NO_LOCAL_PRICE_DATA
SCCO,,,,,,,INSUFFICIENT_HISTORY,,,,NO_LOCAL_PRICE_DATA,0,5,0.000000,NO_LOCAL_PRICE_DATA,NOT_SCORE_READY,FALSE,FALSE,0,5,0.000000,NO_LOCAL_PRICE_DATA
SCHW,,,,,,,INSUFFICIENT_HISTORY,,,,NO_LOCAL_PRICE_DATA,0,5,0.000000,NO_LOCAL_PRICE_DATA,NOT_SCORE_READY,FALSE,FALSE,0,5,0.000000,NO_LOCAL_PRICE_DATA
SE,,,,,,,INSUFFICIENT_HISTORY,,,,NO_LOCAL_PRICE_DATA,0,5,0.000000,NO_LOCAL_PRICE_DATA,NOT_SCORE_READY,FALSE,FALSE,0,5,0.000000,NO_LOCAL_PRICE_DATA
SEI,,,,,,,INSUFFICIENT_HISTORY,,,,NO_LOCAL_PRICE_DATA,0,5,0.000000,NO_LOCAL_PRICE_DATA,NOT_SCORE_READY,FALSE,FALSE,0,5,0.000000,NO_LOCAL_PRICE_DATA
SFIX,,,,,,,INSUFFICIENT_HISTORY,,,,NO_LOCAL_PRICE_DATA,0,5,0.000000,NO_LOCAL_PRICE_DATA,NOT_SCORE_READY,FALSE,FALSE,0,5,0.000000,NO_LOCAL_PRICE_DATA
SFM,,,,,,,INSUFFICIENT_HISTORY,,,,NO_LOCAL_PRICE_DATA,0,5,0.000000,NO_LOCAL_PRICE_DATA,NOT_SCORE_READY,FALSE,FALSE,0,5,0.000000,NO_LOCAL_PRICE_DATA
SHOP,,,,,,,INSUFFICIENT_HISTORY,,,,NO_LOCAL_PRICE_DATA,0,5,0.000000,NO_LOCAL_PRICE_DATA,NOT_SCORE_READY,FALSE,FALSE,0,5,0.000000,NO_LOCAL_PRICE_DATA
SHW,,,,,,,INSUFFICIENT_HISTORY,,,,NO_LOCAL_PRICE_DATA,0,5,0.000000,NO_LOCAL_PRICE_DATA,NOT_SCORE_READY,FALSE,FALSE,0,5,0.000000,NO_LOCAL_PRICE_DATA
SITM,,,,,,,INSUFFICIENT_HISTORY,,,,NO_LOCAL_PRICE_DATA,0,5,0.000000,NO_LOCAL_PRICE_DATA,NOT_SCORE_READY,FALSE,FALSE,0,5,0.000000,NO_LOCAL_PRICE_DATA
SMCI,-2,-2,2,0,-2,-4,HIGH_VOL_CAUTION,,,,,5,5,1.000000,FULL_HISTORY_FACTOR_READY,FULL_PRICE_DERIVED_SCORE,TRUE,FALSE,5,5,1.000000,
SMH,4,3,1,0,0,8,STRONG_TREND_NEAR_BUY_ZONE,,,,,5,5,1.000000,FULL_HISTORY_FACTOR_READY,FULL_PRICE_DERIVED_SCORE,TRUE,FALSE,5,5,1.000000,
SMTC,,,,,,,INSUFFICIENT_HISTORY,,,,NO_LOCAL_PRICE_DATA,0,5,0.000000,NO_LOCAL_PRICE_DATA,NOT_SCORE_READY,FALSE,FALSE,0,5,0.000000,NO_LOCAL_PRICE_DATA
SNDK,4,3,-2,0,-2,3,HIGH_VOL_CAUTION,,,,,5,5,1.000000,FULL_HISTORY_FACTOR_READY,FULL_PRICE_DERIVED_SCORE,TRUE,FALSE,5,5,1.000000,
SNOW,-2,-2,1,-1,-1,-5,BELOW_TREND_SUPPORT,,,,,5,5,1.000000,FULL_HISTORY_FACTOR_READY,FULL_PRICE_DERIVED_SCORE,TRUE,FALSE,5,5,1.000000,
SNPS,,,,,,,INSUFFICIENT_HISTORY,,,,NO_LOCAL_PRICE_DATA,0,5,0.000000,NO_LOCAL_PRICE_DATA,NOT_SCORE_READY,FALSE,FALSE,0,5,0.000000,NO_LOCAL_PRICE_DATA
SOLS,,,,,,,INSUFFICIENT_HISTORY,,,,NO_LOCAL_PRICE_DATA,0,5,0.000000,NO_LOCAL_PRICE_DATA,NOT_SCORE_READY,FALSE,FALSE,0,5,0.000000,NO_LOCAL_PRICE_DATA
SOXL,4,3,-2,0,-2,3,HIGH_VOL_CAUTION,,,,,5,5,1.000000,FULL_HISTORY_FACTOR_READY,FULL_PRICE_DERIVED_SCORE,TRUE,FALSE,5,5,1.000000,
SOXX,4,3,1,0,0,8,STRONG_TREND_NEAR_BUY_ZONE,,,,,5,5,1.000000,FULL_HISTORY_FACTOR_READY,FULL_PRICE_DERIVED_SCORE,TRUE,FALSE,5,5,1.000000,
SPOT,,,,,,,INSUFFICIENT_HISTORY,,,,NO_LOCAL_PRICE_DATA,0,5,0.000000,NO_LOCAL_PRICE_DATA,NOT_SCORE_READY,FALSE,FALSE,0,5,0.000000,NO_LOCAL_PRICE_DATA
SPY,-2,3,1,0,1,3,STRONG_TREND_NEAR_BUY_ZONE,,,,,5,5,1.000000,FULL_HISTORY_FACTOR_READY,FULL_PRICE_DERIVED_SCORE,TRUE,FALSE,5,5,1.000000,
STG,,,,,,,INSUFFICIENT_HISTORY,,,,NO_LOCAL_PRICE_DATA,0,5,0.000000,NO_LOCAL_PRICE_DATA,NOT_SCORE_READY,FALSE,FALSE,0,5,0.000000,NO_LOCAL_PRICE_DATA
STM,,,,,,,INSUFFICIENT_HISTORY,,,,NO_LOCAL_PRICE_DATA,0,5,0.000000,NO_LOCAL_PRICE_DATA,NOT_SCORE_READY,FALSE,FALSE,0,5,0.000000,NO_LOCAL_PRICE_DATA
STUB,,,,,,,INSUFFICIENT_HISTORY,,,,NO_LOCAL_PRICE_DATA,0,5,0.000000,NO_LOCAL_PRICE_DATA,NOT_SCORE_READY,FALSE,FALSE,0,5,0.000000,NO_LOCAL_PRICE_DATA
STX,4,3,-2,0,-1,4,STRONG_BUT_EXTENDED,,,,,5,5,1.000000,FULL_HISTORY_FACTOR_READY,FULL_PRICE_DERIVED_SCORE,TRUE,FALSE,5,5,1.000000,
TEAM,,,,,,,INSUFFICIENT_HISTORY,,,,NO_LOCAL_PRICE_DATA,0,5,0.000000,NO_LOCAL_PRICE_DATA,NOT_SCORE_READY,FALSE,FALSE,0,5,0.000000,NO_LOCAL_PRICE_DATA
TER,-2,0,2,0,-2,-2,HIGH_VOL_CAUTION,,,,,5,5,1.000000,FULL_HISTORY_FACTOR_READY,FULL_PRICE_DERIVED_SCORE,TRUE,FALSE,5,5,1.000000,
TEVA,,,,,,,INSUFFICIENT_HISTORY,,,,NO_LOCAL_PRICE_DATA,0,5,0.000000,NO_LOCAL_PRICE_DATA,NOT_SCORE_READY,FALSE,FALSE,0,5,0.000000,NO_LOCAL_PRICE_DATA
TICKER,,,,,,,INSUFFICIENT_HISTORY,,,,NO_LOCAL_PRICE_DATA,0,5,0.000000,NO_LOCAL_PRICE_DATA,NOT_SCORE_READY,FALSE,FALSE,0,5,0.000000,NO_LOCAL_PRICE_DATA
TICKERS,,,,,,,INSUFFICIENT_HISTORY,,,,NO_LOCAL_PRICE_DATA,0,5,0.000000,NO_LOCAL_PRICE_DATA,NOT_SCORE_READY,FALSE,FALSE,0,5,0.000000,NO_LOCAL_PRICE_DATA
TIGR,,,,,,,INSUFFICIENT_HISTORY,,,,NO_LOCAL_PRICE_DATA,0,5,0.000000,NO_LOCAL_PRICE_DATA,NOT_SCORE_READY,FALSE,FALSE,0,5,0.000000,NO_LOCAL_PRICE_DATA
TLN,,,,,,,INSUFFICIENT_HISTORY,,,,NO_LOCAL_PRICE_DATA,0,5,0.000000,NO_LOCAL_PRICE_DATA,NOT_SCORE_READY,FALSE,FALSE,0,5,0.000000,NO_LOCAL_PRICE_DATA
TQQQ,0,0,-1,0,0,-1,INSUFFICIENT_HISTORY,,,,LATEST_ONLY_NOT_FACTOR_READY,5,5,1.000000,LATEST_ONLY_NOT_FACTOR_READY,LATEST_ONLY_REFERENCE,FALSE,FALSE,5,5,1.000000,LATEST_ONLY_NOT_FACTOR_READY
TSEM,,,,,,,INSUFFICIENT_HISTORY,,,,NO_LOCAL_PRICE_DATA,0,5,0.000000,NO_LOCAL_PRICE_DATA,NOT_SCORE_READY,FALSE,FALSE,0,5,0.000000,NO_LOCAL_PRICE_DATA
TSLA,-2,-1,1,0,0,-2,NEUTRAL_PRICE_STRUCTURE,,,,,5,5,1.000000,FULL_HISTORY_FACTOR_READY,FULL_PRICE_DERIVED_SCORE,TRUE,FALSE,5,5,1.000000,
TSM,0,3,2,0,0,5,STRONG_TREND_NEAR_BUY_ZONE,,,,,5,5,1.000000,FULL_HISTORY_FACTOR_READY,FULL_PRICE_DERIVED_SCORE,TRUE,FALSE,5,5,1.000000,
TTD,,,,,,,INSUFFICIENT_HISTORY,,,,NO_LOCAL_PRICE_DATA,0,5,0.000000,NO_LOCAL_PRICE_DATA,NOT_SCORE_READY,FALSE,FALSE,0,5,0.000000,NO_LOCAL_PRICE_DATA
TTMI,,,,,,,INSUFFICIENT_HISTORY,,,,NO_LOCAL_PRICE_DATA,0,5,0.000000,NO_LOCAL_PRICE_DATA,NOT_SCORE_READY,FALSE,FALSE,0,5,0.000000,NO_LOCAL_PRICE_DATA
TTWO,,,,,,,INSUFFICIENT_HISTORY,,,,NO_LOCAL_PRICE_DATA,0,5,0.000000,NO_LOCAL_PRICE_DATA,NOT_SCORE_READY,FALSE,FALSE,0,5,0.000000,NO_LOCAL_PRICE_DATA
TWLO,,,,,,,INSUFFICIENT_HISTORY,,,,NO_LOCAL_PRICE_DATA,0,5,0.000000,NO_LOCAL_PRICE_DATA,NOT_SCORE_READY,FALSE,FALSE,0,5,0.000000,NO_LOCAL_PRICE_DATA
TWST,,,,,,,INSUFFICIENT_HISTORY,,,,NO_LOCAL_PRICE_DATA,0,5,0.000000,NO_LOCAL_PRICE_DATA,NOT_SCORE_READY,FALSE,FALSE,0,5,0.000000,NO_LOCAL_PRICE_DATA
TXN,4,3,1,0,-1,7,STRONG_TREND_NEAR_BUY_ZONE,,,,,5,5,1.000000,FULL_HISTORY_FACTOR_READY,FULL_PRICE_DERIVED_SCORE,TRUE,FALSE,5,5,1.000000,
U,,,,,,,INSUFFICIENT_HISTORY,,,,NO_LOCAL_PRICE_DATA,0,5,0.000000,NO_LOCAL_PRICE_DATA,NOT_SCORE_READY,FALSE,FALSE,0,5,0.000000,NO_LOCAL_PRICE_DATA
UAL,,,,,,,INSUFFICIENT_HISTORY,,,,NO_LOCAL_PRICE_DATA,0,5,0.000000,NO_LOCAL_PRICE_DATA,NOT_SCORE_READY,FALSE,FALSE,0,5,0.000000,NO_LOCAL_PRICE_DATA
UBER,,,,,,,INSUFFICIENT_HISTORY,,,,NO_LOCAL_PRICE_DATA,0,5,0.000000,NO_LOCAL_PRICE_DATA,NOT_SCORE_READY,FALSE,FALSE,0,5,0.000000,NO_LOCAL_PRICE_DATA
UNH,,,,,,,INSUFFICIENT_HISTORY,,,,NO_LOCAL_PRICE_DATA,0,5,0.000000,NO_LOCAL_PRICE_DATA,NOT_SCORE_READY,FALSE,FALSE,0,5,0.000000,NO_LOCAL_PRICE_DATA
UPST,,,,,,,INSUFFICIENT_HISTORY,,,,NO_LOCAL_PRICE_DATA,0,5,0.000000,NO_LOCAL_PRICE_DATA,NOT_SCORE_READY,FALSE,FALSE,0,5,0.000000,NO_LOCAL_PRICE_DATA
USFD,,,,,,,INSUFFICIENT_HISTORY,,,,NO_LOCAL_PRICE_DATA,0,5,0.000000,NO_LOCAL_PRICE_DATA,NOT_SCORE_READY,FALSE,FALSE,0,5,0.000000,NO_LOCAL_PRICE_DATA
V,,,,,,,INSUFFICIENT_HISTORY,,,,NO_LOCAL_PRICE_DATA,0,5,0.000000,NO_LOCAL_PRICE_DATA,NOT_SCORE_READY,FALSE,FALSE,0,5,0.000000,NO_LOCAL_PRICE_DATA
VECO,4,3,2,0,-2,7,HIGH_VOL_CAUTION,,,,,5,5,1.000000,FULL_HISTORY_FACTOR_READY,FULL_PRICE_DERIVED_SCORE,TRUE,FALSE,5,5,1.000000,
VEEV,,,,,,,INSUFFICIENT_HISTORY,,,,NO_LOCAL_PRICE_DATA,0,5,0.000000,NO_LOCAL_PRICE_DATA,NOT_SCORE_READY,FALSE,FALSE,0,5,0.000000,NO_LOCAL_PRICE_DATA
VIAV,,,,,,,INSUFFICIENT_HISTORY,,,,NO_LOCAL_PRICE_DATA,0,5,0.000000,NO_LOCAL_PRICE_DATA,NOT_SCORE_READY,FALSE,FALSE,0,5,0.000000,NO_LOCAL_PRICE_DATA
VIST,,,,,,,INSUFFICIENT_HISTORY,,,,NO_LOCAL_PRICE_DATA,0,5,0.000000,NO_LOCAL_PRICE_DATA,NOT_SCORE_READY,FALSE,FALSE,0,5,0.000000,NO_LOCAL_PRICE_DATA
VMC,,,,,,,INSUFFICIENT_HISTORY,,,,NO_LOCAL_PRICE_DATA,0,5,0.000000,NO_LOCAL_PRICE_DATA,NOT_SCORE_READY,FALSE,FALSE,0,5,0.000000,NO_LOCAL_PRICE_DATA
VRT,4,3,1,0,-1,7,STRONG_TREND_NEAR_BUY_ZONE,,,,,5,5,1.000000,FULL_HISTORY_FACTOR_READY,FULL_PRICE_DERIVED_SCORE,TRUE,FALSE,5,5,1.000000,
VST,-2,-3,-3,0,0,-8,BELOW_TREND_SUPPORT,,,,,5,5,1.000000,FULL_HISTORY_FACTOR_READY,FULL_PRICE_DERIVED_SCORE,TRUE,FALSE,5,5,1.000000,
WAB,,,,,,,INSUFFICIENT_HISTORY,,,,NO_LOCAL_PRICE_DATA,0,5,0.000000,NO_LOCAL_PRICE_DATA,NOT_SCORE_READY,FALSE,FALSE,0,5,0.000000,NO_LOCAL_PRICE_DATA
WDAY,,,,,,,INSUFFICIENT_HISTORY,,,,NO_LOCAL_PRICE_DATA,0,5,0.000000,NO_LOCAL_PRICE_DATA,NOT_SCORE_READY,FALSE,FALSE,0,5,0.000000,NO_LOCAL_PRICE_DATA
WDC,4,3,1,0,0,8,STRONG_TREND_NEAR_BUY_ZONE,,,,,5,5,1.000000,FULL_HISTORY_FACTOR_READY,FULL_PRICE_DERIVED_SCORE,TRUE,FALSE,5,5,1.000000,
WHR,,,,,,,INSUFFICIENT_HISTORY,,,,NO_LOCAL_PRICE_DATA,0,5,0.000000,NO_LOCAL_PRICE_DATA,NOT_SCORE_READY,FALSE,FALSE,0,5,0.000000,NO_LOCAL_PRICE_DATA
WING,,,,,,,INSUFFICIENT_HISTORY,,,,NO_LOCAL_PRICE_DATA,0,5,0.000000,NO_LOCAL_PRICE_DATA,NOT_SCORE_READY,FALSE,FALSE,0,5,0.000000,NO_LOCAL_PRICE_DATA
WLK,,,,,,,INSUFFICIENT_HISTORY,,,,NO_LOCAL_PRICE_DATA,0,5,0.000000,NO_LOCAL_PRICE_DATA,NOT_SCORE_READY,FALSE,FALSE,0,5,0.000000,NO_LOCAL_PRICE_DATA
WOLF,,,,,,,INSUFFICIENT_HISTORY,,,,NO_LOCAL_PRICE_DATA,0,5,0.000000,NO_LOCAL_PRICE_DATA,NOT_SCORE_READY,FALSE,FALSE,0,5,0.000000,NO_LOCAL_PRICE_DATA
WULF,,,,,,,INSUFFICIENT_HISTORY,,,,NO_LOCAL_PRICE_DATA,0,5,0.000000,NO_LOCAL_PRICE_DATA,NOT_SCORE_READY,FALSE,FALSE,0,5,0.000000,NO_LOCAL_PRICE_DATA
WVE,,,,,,,INSUFFICIENT_HISTORY,,,,NO_LOCAL_PRICE_DATA,0,5,0.000000,NO_LOCAL_PRICE_DATA,NOT_SCORE_READY,FALSE,FALSE,0,5,0.000000,NO_LOCAL_PRICE_DATA
WWD,,,,,,,INSUFFICIENT_HISTORY,,,,NO_LOCAL_PRICE_DATA,0,5,0.000000,NO_LOCAL_PRICE_DATA,NOT_SCORE_READY,FALSE,FALSE,0,5,0.000000,NO_LOCAL_PRICE_DATA
WYFI,,,,,,,INSUFFICIENT_HISTORY,,,,NO_LOCAL_PRICE_DATA,0,5,0.000000,NO_LOCAL_PRICE_DATA,NOT_SCORE_READY,FALSE,FALSE,0,5,0.000000,NO_LOCAL_PRICE_DATA
XENE,,,,,,,INSUFFICIENT_HISTORY,,,,NO_LOCAL_PRICE_DATA,0,5,0.000000,NO_LOCAL_PRICE_DATA,NOT_SCORE_READY,FALSE,FALSE,0,5,0.000000,NO_LOCAL_PRICE_DATA
XLF,,,,,,,INSUFFICIENT_HISTORY,,,,NO_LOCAL_PRICE_DATA,0,5,0.000000,NO_LOCAL_PRICE_DATA,NOT_SCORE_READY,FALSE,FALSE,0,5,0.000000,NO_LOCAL_PRICE_DATA
XLK,2,3,1,0,1,7,STRONG_TREND_NEAR_BUY_ZONE,,,,,5,5,1.000000,FULL_HISTORY_FACTOR_READY,FULL_PRICE_DERIVED_SCORE,TRUE,FALSE,5,5,1.000000,
XPO,,,,,,,INSUFFICIENT_HISTORY,,,,NO_LOCAL_PRICE_DATA,0,5,0.000000,NO_LOCAL_PRICE_DATA,NOT_SCORE_READY,FALSE,FALSE,0,5,0.000000,NO_LOCAL_PRICE_DATA
XYZ,,,,,,,INSUFFICIENT_HISTORY,,,,NO_LOCAL_PRICE_DATA,0,5,0.000000,NO_LOCAL_PRICE_DATA,NOT_SCORE_READY,FALSE,FALSE,0,5,0.000000,NO_LOCAL_PRICE_DATA
YPF,,,,,,,INSUFFICIENT_HISTORY,,,,NO_LOCAL_PRICE_DATA,0,5,0.000000,NO_LOCAL_PRICE_DATA,NOT_SCORE_READY,FALSE,FALSE,0,5,0.000000,NO_LOCAL_PRICE_DATA
Z,,,,,,,INSUFFICIENT_HISTORY,,,,NO_LOCAL_PRICE_DATA,0,5,0.000000,NO_LOCAL_PRICE_DATA,NOT_SCORE_READY,FALSE,FALSE,0,5,0.000000,NO_LOCAL_PRICE_DATA
ZG,,,,,,,INSUFFICIENT_HISTORY,,,,NO_LOCAL_PRICE_DATA,0,5,0.000000,NO_LOCAL_PRICE_DATA,NOT_SCORE_READY,FALSE,FALSE,0,5,0.000000,NO_LOCAL_PRICE_DATA
ZS,1,-2,1,-1,-1,-2,BELOW_TREND_SUPPORT,,,,,5,5,1.000000,FULL_HISTORY_FACTOR_READY,FULL_PRICE_DERIVED_SCORE,TRUE,FALSE,5,5,1.000000,
