source_path,source_type,parsed_ticker_count,ticker_overlap_with_current_universe_count,ticker_overlap_with_current_universe_ratio,contains_ohlcv_history,contains_latest_only,selected_for_any_universe_ticker,selected_ticker_count,rejected_reason_if_not_selected,source_relevance_status
D:\us-tech-quant\outputs\v18\candidates\V18_14D_CURRENT_RANKED_CANDIDATE_FORWARD_PRICE_FILLER.csv,PRICE_REFERENCE,20,20,0.061538,FALSE,FALSE,FALSE,0,SUMMARY_OR_SNAPSHOT_NOT_USABLE_HISTORY,SUMMARY_NOT_HISTORY
D:\us-tech-quant\outputs\v18\candidates\V18_14D_CURRENT_RANKED_CANDIDATE_FORWARD_PRICE_FILLER_AUDIT.csv,PRICE_REFERENCE,0,0,0.000000,FALSE,FALSE,FALSE,0,NO_CURRENT_UNIVERSE_TICKER_OVERLAP,IRRELEVANT_NO_UNIVERSE_OVERLAP
D:\us-tech-quant\outputs\v18\data\V18_16C_CURRENT_SCAN_SCOPED_PRICE_UPDATE_AUDIT.csv,PRICE_REFERENCE,65,65,0.200000,FALSE,TRUE,FALSE,0,SUMMARY_OR_SNAPSHOT_NOT_USABLE_HISTORY,SUMMARY_NOT_HISTORY
D:\us-tech-quant\outputs\v18\data\V18_16C_P1_SCOPED_YFINANCE_SMOKE_PRICE_AUDIT.csv,PRICE_REFERENCE,105,105,0.323077,TRUE,FALSE,FALSE,0,LOWER_PRIORITY_THAN_SELECTED_PER_TICKER_SOURCE,RELEVANT_NOT_SELECTED_LOWER_PRIORITY
D:\us-tech-quant\outputs\v18\data\V18_16C_P2_YFINANCE_CACHE_REPAIR_PRICE_AUDIT.csv,PRICE_REFERENCE,105,105,0.323077,TRUE,FALSE,FALSE,0,LOWER_PRIORITY_THAN_SELECTED_PER_TICKER_SOURCE,RELEVANT_NOT_SELECTED_LOWER_PRIORITY
D:\us-tech-quant\outputs\v18\data\V18_16C_P3_LOCAL_CACHE_BOOTSTRAP_AUDIT.csv,CSV_REFERENCE,105,105,0.323077,FALSE,TRUE,FALSE,0,SUMMARY_OR_SNAPSHOT_NOT_USABLE_HISTORY,SUMMARY_NOT_HISTORY
D:\us-tech-quant\outputs\v18\data\V18_16C_P3_LOCAL_PRICE_SOURCE_DISCOVERY.csv,PRICE_REFERENCE,0,0,0.000000,FALSE,FALSE,FALSE,0,NO_CURRENT_UNIVERSE_TICKER_OVERLAP,IRRELEVANT_NO_UNIVERSE_OVERLAP
D:\us-tech-quant\outputs\v18\data\V18_CURRENT_SCAN_SCOPED_PRICE_UPDATE_AUDIT.csv,PRICE_REFERENCE,65,65,0.200000,FALSE,TRUE,FALSE,0,SUMMARY_OR_SNAPSHOT_NOT_USABLE_HISTORY,SUMMARY_NOT_HISTORY
D:\us-tech-quant\outputs\v18\ops\V18_14D_CURRENT_RANKED_CANDIDATE_FORWARD_PRICE_FILLER_INPUT_AUDIT.csv,PRICE_REFERENCE,0,0,0.000000,FALSE,FALSE,FALSE,0,NO_CURRENT_UNIVERSE_TICKER_OVERLAP,IRRELEVANT_NO_UNIVERSE_OVERLAP
D:\us-tech-quant\outputs\v18\ops\V18_14D_CURRENT_RANKED_CANDIDATE_FORWARD_PRICE_FILLER_SUMMARY.csv,PRICE_REFERENCE,0,0,0.000000,FALSE,FALSE,FALSE,0,NO_CURRENT_UNIVERSE_TICKER_OVERLAP,IRRELEVANT_NO_UNIVERSE_OVERLAP
D:\us-tech-quant\outputs\v18\price_factors\V18_21A_CURRENT_PRICE_DERIVED_FACTORS.csv,PRICE_REFERENCE,325,325,1.000000,FALSE,TRUE,FALSE,0,SUMMARY_OR_SNAPSHOT_NOT_USABLE_HISTORY,SUMMARY_NOT_HISTORY
D:\us-tech-quant\outputs\v18\price_factors\V18_21A_CURRENT_PRICE_DERIVED_FACTOR_SCORES.csv,PRICE_REFERENCE,325,325,1.000000,FALSE,FALSE,FALSE,0,SUMMARY_OR_SNAPSHOT_NOT_USABLE_HISTORY,SUMMARY_NOT_HISTORY
D:\us-tech-quant\outputs\v18\price_factors\V18_21A_R1_CURRENT_PRICE_DERIVED_FACTOR_SCORES.csv,PRICE_REFERENCE,325,325,1.000000,FALSE,FALSE,FALSE,0,SUMMARY_OR_SNAPSHOT_NOT_USABLE_HISTORY,SUMMARY_NOT_HISTORY
D:\us-tech-quant\outputs\v18\price_factors\V18_21A_R1_CURRENT_PRICE_FACTOR_DATA_COVERAGE_AUDIT.csv,PRICE_REFERENCE,325,325,1.000000,FALSE,FALSE,FALSE,0,SUMMARY_OR_SNAPSHOT_NOT_USABLE_HISTORY,SUMMARY_NOT_HISTORY
D:\us-tech-quant\outputs\v18\price_factors\V18_21A_R1_CURRENT_TOP_LIST_SORTING_AUDIT.csv,PRICE_REFERENCE,33,33,0.101538,FALSE,FALSE,FALSE,0,SUMMARY_OR_SNAPSHOT_NOT_USABLE_HISTORY,SUMMARY_NOT_HISTORY
D:\us-tech-quant\outputs\v18\price_factors\V18_21A_R2_CURRENT_PRICE_DERIVED_FACTOR_SCORES.csv,PRICE_REFERENCE,325,325,1.000000,FALSE,FALSE,FALSE,0,SUMMARY_OR_SNAPSHOT_NOT_USABLE_HISTORY,SUMMARY_NOT_HISTORY
D:\us-tech-quant\outputs\v18\price_factors\V18_21A_R2_CURRENT_PRICE_HISTORY_SOURCE_DISCOVERY_AUDIT.csv,PRICE_REFERENCE,0,0,0.000000,FALSE,FALSE,FALSE,0,NO_CURRENT_UNIVERSE_TICKER_OVERLAP,IRRELEVANT_NO_UNIVERSE_OVERLAP
D:\us-tech-quant\outputs\v18\price_factors\V18_21A_R2_CURRENT_TICKER_FACTOR_SCOPE_CLASSIFICATION.csv,PRICE_REFERENCE,325,325,1.000000,FALSE,TRUE,FALSE,0,SUMMARY_OR_SNAPSHOT_NOT_USABLE_HISTORY,SUMMARY_NOT_HISTORY
D:\us-tech-quant\outputs\v18\price_factors\V18_21A_R2_CURRENT_TOP_LIST_SCOPE_AUDIT.csv,PRICE_REFERENCE,20,20,0.061538,FALSE,FALSE,FALSE,0,SUMMARY_OR_SNAPSHOT_NOT_USABLE_HISTORY,SUMMARY_NOT_HISTORY
D:\us-tech-quant\outputs\v18\technical_timing_forward\V18_6C_R1_CURRENT_STALE_PRICE_AUDIT.csv,PRICE_REFERENCE,0,0,0.000000,FALSE,FALSE,FALSE,0,NO_CURRENT_UNIVERSE_TICKER_OVERLAP,IRRELEVANT_NO_UNIVERSE_OVERLAP
D:\us-tech-quant\outputs\v18\universe\V18_16D_CURRENT_PRIORITY_LIGHT_SCAN_RESULT.csv,UNIVERSE_PRICE_REFERENCE,65,65,0.200000,FALSE,TRUE,FALSE,0,SUMMARY_OR_SNAPSHOT_NOT_USABLE_HISTORY,SUMMARY_NOT_HISTORY
D:\us-tech-quant\outputs\v18\universe\V18_CURRENT_PRIORITY_LIGHT_SCAN_RESULT.csv,UNIVERSE_PRICE_REFERENCE,65,65,0.200000,FALSE,TRUE,FALSE,0,SUMMARY_OR_SNAPSHOT_NOT_USABLE_HISTORY,SUMMARY_NOT_HISTORY
D:\us-tech-quant\outputs\v18\universe\V18_CURRENT_UNIVERSE_ROLLING_STATE.csv,UNIVERSE_PRICE_REFERENCE,325,325,1.000000,FALSE,TRUE,FALSE,0,SUMMARY_OR_SNAPSHOT_NOT_USABLE_HISTORY,SUMMARY_NOT_HISTORY
D:\us-tech-quant\state\v18\price_cache\AAPL.csv,STATE_V18_PRICE_CACHE,1,1,0.003077,TRUE,FALSE,TRUE,1,,RELEVANT_SELECTED
D:\us-tech-quant\state\v18\price_cache\ACLS.csv,STATE_V18_PRICE_CACHE,1,1,0.003077,TRUE,FALSE,TRUE,1,,RELEVANT_SELECTED
D:\us-tech-quant\state\v18\price_cache\ACM.csv,STATE_V18_PRICE_CACHE,1,1,0.003077,TRUE,FALSE,TRUE,1,,RELEVANT_SELECTED
D:\us-tech-quant\state\v18\price_cache\ACMR.csv,STATE_V18_PRICE_CACHE,1,1,0.003077,TRUE,FALSE,TRUE,1,,RELEVANT_SELECTED
D:\us-tech-quant\state\v18\price_cache\AEHR.csv,STATE_V18_PRICE_CACHE,1,1,0.003077,TRUE,FALSE,TRUE,1,,RELEVANT_SELECTED
D:\us-tech-quant\state\v18\price_cache\ALAB.csv,STATE_V18_PRICE_CACHE,1,1,0.003077,TRUE,FALSE,TRUE,1,,RELEVANT_SELECTED
D:\us-tech-quant\state\v18\price_cache\AMAT.csv,STATE_V18_PRICE_CACHE,1,1,0.003077,TRUE,FALSE,TRUE,1,,RELEVANT_SELECTED
D:\us-tech-quant\state\v18\price_cache\AMD.csv,STATE_V18_PRICE_CACHE,1,1,0.003077,TRUE,FALSE,TRUE,1,,RELEVANT_SELECTED
D:\us-tech-quant\state\v18\price_cache\AMKR.csv,STATE_V18_PRICE_CACHE,1,1,0.003077,TRUE,FALSE,TRUE,1,,RELEVANT_SELECTED
D:\us-tech-quant\state\v18\price_cache\AMZN.csv,STATE_V18_PRICE_CACHE,1,1,0.003077,TRUE,FALSE,TRUE,1,,RELEVANT_SELECTED
D:\us-tech-quant\state\v18\price_cache\ANET.csv,STATE_V18_PRICE_CACHE,1,1,0.003077,TRUE,FALSE,TRUE,1,,RELEVANT_SELECTED
D:\us-tech-quant\state\v18\price_cache\APH.csv,STATE_V18_PRICE_CACHE,1,1,0.003077,TRUE,FALSE,TRUE,1,,RELEVANT_SELECTED
D:\us-tech-quant\state\v18\price_cache\ARM.csv,STATE_V18_PRICE_CACHE,1,1,0.003077,TRUE,FALSE,TRUE,1,,RELEVANT_SELECTED
D:\us-tech-quant\state\v18\price_cache\ASML.csv,STATE_V18_PRICE_CACHE,1,1,0.003077,TRUE,FALSE,TRUE,1,,RELEVANT_SELECTED
D:\us-tech-quant\state\v18\price_cache\AVGO.csv,STATE_V18_PRICE_CACHE,1,1,0.003077,TRUE,FALSE,TRUE,1,,RELEVANT_SELECTED
D:\us-tech-quant\state\v18\price_cache\BE.csv,STATE_V18_PRICE_CACHE,1,1,0.003077,TRUE,FALSE,TRUE,1,,RELEVANT_SELECTED
D:\us-tech-quant\state\v18\price_cache\BTDR.csv,STATE_V18_PRICE_CACHE,1,1,0.003077,TRUE,FALSE,TRUE,1,,RELEVANT_SELECTED
D:\us-tech-quant\state\v18\price_cache\CAMT.csv,STATE_V18_PRICE_CACHE,1,1,0.003077,TRUE,FALSE,TRUE,1,,RELEVANT_SELECTED
D:\us-tech-quant\state\v18\price_cache\CARR.csv,STATE_V18_PRICE_CACHE,1,1,0.003077,TRUE,FALSE,TRUE,1,,RELEVANT_SELECTED
D:\us-tech-quant\state\v18\price_cache\CEG.csv,STATE_V18_PRICE_CACHE,1,1,0.003077,TRUE,FALSE,TRUE,1,,RELEVANT_SELECTED
D:\us-tech-quant\state\v18\price_cache\CIEN.csv,STATE_V18_PRICE_CACHE,1,1,0.003077,TRUE,FALSE,TRUE,1,,RELEVANT_SELECTED
D:\us-tech-quant\state\v18\price_cache\CIFR.csv,STATE_V18_PRICE_CACHE,1,1,0.003077,TRUE,FALSE,TRUE,1,,RELEVANT_SELECTED
D:\us-tech-quant\state\v18\price_cache\CLS.csv,STATE_V18_PRICE_CACHE,1,1,0.003077,TRUE,FALSE,TRUE,1,,RELEVANT_SELECTED
D:\us-tech-quant\state\v18\price_cache\COHR.csv,STATE_V18_PRICE_CACHE,1,1,0.003077,TRUE,FALSE,TRUE,1,,RELEVANT_SELECTED
D:\us-tech-quant\state\v18\price_cache\COHU.csv,STATE_V18_PRICE_CACHE,1,1,0.003077,TRUE,FALSE,TRUE,1,,RELEVANT_SELECTED
D:\us-tech-quant\state\v18\price_cache\CORZ.csv,STATE_V18_PRICE_CACHE,1,1,0.003077,TRUE,FALSE,TRUE,1,,RELEVANT_SELECTED
D:\us-tech-quant\state\v18\price_cache\CRDO.csv,STATE_V18_PRICE_CACHE,1,1,0.003077,TRUE,FALSE,TRUE,1,,RELEVANT_SELECTED
D:\us-tech-quant\state\v18\price_cache\CRM.csv,STATE_V18_PRICE_CACHE,1,1,0.003077,TRUE,FALSE,TRUE,1,,RELEVANT_SELECTED
D:\us-tech-quant\state\v18\price_cache\CRWD.csv,STATE_V18_PRICE_CACHE,1,1,0.003077,TRUE,FALSE,TRUE,1,,RELEVANT_SELECTED
D:\us-tech-quant\state\v18\price_cache\CRWV.csv,STATE_V18_PRICE_CACHE,1,1,0.003077,TRUE,FALSE,TRUE,1,,RELEVANT_SELECTED
D:\us-tech-quant\state\v18\price_cache\CSCO.csv,STATE_V18_PRICE_CACHE,1,1,0.003077,TRUE,FALSE,TRUE,1,,RELEVANT_SELECTED
D:\us-tech-quant\state\v18\price_cache\D.csv,STATE_V18_PRICE_CACHE,1,1,0.003077,TRUE,FALSE,TRUE,1,,RELEVANT_SELECTED
D:\us-tech-quant\state\v18\price_cache\DDOG.csv,STATE_V18_PRICE_CACHE,1,1,0.003077,TRUE,FALSE,TRUE,1,,RELEVANT_SELECTED
D:\us-tech-quant\state\v18\price_cache\DELL.csv,STATE_V18_PRICE_CACHE,1,1,0.003077,TRUE,FALSE,TRUE,1,,RELEVANT_SELECTED
D:\us-tech-quant\state\v18\price_cache\ECL.csv,STATE_V18_PRICE_CACHE,1,1,0.003077,TRUE,FALSE,TRUE,1,,RELEVANT_SELECTED
D:\us-tech-quant\state\v18\price_cache\ENTG.csv,STATE_V18_PRICE_CACHE,1,1,0.003077,TRUE,FALSE,TRUE,1,,RELEVANT_SELECTED
D:\us-tech-quant\state\v18\price_cache\ETN.csv,STATE_V18_PRICE_CACHE,1,1,0.003077,TRUE,FALSE,TRUE,1,,RELEVANT_SELECTED
D:\us-tech-quant\state\v18\price_cache\ETR.csv,STATE_V18_PRICE_CACHE,1,1,0.003077,TRUE,FALSE,TRUE,1,,RELEVANT_SELECTED
D:\us-tech-quant\state\v18\price_cache\FIX.csv,STATE_V18_PRICE_CACHE,1,1,0.003077,TRUE,FALSE,TRUE,1,,RELEVANT_SELECTED
D:\us-tech-quant\state\v18\price_cache\FLEX.csv,STATE_V18_PRICE_CACHE,1,1,0.003077,TRUE,FALSE,TRUE,1,,RELEVANT_SELECTED
D:\us-tech-quant\state\v18\price_cache\FLR.csv,STATE_V18_PRICE_CACHE,1,1,0.003077,TRUE,FALSE,TRUE,1,,RELEVANT_SELECTED
D:\us-tech-quant\state\v18\price_cache\FN.csv,STATE_V18_PRICE_CACHE,1,1,0.003077,TRUE,FALSE,TRUE,1,,RELEVANT_SELECTED
D:\us-tech-quant\state\v18\price_cache\FORM.csv,STATE_V18_PRICE_CACHE,1,1,0.003077,TRUE,FALSE,TRUE,1,,RELEVANT_SELECTED
D:\us-tech-quant\state\v18\price_cache\GEV.csv,STATE_V18_PRICE_CACHE,1,1,0.003077,TRUE,FALSE,TRUE,1,,RELEVANT_SELECTED
D:\us-tech-quant\state\v18\price_cache\GLW.csv,STATE_V18_PRICE_CACHE,1,1,0.003077,TRUE,FALSE,TRUE,1,,RELEVANT_SELECTED
D:\us-tech-quant\state\v18\price_cache\GNRC.csv,STATE_V18_PRICE_CACHE,1,1,0.003077,TRUE,FALSE,TRUE,1,,RELEVANT_SELECTED
D:\us-tech-quant\state\v18\price_cache\GOOGL.csv,STATE_V18_PRICE_CACHE,1,1,0.003077,TRUE,FALSE,TRUE,1,,RELEVANT_SELECTED
D:\us-tech-quant\state\v18\price_cache\HPE.csv,STATE_V18_PRICE_CACHE,1,1,0.003077,TRUE,FALSE,TRUE,1,,RELEVANT_SELECTED
D:\us-tech-quant\state\v18\price_cache\HUBB.csv,STATE_V18_PRICE_CACHE,1,1,0.003077,TRUE,FALSE,TRUE,1,,RELEVANT_SELECTED
D:\us-tech-quant\state\v18\price_cache\ICHR.csv,STATE_V18_PRICE_CACHE,1,1,0.003077,TRUE,FALSE,TRUE,1,,RELEVANT_SELECTED
D:\us-tech-quant\state\v18\price_cache\IGV.csv,STATE_V18_PRICE_CACHE,1,1,0.003077,TRUE,FALSE,TRUE,1,,RELEVANT_SELECTED
D:\us-tech-quant\state\v18\price_cache\INTC.csv,STATE_V18_PRICE_CACHE,1,1,0.003077,TRUE,FALSE,TRUE,1,,RELEVANT_SELECTED
D:\us-tech-quant\state\v18\price_cache\IRDM.csv,STATE_V18_PRICE_CACHE,1,1,0.003077,TRUE,FALSE,TRUE,1,,RELEVANT_SELECTED
D:\us-tech-quant\state\v18\price_cache\IREN.csv,STATE_V18_PRICE_CACHE,1,1,0.003077,TRUE,FALSE,TRUE,1,,RELEVANT_SELECTED
D:\us-tech-quant\state\v18\price_cache\IYW.csv,STATE_V18_PRICE_CACHE,1,1,0.003077,TRUE,FALSE,TRUE,1,,RELEVANT_SELECTED
D:\us-tech-quant\state\v18\price_cache\JBL.csv,STATE_V18_PRICE_CACHE,1,1,0.003077,TRUE,FALSE,TRUE,1,,RELEVANT_SELECTED
D:\us-tech-quant\state\v18\price_cache\KEYS.csv,STATE_V18_PRICE_CACHE,1,1,0.003077,TRUE,FALSE,TRUE,1,,RELEVANT_SELECTED
D:\us-tech-quant\state\v18\price_cache\KLAC.csv,STATE_V18_PRICE_CACHE,1,1,0.003077,TRUE,FALSE,TRUE,1,,RELEVANT_SELECTED
D:\us-tech-quant\state\v18\price_cache\KLIC.csv,STATE_V18_PRICE_CACHE,1,1,0.003077,TRUE,FALSE,TRUE,1,,RELEVANT_SELECTED
D:\us-tech-quant\state\v18\price_cache\LITE.csv,STATE_V18_PRICE_CACHE,1,1,0.003077,TRUE,FALSE,TRUE,1,,RELEVANT_SELECTED
D:\us-tech-quant\state\v18\price_cache\LRCX.csv,STATE_V18_PRICE_CACHE,1,1,0.003077,TRUE,FALSE,TRUE,1,,RELEVANT_SELECTED
D:\us-tech-quant\state\v18\price_cache\MCHP.csv,STATE_V18_PRICE_CACHE,1,1,0.003077,TRUE,FALSE,TRUE,1,,RELEVANT_SELECTED
D:\us-tech-quant\state\v18\price_cache\MDB.csv,STATE_V18_PRICE_CACHE,1,1,0.003077,TRUE,FALSE,TRUE,1,,RELEVANT_SELECTED
D:\us-tech-quant\state\v18\price_cache\META.csv,STATE_V18_PRICE_CACHE,1,1,0.003077,TRUE,FALSE,TRUE,1,,RELEVANT_SELECTED
D:\us-tech-quant\state\v18\price_cache\MKSI.csv,STATE_V18_PRICE_CACHE,1,1,0.003077,TRUE,FALSE,TRUE,1,,RELEVANT_SELECTED
D:\us-tech-quant\state\v18\price_cache\MOD.csv,STATE_V18_PRICE_CACHE,1,1,0.003077,TRUE,FALSE,TRUE,1,,RELEVANT_SELECTED
D:\us-tech-quant\state\v18\price_cache\MPWR.csv,STATE_V18_PRICE_CACHE,1,1,0.003077,TRUE,FALSE,TRUE,1,,RELEVANT_SELECTED
D:\us-tech-quant\state\v18\price_cache\MRVL.csv,STATE_V18_PRICE_CACHE,1,1,0.003077,TRUE,FALSE,TRUE,1,,RELEVANT_SELECTED
D:\us-tech-quant\state\v18\price_cache\MSFT.csv,STATE_V18_PRICE_CACHE,1,1,0.003077,TRUE,FALSE,TRUE,1,,RELEVANT_SELECTED
D:\us-tech-quant\state\v18\price_cache\MU.csv,STATE_V18_PRICE_CACHE,1,1,0.003077,TRUE,FALSE,TRUE,1,,RELEVANT_SELECTED
D:\us-tech-quant\state\v18\price_cache\NET.csv,STATE_V18_PRICE_CACHE,1,1,0.003077,TRUE,FALSE,TRUE,1,,RELEVANT_SELECTED
D:\us-tech-quant\state\v18\price_cache\NOW.csv,STATE_V18_PRICE_CACHE,1,1,0.003077,TRUE,FALSE,TRUE,1,,RELEVANT_SELECTED
D:\us-tech-quant\state\v18\price_cache\NTAP.csv,STATE_V18_PRICE_CACHE,1,1,0.003077,TRUE,FALSE,TRUE,1,,RELEVANT_SELECTED
D:\us-tech-quant\state\v18\price_cache\NVDA.csv,STATE_V18_PRICE_CACHE,1,1,0.003077,TRUE,FALSE,TRUE,1,,RELEVANT_SELECTED
D:\us-tech-quant\state\v18\price_cache\NVT.csv,STATE_V18_PRICE_CACHE,1,1,0.003077,TRUE,FALSE,TRUE,1,,RELEVANT_SELECTED
D:\us-tech-quant\state\v18\price_cache\NXPI.csv,STATE_V18_PRICE_CACHE,1,1,0.003077,TRUE,FALSE,TRUE,1,,RELEVANT_SELECTED
D:\us-tech-quant\state\v18\price_cache\ON.csv,STATE_V18_PRICE_CACHE,1,1,0.003077,TRUE,FALSE,TRUE,1,,RELEVANT_SELECTED
D:\us-tech-quant\state\v18\price_cache\ORCL.csv,STATE_V18_PRICE_CACHE,1,1,0.003077,TRUE,FALSE,TRUE,1,,RELEVANT_SELECTED
D:\us-tech-quant\state\v18\price_cache\PANW.csv,STATE_V18_PRICE_CACHE,1,1,0.003077,TRUE,FALSE,TRUE,1,,RELEVANT_SELECTED
D:\us-tech-quant\state\v18\price_cache\PLTR.csv,STATE_V18_PRICE_CACHE,1,1,0.003077,TRUE,FALSE,TRUE,1,,RELEVANT_SELECTED
D:\us-tech-quant\state\v18\price_cache\POWL.csv,STATE_V18_PRICE_CACHE,1,1,0.003077,TRUE,FALSE,TRUE,1,,RELEVANT_SELECTED
D:\us-tech-quant\state\v18\price_cache\PSTG.csv,STATE_V18_PRICE_CACHE,1,1,0.003077,TRUE,FALSE,TRUE,1,,RELEVANT_SELECTED
D:\us-tech-quant\state\v18\price_cache\PWR.csv,STATE_V18_PRICE_CACHE,1,1,0.003077,TRUE,FALSE,TRUE,1,,RELEVANT_SELECTED
D:\us-tech-quant\state\v18\price_cache\QCOM.csv,STATE_V18_PRICE_CACHE,1,1,0.003077,TRUE,FALSE,TRUE,1,,RELEVANT_SELECTED
D:\us-tech-quant\state\v18\price_cache\QQQ.csv,STATE_V18_PRICE_CACHE,1,1,0.003077,TRUE,FALSE,TRUE,1,,RELEVANT_SELECTED
D:\us-tech-quant\state\v18\price_cache\SANM.csv,STATE_V18_PRICE_CACHE,1,1,0.003077,TRUE,FALSE,TRUE,1,,RELEVANT_SELECTED
D:\us-tech-quant\state\v18\price_cache\SMCI.csv,STATE_V18_PRICE_CACHE,1,1,0.003077,TRUE,FALSE,TRUE,1,,RELEVANT_SELECTED
D:\us-tech-quant\state\v18\price_cache\SMH.csv,STATE_V18_PRICE_CACHE,1,1,0.003077,TRUE,FALSE,TRUE,1,,RELEVANT_SELECTED
D:\us-tech-quant\state\v18\price_cache\SNDK.csv,STATE_V18_PRICE_CACHE,1,1,0.003077,TRUE,FALSE,TRUE,1,,RELEVANT_SELECTED
D:\us-tech-quant\state\v18\price_cache\SNOW.csv,STATE_V18_PRICE_CACHE,1,1,0.003077,TRUE,FALSE,TRUE,1,,RELEVANT_SELECTED
D:\us-tech-quant\state\v18\price_cache\SOXL.csv,STATE_V18_PRICE_CACHE,1,1,0.003077,TRUE,FALSE,TRUE,1,,RELEVANT_SELECTED
D:\us-tech-quant\state\v18\price_cache\SOXX.csv,STATE_V18_PRICE_CACHE,1,1,0.003077,TRUE,FALSE,TRUE,1,,RELEVANT_SELECTED
D:\us-tech-quant\state\v18\price_cache\SPY.csv,STATE_V18_PRICE_CACHE,1,1,0.003077,TRUE,FALSE,TRUE,1,,RELEVANT_SELECTED
D:\us-tech-quant\state\v18\price_cache\STX.csv,STATE_V18_PRICE_CACHE,1,1,0.003077,TRUE,FALSE,TRUE,1,,RELEVANT_SELECTED
D:\us-tech-quant\state\v18\price_cache\TER.csv,STATE_V18_PRICE_CACHE,1,1,0.003077,TRUE,FALSE,TRUE,1,,RELEVANT_SELECTED
D:\us-tech-quant\state\v18\price_cache\TQQQ.csv,STATE_V18_PRICE_CACHE,1,1,0.003077,FALSE,TRUE,TRUE,1,,RELEVANT_SELECTED
D:\us-tech-quant\state\v18\price_cache\TSLA.csv,STATE_V18_PRICE_CACHE,1,1,0.003077,TRUE,FALSE,TRUE,1,,RELEVANT_SELECTED
D:\us-tech-quant\state\v18\price_cache\TSM.csv,STATE_V18_PRICE_CACHE,1,1,0.003077,TRUE,FALSE,TRUE,1,,RELEVANT_SELECTED
D:\us-tech-quant\state\v18\price_cache\TXN.csv,STATE_V18_PRICE_CACHE,1,1,0.003077,TRUE,FALSE,TRUE,1,,RELEVANT_SELECTED
D:\us-tech-quant\state\v18\price_cache\VRT.csv,STATE_V18_PRICE_CACHE,1,1,0.003077,TRUE,FALSE,TRUE,1,,RELEVANT_SELECTED
D:\us-tech-quant\state\v18\price_cache\VST.csv,STATE_V18_PRICE_CACHE,1,1,0.003077,TRUE,FALSE,TRUE,1,,RELEVANT_SELECTED
D:\us-tech-quant\state\v18\price_cache\WDC.csv,STATE_V18_PRICE_CACHE,1,1,0.003077,TRUE,FALSE,TRUE,1,,RELEVANT_SELECTED
D:\us-tech-quant\state\v18\price_cache\ZS.csv,STATE_V18_PRICE_CACHE,1,1,0.003077,TRUE,FALSE,TRUE,1,,RELEVANT_SELECTED
D:\us-tech-quant\state\v18\universe\V18_UNIVERSE_ROLLING_STATE.csv,UNIVERSE_PRICE_REFERENCE,325,325,1.000000,FALSE,TRUE,FALSE,0,SUMMARY_OR_SNAPSHOT_NOT_USABLE_HISTORY,SUMMARY_NOT_HISTORY
D:\us-tech-quant\data\prices\AAPL.csv,DATA_PRICES_OHLCV,1,1,0.003077,FALSE,FALSE,FALSE,0,SUMMARY_OR_SNAPSHOT_NOT_USABLE_HISTORY,SUMMARY_NOT_HISTORY
D:\us-tech-quant\data\prices\ACLS.csv,DATA_PRICES_OHLCV,1,1,0.003077,FALSE,FALSE,FALSE,0,SUMMARY_OR_SNAPSHOT_NOT_USABLE_HISTORY,SUMMARY_NOT_HISTORY
D:\us-tech-quant\data\prices\ACM.csv,DATA_PRICES_OHLCV,1,1,0.003077,FALSE,FALSE,FALSE,0,SUMMARY_OR_SNAPSHOT_NOT_USABLE_HISTORY,SUMMARY_NOT_HISTORY
D:\us-tech-quant\data\prices\ACMR.csv,DATA_PRICES_OHLCV,1,1,0.003077,FALSE,FALSE,FALSE,0,SUMMARY_OR_SNAPSHOT_NOT_USABLE_HISTORY,SUMMARY_NOT_HISTORY
D:\us-tech-quant\data\prices\AEHR.csv,DATA_PRICES_OHLCV,1,1,0.003077,FALSE,FALSE,FALSE,0,SUMMARY_OR_SNAPSHOT_NOT_USABLE_HISTORY,SUMMARY_NOT_HISTORY
D:\us-tech-quant\data\prices\ALAB.csv,DATA_PRICES_OHLCV,1,1,0.003077,FALSE,FALSE,FALSE,0,SUMMARY_OR_SNAPSHOT_NOT_USABLE_HISTORY,SUMMARY_NOT_HISTORY
D:\us-tech-quant\data\prices\AMAT.csv,DATA_PRICES_OHLCV,1,1,0.003077,FALSE,FALSE,FALSE,0,SUMMARY_OR_SNAPSHOT_NOT_USABLE_HISTORY,SUMMARY_NOT_HISTORY
D:\us-tech-quant\data\prices\AMD.csv,DATA_PRICES_OHLCV,1,1,0.003077,FALSE,FALSE,FALSE,0,SUMMARY_OR_SNAPSHOT_NOT_USABLE_HISTORY,SUMMARY_NOT_HISTORY
D:\us-tech-quant\data\prices\AMKR.csv,DATA_PRICES_OHLCV,1,1,0.003077,FALSE,FALSE,FALSE,0,SUMMARY_OR_SNAPSHOT_NOT_USABLE_HISTORY,SUMMARY_NOT_HISTORY
D:\us-tech-quant\data\prices\AMZN.csv,DATA_PRICES_OHLCV,1,1,0.003077,FALSE,FALSE,FALSE,0,SUMMARY_OR_SNAPSHOT_NOT_USABLE_HISTORY,SUMMARY_NOT_HISTORY
D:\us-tech-quant\data\prices\ANET.csv,DATA_PRICES_OHLCV,1,1,0.003077,FALSE,FALSE,FALSE,0,SUMMARY_OR_SNAPSHOT_NOT_USABLE_HISTORY,SUMMARY_NOT_HISTORY
D:\us-tech-quant\data\prices\APH.csv,DATA_PRICES_OHLCV,1,1,0.003077,FALSE,FALSE,FALSE,0,SUMMARY_OR_SNAPSHOT_NOT_USABLE_HISTORY,SUMMARY_NOT_HISTORY
D:\us-tech-quant\data\prices\ARM.csv,DATA_PRICES_OHLCV,1,1,0.003077,FALSE,FALSE,FALSE,0,SUMMARY_OR_SNAPSHOT_NOT_USABLE_HISTORY,SUMMARY_NOT_HISTORY
D:\us-tech-quant\data\prices\ASML.csv,DATA_PRICES_OHLCV,1,1,0.003077,FALSE,FALSE,FALSE,0,SUMMARY_OR_SNAPSHOT_NOT_USABLE_HISTORY,SUMMARY_NOT_HISTORY
D:\us-tech-quant\data\prices\AVGO.csv,DATA_PRICES_OHLCV,1,1,0.003077,FALSE,FALSE,FALSE,0,SUMMARY_OR_SNAPSHOT_NOT_USABLE_HISTORY,SUMMARY_NOT_HISTORY
D:\us-tech-quant\data\prices\BE.csv,DATA_PRICES_OHLCV,1,1,0.003077,FALSE,FALSE,FALSE,0,SUMMARY_OR_SNAPSHOT_NOT_USABLE_HISTORY,SUMMARY_NOT_HISTORY
D:\us-tech-quant\data\prices\BTDR.csv,DATA_PRICES_OHLCV,1,1,0.003077,FALSE,FALSE,FALSE,0,SUMMARY_OR_SNAPSHOT_NOT_USABLE_HISTORY,SUMMARY_NOT_HISTORY
D:\us-tech-quant\data\prices\CAMT.csv,DATA_PRICES_OHLCV,1,1,0.003077,FALSE,FALSE,FALSE,0,SUMMARY_OR_SNAPSHOT_NOT_USABLE_HISTORY,SUMMARY_NOT_HISTORY
D:\us-tech-quant\data\prices\CARR.csv,DATA_PRICES_OHLCV,1,1,0.003077,FALSE,FALSE,FALSE,0,SUMMARY_OR_SNAPSHOT_NOT_USABLE_HISTORY,SUMMARY_NOT_HISTORY
D:\us-tech-quant\data\prices\CEG.csv,DATA_PRICES_OHLCV,1,1,0.003077,FALSE,FALSE,FALSE,0,SUMMARY_OR_SNAPSHOT_NOT_USABLE_HISTORY,SUMMARY_NOT_HISTORY
D:\us-tech-quant\data\prices\CIEN.csv,DATA_PRICES_OHLCV,1,1,0.003077,FALSE,FALSE,FALSE,0,SUMMARY_OR_SNAPSHOT_NOT_USABLE_HISTORY,SUMMARY_NOT_HISTORY
D:\us-tech-quant\data\prices\CIFR.csv,DATA_PRICES_OHLCV,1,1,0.003077,FALSE,FALSE,FALSE,0,SUMMARY_OR_SNAPSHOT_NOT_USABLE_HISTORY,SUMMARY_NOT_HISTORY
D:\us-tech-quant\data\prices\CLS.csv,DATA_PRICES_OHLCV,1,1,0.003077,FALSE,FALSE,FALSE,0,SUMMARY_OR_SNAPSHOT_NOT_USABLE_HISTORY,SUMMARY_NOT_HISTORY
D:\us-tech-quant\data\prices\COHR.csv,DATA_PRICES_OHLCV,1,1,0.003077,FALSE,FALSE,FALSE,0,SUMMARY_OR_SNAPSHOT_NOT_USABLE_HISTORY,SUMMARY_NOT_HISTORY
D:\us-tech-quant\data\prices\COHU.csv,DATA_PRICES_OHLCV,1,1,0.003077,FALSE,FALSE,FALSE,0,SUMMARY_OR_SNAPSHOT_NOT_USABLE_HISTORY,SUMMARY_NOT_HISTORY
D:\us-tech-quant\data\prices\CORZ.csv,DATA_PRICES_OHLCV,1,1,0.003077,FALSE,FALSE,FALSE,0,SUMMARY_OR_SNAPSHOT_NOT_USABLE_HISTORY,SUMMARY_NOT_HISTORY
D:\us-tech-quant\data\prices\CRDO.csv,DATA_PRICES_OHLCV,1,1,0.003077,FALSE,FALSE,FALSE,0,SUMMARY_OR_SNAPSHOT_NOT_USABLE_HISTORY,SUMMARY_NOT_HISTORY
D:\us-tech-quant\data\prices\CRM.csv,DATA_PRICES_OHLCV,1,1,0.003077,FALSE,FALSE,FALSE,0,SUMMARY_OR_SNAPSHOT_NOT_USABLE_HISTORY,SUMMARY_NOT_HISTORY
D:\us-tech-quant\data\prices\CRWD.csv,DATA_PRICES_OHLCV,1,1,0.003077,FALSE,FALSE,FALSE,0,SUMMARY_OR_SNAPSHOT_NOT_USABLE_HISTORY,SUMMARY_NOT_HISTORY
D:\us-tech-quant\data\prices\CRWV.csv,DATA_PRICES_OHLCV,1,1,0.003077,FALSE,FALSE,FALSE,0,SUMMARY_OR_SNAPSHOT_NOT_USABLE_HISTORY,SUMMARY_NOT_HISTORY
D:\us-tech-quant\data\prices\CSCO.csv,DATA_PRICES_OHLCV,1,1,0.003077,FALSE,FALSE,FALSE,0,SUMMARY_OR_SNAPSHOT_NOT_USABLE_HISTORY,SUMMARY_NOT_HISTORY
D:\us-tech-quant\data\prices\D.csv,DATA_PRICES_OHLCV,1,1,0.003077,FALSE,FALSE,FALSE,0,SUMMARY_OR_SNAPSHOT_NOT_USABLE_HISTORY,SUMMARY_NOT_HISTORY
D:\us-tech-quant\data\prices\DDOG.csv,DATA_PRICES_OHLCV,1,1,0.003077,FALSE,FALSE,FALSE,0,SUMMARY_OR_SNAPSHOT_NOT_USABLE_HISTORY,SUMMARY_NOT_HISTORY
D:\us-tech-quant\data\prices\DELL.csv,DATA_PRICES_OHLCV,1,1,0.003077,FALSE,FALSE,FALSE,0,SUMMARY_OR_SNAPSHOT_NOT_USABLE_HISTORY,SUMMARY_NOT_HISTORY
D:\us-tech-quant\data\prices\ECL.csv,DATA_PRICES_OHLCV,1,1,0.003077,FALSE,FALSE,FALSE,0,SUMMARY_OR_SNAPSHOT_NOT_USABLE_HISTORY,SUMMARY_NOT_HISTORY
D:\us-tech-quant\data\prices\ENTG.csv,DATA_PRICES_OHLCV,1,1,0.003077,FALSE,FALSE,FALSE,0,SUMMARY_OR_SNAPSHOT_NOT_USABLE_HISTORY,SUMMARY_NOT_HISTORY
D:\us-tech-quant\data\prices\ETN.csv,DATA_PRICES_OHLCV,1,1,0.003077,FALSE,FALSE,FALSE,0,SUMMARY_OR_SNAPSHOT_NOT_USABLE_HISTORY,SUMMARY_NOT_HISTORY
D:\us-tech-quant\data\prices\ETR.csv,DATA_PRICES_OHLCV,1,1,0.003077,FALSE,FALSE,FALSE,0,SUMMARY_OR_SNAPSHOT_NOT_USABLE_HISTORY,SUMMARY_NOT_HISTORY
D:\us-tech-quant\data\prices\FIX.csv,DATA_PRICES_OHLCV,1,1,0.003077,FALSE,FALSE,FALSE,0,SUMMARY_OR_SNAPSHOT_NOT_USABLE_HISTORY,SUMMARY_NOT_HISTORY
D:\us-tech-quant\data\prices\FLEX.csv,DATA_PRICES_OHLCV,1,1,0.003077,FALSE,FALSE,FALSE,0,SUMMARY_OR_SNAPSHOT_NOT_USABLE_HISTORY,SUMMARY_NOT_HISTORY
D:\us-tech-quant\data\prices\FLR.csv,DATA_PRICES_OHLCV,1,1,0.003077,FALSE,FALSE,FALSE,0,SUMMARY_OR_SNAPSHOT_NOT_USABLE_HISTORY,SUMMARY_NOT_HISTORY
D:\us-tech-quant\data\prices\FN.csv,DATA_PRICES_OHLCV,1,1,0.003077,FALSE,FALSE,FALSE,0,SUMMARY_OR_SNAPSHOT_NOT_USABLE_HISTORY,SUMMARY_NOT_HISTORY
D:\us-tech-quant\data\prices\FORM.csv,DATA_PRICES_OHLCV,1,1,0.003077,FALSE,FALSE,FALSE,0,SUMMARY_OR_SNAPSHOT_NOT_USABLE_HISTORY,SUMMARY_NOT_HISTORY
D:\us-tech-quant\data\prices\GEV.csv,DATA_PRICES_OHLCV,1,1,0.003077,FALSE,FALSE,FALSE,0,SUMMARY_OR_SNAPSHOT_NOT_USABLE_HISTORY,SUMMARY_NOT_HISTORY
D:\us-tech-quant\data\prices\GLW.csv,DATA_PRICES_OHLCV,1,1,0.003077,FALSE,FALSE,FALSE,0,SUMMARY_OR_SNAPSHOT_NOT_USABLE_HISTORY,SUMMARY_NOT_HISTORY
D:\us-tech-quant\data\prices\GNRC.csv,DATA_PRICES_OHLCV,1,1,0.003077,FALSE,FALSE,FALSE,0,SUMMARY_OR_SNAPSHOT_NOT_USABLE_HISTORY,SUMMARY_NOT_HISTORY
D:\us-tech-quant\data\prices\GOOGL.csv,DATA_PRICES_OHLCV,1,1,0.003077,FALSE,FALSE,FALSE,0,SUMMARY_OR_SNAPSHOT_NOT_USABLE_HISTORY,SUMMARY_NOT_HISTORY
D:\us-tech-quant\data\prices\HPE.csv,DATA_PRICES_OHLCV,1,1,0.003077,FALSE,FALSE,FALSE,0,SUMMARY_OR_SNAPSHOT_NOT_USABLE_HISTORY,SUMMARY_NOT_HISTORY
D:\us-tech-quant\data\prices\HUBB.csv,DATA_PRICES_OHLCV,1,1,0.003077,FALSE,FALSE,FALSE,0,SUMMARY_OR_SNAPSHOT_NOT_USABLE_HISTORY,SUMMARY_NOT_HISTORY
D:\us-tech-quant\data\prices\ICHR.csv,DATA_PRICES_OHLCV,1,1,0.003077,FALSE,FALSE,FALSE,0,SUMMARY_OR_SNAPSHOT_NOT_USABLE_HISTORY,SUMMARY_NOT_HISTORY
D:\us-tech-quant\data\prices\IGV.csv,DATA_PRICES_OHLCV,1,1,0.003077,FALSE,FALSE,FALSE,0,SUMMARY_OR_SNAPSHOT_NOT_USABLE_HISTORY,SUMMARY_NOT_HISTORY
D:\us-tech-quant\data\prices\INTC.csv,DATA_PRICES_OHLCV,1,1,0.003077,FALSE,FALSE,FALSE,0,SUMMARY_OR_SNAPSHOT_NOT_USABLE_HISTORY,SUMMARY_NOT_HISTORY
D:\us-tech-quant\data\prices\IRDM.csv,DATA_PRICES_OHLCV,1,1,0.003077,FALSE,FALSE,FALSE,0,SUMMARY_OR_SNAPSHOT_NOT_USABLE_HISTORY,SUMMARY_NOT_HISTORY
D:\us-tech-quant\data\prices\IREN.csv,DATA_PRICES_OHLCV,1,1,0.003077,FALSE,FALSE,FALSE,0,SUMMARY_OR_SNAPSHOT_NOT_USABLE_HISTORY,SUMMARY_NOT_HISTORY
D:\us-tech-quant\data\prices\IYW.csv,DATA_PRICES_OHLCV,1,1,0.003077,FALSE,FALSE,FALSE,0,SUMMARY_OR_SNAPSHOT_NOT_USABLE_HISTORY,SUMMARY_NOT_HISTORY
D:\us-tech-quant\data\prices\JBL.csv,DATA_PRICES_OHLCV,1,1,0.003077,FALSE,FALSE,FALSE,0,SUMMARY_OR_SNAPSHOT_NOT_USABLE_HISTORY,SUMMARY_NOT_HISTORY
D:\us-tech-quant\data\prices\KEYS.csv,DATA_PRICES_OHLCV,1,1,0.003077,FALSE,FALSE,FALSE,0,SUMMARY_OR_SNAPSHOT_NOT_USABLE_HISTORY,SUMMARY_NOT_HISTORY
D:\us-tech-quant\data\prices\KLAC.csv,DATA_PRICES_OHLCV,1,1,0.003077,FALSE,FALSE,FALSE,0,SUMMARY_OR_SNAPSHOT_NOT_USABLE_HISTORY,SUMMARY_NOT_HISTORY
D:\us-tech-quant\data\prices\KLIC.csv,DATA_PRICES_OHLCV,1,1,0.003077,FALSE,FALSE,FALSE,0,SUMMARY_OR_SNAPSHOT_NOT_USABLE_HISTORY,SUMMARY_NOT_HISTORY
D:\us-tech-quant\data\prices\LITE.csv,DATA_PRICES_OHLCV,1,1,0.003077,FALSE,FALSE,FALSE,0,SUMMARY_OR_SNAPSHOT_NOT_USABLE_HISTORY,SUMMARY_NOT_HISTORY
D:\us-tech-quant\data\prices\LRCX.csv,DATA_PRICES_OHLCV,1,1,0.003077,FALSE,FALSE,FALSE,0,SUMMARY_OR_SNAPSHOT_NOT_USABLE_HISTORY,SUMMARY_NOT_HISTORY
D:\us-tech-quant\data\prices\MCHP.csv,DATA_PRICES_OHLCV,1,1,0.003077,FALSE,FALSE,FALSE,0,SUMMARY_OR_SNAPSHOT_NOT_USABLE_HISTORY,SUMMARY_NOT_HISTORY
D:\us-tech-quant\data\prices\MDB.csv,DATA_PRICES_OHLCV,1,1,0.003077,FALSE,FALSE,FALSE,0,SUMMARY_OR_SNAPSHOT_NOT_USABLE_HISTORY,SUMMARY_NOT_HISTORY
D:\us-tech-quant\data\prices\META.csv,DATA_PRICES_OHLCV,1,1,0.003077,FALSE,FALSE,FALSE,0,SUMMARY_OR_SNAPSHOT_NOT_USABLE_HISTORY,SUMMARY_NOT_HISTORY
D:\us-tech-quant\data\prices\MKSI.csv,DATA_PRICES_OHLCV,1,1,0.003077,FALSE,FALSE,FALSE,0,SUMMARY_OR_SNAPSHOT_NOT_USABLE_HISTORY,SUMMARY_NOT_HISTORY
D:\us-tech-quant\data\prices\MOD.csv,DATA_PRICES_OHLCV,1,1,0.003077,FALSE,FALSE,FALSE,0,SUMMARY_OR_SNAPSHOT_NOT_USABLE_HISTORY,SUMMARY_NOT_HISTORY
D:\us-tech-quant\data\prices\MPWR.csv,DATA_PRICES_OHLCV,1,1,0.003077,FALSE,FALSE,FALSE,0,SUMMARY_OR_SNAPSHOT_NOT_USABLE_HISTORY,SUMMARY_NOT_HISTORY
D:\us-tech-quant\data\prices\MRVL.csv,DATA_PRICES_OHLCV,1,1,0.003077,FALSE,FALSE,FALSE,0,SUMMARY_OR_SNAPSHOT_NOT_USABLE_HISTORY,SUMMARY_NOT_HISTORY
D:\us-tech-quant\data\prices\MSFT.csv,DATA_PRICES_OHLCV,1,1,0.003077,FALSE,FALSE,FALSE,0,SUMMARY_OR_SNAPSHOT_NOT_USABLE_HISTORY,SUMMARY_NOT_HISTORY
D:\us-tech-quant\data\prices\MU.csv,DATA_PRICES_OHLCV,1,1,0.003077,FALSE,FALSE,FALSE,0,SUMMARY_OR_SNAPSHOT_NOT_USABLE_HISTORY,SUMMARY_NOT_HISTORY
D:\us-tech-quant\data\prices\NET.csv,DATA_PRICES_OHLCV,1,1,0.003077,FALSE,FALSE,FALSE,0,SUMMARY_OR_SNAPSHOT_NOT_USABLE_HISTORY,SUMMARY_NOT_HISTORY
D:\us-tech-quant\data\prices\NOW.csv,DATA_PRICES_OHLCV,1,1,0.003077,FALSE,FALSE,FALSE,0,SUMMARY_OR_SNAPSHOT_NOT_USABLE_HISTORY,SUMMARY_NOT_HISTORY
D:\us-tech-quant\data\prices\NTAP.csv,DATA_PRICES_OHLCV,1,1,0.003077,FALSE,FALSE,FALSE,0,SUMMARY_OR_SNAPSHOT_NOT_USABLE_HISTORY,SUMMARY_NOT_HISTORY
D:\us-tech-quant\data\prices\NVDA.csv,DATA_PRICES_OHLCV,1,1,0.003077,FALSE,FALSE,FALSE,0,SUMMARY_OR_SNAPSHOT_NOT_USABLE_HISTORY,SUMMARY_NOT_HISTORY
D:\us-tech-quant\data\prices\NVT.csv,DATA_PRICES_OHLCV,1,1,0.003077,FALSE,FALSE,FALSE,0,SUMMARY_OR_SNAPSHOT_NOT_USABLE_HISTORY,SUMMARY_NOT_HISTORY
D:\us-tech-quant\data\prices\NXPI.csv,DATA_PRICES_OHLCV,1,1,0.003077,FALSE,FALSE,FALSE,0,SUMMARY_OR_SNAPSHOT_NOT_USABLE_HISTORY,SUMMARY_NOT_HISTORY
D:\us-tech-quant\data\prices\ON.csv,DATA_PRICES_OHLCV,1,1,0.003077,FALSE,FALSE,FALSE,0,SUMMARY_OR_SNAPSHOT_NOT_USABLE_HISTORY,SUMMARY_NOT_HISTORY
D:\us-tech-quant\data\prices\ORCL.csv,DATA_PRICES_OHLCV,1,1,0.003077,FALSE,FALSE,FALSE,0,SUMMARY_OR_SNAPSHOT_NOT_USABLE_HISTORY,SUMMARY_NOT_HISTORY
D:\us-tech-quant\data\prices\PANW.csv,DATA_PRICES_OHLCV,1,1,0.003077,FALSE,FALSE,FALSE,0,SUMMARY_OR_SNAPSHOT_NOT_USABLE_HISTORY,SUMMARY_NOT_HISTORY
D:\us-tech-quant\data\prices\PLTR.csv,DATA_PRICES_OHLCV,1,1,0.003077,FALSE,FALSE,FALSE,0,SUMMARY_OR_SNAPSHOT_NOT_USABLE_HISTORY,SUMMARY_NOT_HISTORY
D:\us-tech-quant\data\prices\POWL.csv,DATA_PRICES_OHLCV,1,1,0.003077,FALSE,FALSE,FALSE,0,SUMMARY_OR_SNAPSHOT_NOT_USABLE_HISTORY,SUMMARY_NOT_HISTORY
D:\us-tech-quant\data\prices\PSTG.csv,DATA_PRICES_OHLCV,1,1,0.003077,FALSE,FALSE,FALSE,0,SUMMARY_OR_SNAPSHOT_NOT_USABLE_HISTORY,SUMMARY_NOT_HISTORY
D:\us-tech-quant\data\prices\PWR.csv,DATA_PRICES_OHLCV,1,1,0.003077,FALSE,FALSE,FALSE,0,SUMMARY_OR_SNAPSHOT_NOT_USABLE_HISTORY,SUMMARY_NOT_HISTORY
D:\us-tech-quant\data\prices\QCOM.csv,DATA_PRICES_OHLCV,1,1,0.003077,FALSE,FALSE,FALSE,0,SUMMARY_OR_SNAPSHOT_NOT_USABLE_HISTORY,SUMMARY_NOT_HISTORY
D:\us-tech-quant\data\prices\QQQ.csv,DATA_PRICES_OHLCV,1,1,0.003077,FALSE,FALSE,FALSE,0,SUMMARY_OR_SNAPSHOT_NOT_USABLE_HISTORY,SUMMARY_NOT_HISTORY
D:\us-tech-quant\data\prices\SANM.csv,DATA_PRICES_OHLCV,1,1,0.003077,FALSE,FALSE,FALSE,0,SUMMARY_OR_SNAPSHOT_NOT_USABLE_HISTORY,SUMMARY_NOT_HISTORY
D:\us-tech-quant\data\prices\SMCI.csv,DATA_PRICES_OHLCV,1,1,0.003077,FALSE,FALSE,FALSE,0,SUMMARY_OR_SNAPSHOT_NOT_USABLE_HISTORY,SUMMARY_NOT_HISTORY
D:\us-tech-quant\data\prices\SMH.csv,DATA_PRICES_OHLCV,1,1,0.003077,FALSE,FALSE,FALSE,0,SUMMARY_OR_SNAPSHOT_NOT_USABLE_HISTORY,SUMMARY_NOT_HISTORY
D:\us-tech-quant\data\prices\SNDK.csv,DATA_PRICES_OHLCV,1,1,0.003077,FALSE,FALSE,FALSE,0,SUMMARY_OR_SNAPSHOT_NOT_USABLE_HISTORY,SUMMARY_NOT_HISTORY
D:\us-tech-quant\data\prices\SNOW.csv,DATA_PRICES_OHLCV,1,1,0.003077,FALSE,FALSE,FALSE,0,SUMMARY_OR_SNAPSHOT_NOT_USABLE_HISTORY,SUMMARY_NOT_HISTORY
D:\us-tech-quant\data\prices\SOXL.csv,DATA_PRICES_OHLCV,1,1,0.003077,FALSE,FALSE,FALSE,0,SUMMARY_OR_SNAPSHOT_NOT_USABLE_HISTORY,SUMMARY_NOT_HISTORY
D:\us-tech-quant\data\prices\SOXX.csv,DATA_PRICES_OHLCV,1,1,0.003077,FALSE,FALSE,FALSE,0,SUMMARY_OR_SNAPSHOT_NOT_USABLE_HISTORY,SUMMARY_NOT_HISTORY
D:\us-tech-quant\data\prices\SPY.csv,DATA_PRICES_OHLCV,1,1,0.003077,FALSE,FALSE,FALSE,0,SUMMARY_OR_SNAPSHOT_NOT_USABLE_HISTORY,SUMMARY_NOT_HISTORY
D:\us-tech-quant\data\prices\STX.csv,DATA_PRICES_OHLCV,1,1,0.003077,FALSE,FALSE,FALSE,0,SUMMARY_OR_SNAPSHOT_NOT_USABLE_HISTORY,SUMMARY_NOT_HISTORY
D:\us-tech-quant\data\prices\TER.csv,DATA_PRICES_OHLCV,1,1,0.003077,FALSE,FALSE,FALSE,0,SUMMARY_OR_SNAPSHOT_NOT_USABLE_HISTORY,SUMMARY_NOT_HISTORY
D:\us-tech-quant\data\prices\TQQQ.csv,DATA_PRICES_OHLCV,1,1,0.003077,FALSE,FALSE,FALSE,0,SUMMARY_OR_SNAPSHOT_NOT_USABLE_HISTORY,SUMMARY_NOT_HISTORY
D:\us-tech-quant\data\prices\TSLA.csv,DATA_PRICES_OHLCV,1,1,0.003077,FALSE,FALSE,FALSE,0,SUMMARY_OR_SNAPSHOT_NOT_USABLE_HISTORY,SUMMARY_NOT_HISTORY
D:\us-tech-quant\data\prices\TSM.csv,DATA_PRICES_OHLCV,1,1,0.003077,FALSE,FALSE,FALSE,0,SUMMARY_OR_SNAPSHOT_NOT_USABLE_HISTORY,SUMMARY_NOT_HISTORY
D:\us-tech-quant\data\prices\TXN.csv,DATA_PRICES_OHLCV,1,1,0.003077,FALSE,FALSE,FALSE,0,SUMMARY_OR_SNAPSHOT_NOT_USABLE_HISTORY,SUMMARY_NOT_HISTORY
D:\us-tech-quant\data\prices\VECO.csv,DATA_PRICES_OHLCV,1,1,0.003077,FALSE,FALSE,FALSE,0,SUMMARY_OR_SNAPSHOT_NOT_USABLE_HISTORY,SUMMARY_NOT_HISTORY
D:\us-tech-quant\data\prices\VRT.csv,DATA_PRICES_OHLCV,1,1,0.003077,FALSE,FALSE,FALSE,0,SUMMARY_OR_SNAPSHOT_NOT_USABLE_HISTORY,SUMMARY_NOT_HISTORY
D:\us-tech-quant\data\prices\VST.csv,DATA_PRICES_OHLCV,1,1,0.003077,FALSE,FALSE,FALSE,0,SUMMARY_OR_SNAPSHOT_NOT_USABLE_HISTORY,SUMMARY_NOT_HISTORY
D:\us-tech-quant\data\prices\WDC.csv,DATA_PRICES_OHLCV,1,1,0.003077,FALSE,FALSE,FALSE,0,SUMMARY_OR_SNAPSHOT_NOT_USABLE_HISTORY,SUMMARY_NOT_HISTORY
D:\us-tech-quant\data\prices\XLK.csv,DATA_PRICES_OHLCV,1,1,0.003077,FALSE,FALSE,FALSE,0,SUMMARY_OR_SNAPSHOT_NOT_USABLE_HISTORY,SUMMARY_NOT_HISTORY
D:\us-tech-quant\data\prices\ZS.csv,DATA_PRICES_OHLCV,1,1,0.003077,FALSE,FALSE,FALSE,0,SUMMARY_OR_SNAPSHOT_NOT_USABLE_HISTORY,SUMMARY_NOT_HISTORY
D:\us-tech-quant\data\v16\prices\AMD.csv,V16_PRICES,1,1,0.003077,TRUE,FALSE,FALSE,0,LOWER_PRIORITY_THAN_SELECTED_PER_TICKER_SOURCE,RELEVANT_NOT_SELECTED_LOWER_PRIORITY
D:\us-tech-quant\data\v16\prices\AVGO.csv,V16_PRICES,1,1,0.003077,TRUE,FALSE,FALSE,0,LOWER_PRIORITY_THAN_SELECTED_PER_TICKER_SOURCE,RELEVANT_NOT_SELECTED_LOWER_PRIORITY
D:\us-tech-quant\data\v16\prices\BE.csv,V16_PRICES,1,1,0.003077,TRUE,FALSE,FALSE,0,LOWER_PRIORITY_THAN_SELECTED_PER_TICKER_SOURCE,RELEVANT_NOT_SELECTED_LOWER_PRIORITY
D:\us-tech-quant\data\v16\prices\CRWV.csv,V16_PRICES,1,1,0.003077,TRUE,FALSE,FALSE,0,LOWER_PRIORITY_THAN_SELECTED_PER_TICKER_SOURCE,RELEVANT_NOT_SELECTED_LOWER_PRIORITY
D:\us-tech-quant\data\v16\prices\LITE.csv,V16_PRICES,1,1,0.003077,TRUE,FALSE,FALSE,0,LOWER_PRIORITY_THAN_SELECTED_PER_TICKER_SOURCE,RELEVANT_NOT_SELECTED_LOWER_PRIORITY
D:\us-tech-quant\data\v16\prices\NVDA.csv,V16_PRICES,1,1,0.003077,TRUE,FALSE,FALSE,0,LOWER_PRIORITY_THAN_SELECTED_PER_TICKER_SOURCE,RELEVANT_NOT_SELECTED_LOWER_PRIORITY
D:\us-tech-quant\data\v16\prices\QQQ.csv,V16_PRICES,1,1,0.003077,TRUE,FALSE,FALSE,0,LOWER_PRIORITY_THAN_SELECTED_PER_TICKER_SOURCE,RELEVANT_NOT_SELECTED_LOWER_PRIORITY
D:\us-tech-quant\data\v16\prices\SMH.csv,V16_PRICES,1,1,0.003077,TRUE,FALSE,FALSE,0,LOWER_PRIORITY_THAN_SELECTED_PER_TICKER_SOURCE,RELEVANT_NOT_SELECTED_LOWER_PRIORITY
D:\us-tech-quant\data\v16\prices\SOXL.csv,V16_PRICES,1,1,0.003077,TRUE,FALSE,FALSE,0,LOWER_PRIORITY_THAN_SELECTED_PER_TICKER_SOURCE,RELEVANT_NOT_SELECTED_LOWER_PRIORITY
D:\us-tech-quant\data\v16\prices\SOXX.csv,V16_PRICES,1,1,0.003077,TRUE,FALSE,FALSE,0,LOWER_PRIORITY_THAN_SELECTED_PER_TICKER_SOURCE,RELEVANT_NOT_SELECTED_LOWER_PRIORITY
D:\us-tech-quant\data\v16\prices\SPY.csv,V16_PRICES,1,1,0.003077,TRUE,FALSE,FALSE,0,LOWER_PRIORITY_THAN_SELECTED_PER_TICKER_SOURCE,RELEVANT_NOT_SELECTED_LOWER_PRIORITY
D:\us-tech-quant\data\v16\prices\TQQQ.csv,V16_PRICES,1,1,0.003077,TRUE,FALSE,FALSE,0,LOWER_PRIORITY_THAN_SELECTED_PER_TICKER_SOURCE,RELEVANT_NOT_SELECTED_LOWER_PRIORITY
D:\us-tech-quant\data\v16\prices\XLK.csv,V16_PRICES,1,1,0.003077,TRUE,FALSE,FALSE,0,LOWER_PRIORITY_THAN_SELECTED_PER_TICKER_SOURCE,RELEVANT_NOT_SELECTED_LOWER_PRIORITY
D:\us-tech-quant\data\v16\prices_full\AAPL.csv,V16_PRICES_FULL,1,1,0.003077,TRUE,FALSE,FALSE,0,LOWER_PRIORITY_THAN_SELECTED_PER_TICKER_SOURCE,RELEVANT_NOT_SELECTED_LOWER_PRIORITY
D:\us-tech-quant\data\v16\prices_full\ACLS.csv,V16_PRICES_FULL,1,1,0.003077,TRUE,FALSE,FALSE,0,LOWER_PRIORITY_THAN_SELECTED_PER_TICKER_SOURCE,RELEVANT_NOT_SELECTED_LOWER_PRIORITY
D:\us-tech-quant\data\v16\prices_full\ACM.csv,V16_PRICES_FULL,1,1,0.003077,TRUE,FALSE,FALSE,0,LOWER_PRIORITY_THAN_SELECTED_PER_TICKER_SOURCE,RELEVANT_NOT_SELECTED_LOWER_PRIORITY
D:\us-tech-quant\data\v16\prices_full\ACMR.csv,V16_PRICES_FULL,1,1,0.003077,TRUE,FALSE,FALSE,0,LOWER_PRIORITY_THAN_SELECTED_PER_TICKER_SOURCE,RELEVANT_NOT_SELECTED_LOWER_PRIORITY
D:\us-tech-quant\data\v16\prices_full\AEHR.csv,V16_PRICES_FULL,1,1,0.003077,TRUE,FALSE,FALSE,0,LOWER_PRIORITY_THAN_SELECTED_PER_TICKER_SOURCE,RELEVANT_NOT_SELECTED_LOWER_PRIORITY
D:\us-tech-quant\data\v16\prices_full\ALAB.csv,V16_PRICES_FULL,1,1,0.003077,TRUE,FALSE,FALSE,0,LOWER_PRIORITY_THAN_SELECTED_PER_TICKER_SOURCE,RELEVANT_NOT_SELECTED_LOWER_PRIORITY
D:\us-tech-quant\data\v16\prices_full\AMAT.csv,V16_PRICES_FULL,1,1,0.003077,TRUE,FALSE,FALSE,0,LOWER_PRIORITY_THAN_SELECTED_PER_TICKER_SOURCE,RELEVANT_NOT_SELECTED_LOWER_PRIORITY
D:\us-tech-quant\data\v16\prices_full\AMD.csv,V16_PRICES_FULL,1,1,0.003077,TRUE,FALSE,FALSE,0,LOWER_PRIORITY_THAN_SELECTED_PER_TICKER_SOURCE,RELEVANT_NOT_SELECTED_LOWER_PRIORITY
D:\us-tech-quant\data\v16\prices_full\AMKR.csv,V16_PRICES_FULL,1,1,0.003077,TRUE,FALSE,FALSE,0,LOWER_PRIORITY_THAN_SELECTED_PER_TICKER_SOURCE,RELEVANT_NOT_SELECTED_LOWER_PRIORITY
D:\us-tech-quant\data\v16\prices_full\AMZN.csv,V16_PRICES_FULL,1,1,0.003077,TRUE,FALSE,FALSE,0,LOWER_PRIORITY_THAN_SELECTED_PER_TICKER_SOURCE,RELEVANT_NOT_SELECTED_LOWER_PRIORITY
D:\us-tech-quant\data\v16\prices_full\ANET.csv,V16_PRICES_FULL,1,1,0.003077,TRUE,FALSE,FALSE,0,LOWER_PRIORITY_THAN_SELECTED_PER_TICKER_SOURCE,RELEVANT_NOT_SELECTED_LOWER_PRIORITY
D:\us-tech-quant\data\v16\prices_full\APH.csv,V16_PRICES_FULL,1,1,0.003077,TRUE,FALSE,FALSE,0,LOWER_PRIORITY_THAN_SELECTED_PER_TICKER_SOURCE,RELEVANT_NOT_SELECTED_LOWER_PRIORITY
D:\us-tech-quant\data\v16\prices_full\ARM.csv,V16_PRICES_FULL,1,1,0.003077,TRUE,FALSE,FALSE,0,LOWER_PRIORITY_THAN_SELECTED_PER_TICKER_SOURCE,RELEVANT_NOT_SELECTED_LOWER_PRIORITY
D:\us-tech-quant\data\v16\prices_full\ASML.csv,V16_PRICES_FULL,1,1,0.003077,TRUE,FALSE,FALSE,0,LOWER_PRIORITY_THAN_SELECTED_PER_TICKER_SOURCE,RELEVANT_NOT_SELECTED_LOWER_PRIORITY
D:\us-tech-quant\data\v16\prices_full\AVGO.csv,V16_PRICES_FULL,1,1,0.003077,TRUE,FALSE,FALSE,0,LOWER_PRIORITY_THAN_SELECTED_PER_TICKER_SOURCE,RELEVANT_NOT_SELECTED_LOWER_PRIORITY
D:\us-tech-quant\data\v16\prices_full\BE.csv,V16_PRICES_FULL,1,1,0.003077,TRUE,FALSE,FALSE,0,LOWER_PRIORITY_THAN_SELECTED_PER_TICKER_SOURCE,RELEVANT_NOT_SELECTED_LOWER_PRIORITY
D:\us-tech-quant\data\v16\prices_full\BTDR.csv,V16_PRICES_FULL,1,1,0.003077,TRUE,FALSE,FALSE,0,LOWER_PRIORITY_THAN_SELECTED_PER_TICKER_SOURCE,RELEVANT_NOT_SELECTED_LOWER_PRIORITY
D:\us-tech-quant\data\v16\prices_full\CAMT.csv,V16_PRICES_FULL,1,1,0.003077,TRUE,FALSE,FALSE,0,LOWER_PRIORITY_THAN_SELECTED_PER_TICKER_SOURCE,RELEVANT_NOT_SELECTED_LOWER_PRIORITY
D:\us-tech-quant\data\v16\prices_full\CARR.csv,V16_PRICES_FULL,1,1,0.003077,TRUE,FALSE,FALSE,0,LOWER_PRIORITY_THAN_SELECTED_PER_TICKER_SOURCE,RELEVANT_NOT_SELECTED_LOWER_PRIORITY
D:\us-tech-quant\data\v16\prices_full\CEG.csv,V16_PRICES_FULL,1,1,0.003077,TRUE,FALSE,FALSE,0,LOWER_PRIORITY_THAN_SELECTED_PER_TICKER_SOURCE,RELEVANT_NOT_SELECTED_LOWER_PRIORITY
D:\us-tech-quant\data\v16\prices_full\CIEN.csv,V16_PRICES_FULL,1,1,0.003077,TRUE,FALSE,FALSE,0,LOWER_PRIORITY_THAN_SELECTED_PER_TICKER_SOURCE,RELEVANT_NOT_SELECTED_LOWER_PRIORITY
D:\us-tech-quant\data\v16\prices_full\CIFR.csv,V16_PRICES_FULL,1,1,0.003077,TRUE,FALSE,FALSE,0,LOWER_PRIORITY_THAN_SELECTED_PER_TICKER_SOURCE,RELEVANT_NOT_SELECTED_LOWER_PRIORITY
D:\us-tech-quant\data\v16\prices_full\CLS.csv,V16_PRICES_FULL,1,1,0.003077,TRUE,FALSE,FALSE,0,LOWER_PRIORITY_THAN_SELECTED_PER_TICKER_SOURCE,RELEVANT_NOT_SELECTED_LOWER_PRIORITY
D:\us-tech-quant\data\v16\prices_full\COHR.csv,V16_PRICES_FULL,1,1,0.003077,TRUE,FALSE,FALSE,0,LOWER_PRIORITY_THAN_SELECTED_PER_TICKER_SOURCE,RELEVANT_NOT_SELECTED_LOWER_PRIORITY
D:\us-tech-quant\data\v16\prices_full\COHU.csv,V16_PRICES_FULL,1,1,0.003077,TRUE,FALSE,FALSE,0,LOWER_PRIORITY_THAN_SELECTED_PER_TICKER_SOURCE,RELEVANT_NOT_SELECTED_LOWER_PRIORITY
D:\us-tech-quant\data\v16\prices_full\CORZ.csv,V16_PRICES_FULL,1,1,0.003077,TRUE,FALSE,FALSE,0,LOWER_PRIORITY_THAN_SELECTED_PER_TICKER_SOURCE,RELEVANT_NOT_SELECTED_LOWER_PRIORITY
D:\us-tech-quant\data\v16\prices_full\CRDO.csv,V16_PRICES_FULL,1,1,0.003077,TRUE,FALSE,FALSE,0,LOWER_PRIORITY_THAN_SELECTED_PER_TICKER_SOURCE,RELEVANT_NOT_SELECTED_LOWER_PRIORITY
D:\us-tech-quant\data\v16\prices_full\CRM.csv,V16_PRICES_FULL,1,1,0.003077,TRUE,FALSE,FALSE,0,LOWER_PRIORITY_THAN_SELECTED_PER_TICKER_SOURCE,RELEVANT_NOT_SELECTED_LOWER_PRIORITY
D:\us-tech-quant\data\v16\prices_full\CRWD.csv,V16_PRICES_FULL,1,1,0.003077,TRUE,FALSE,FALSE,0,LOWER_PRIORITY_THAN_SELECTED_PER_TICKER_SOURCE,RELEVANT_NOT_SELECTED_LOWER_PRIORITY
D:\us-tech-quant\data\v16\prices_full\CRWV.csv,V16_PRICES_FULL,1,1,0.003077,TRUE,FALSE,FALSE,0,LOWER_PRIORITY_THAN_SELECTED_PER_TICKER_SOURCE,RELEVANT_NOT_SELECTED_LOWER_PRIORITY
D:\us-tech-quant\data\v16\prices_full\CSCO.csv,V16_PRICES_FULL,1,1,0.003077,TRUE,FALSE,FALSE,0,LOWER_PRIORITY_THAN_SELECTED_PER_TICKER_SOURCE,RELEVANT_NOT_SELECTED_LOWER_PRIORITY
D:\us-tech-quant\data\v16\prices_full\D.csv,V16_PRICES_FULL,1,1,0.003077,TRUE,FALSE,FALSE,0,LOWER_PRIORITY_THAN_SELECTED_PER_TICKER_SOURCE,RELEVANT_NOT_SELECTED_LOWER_PRIORITY
D:\us-tech-quant\data\v16\prices_full\DDOG.csv,V16_PRICES_FULL,1,1,0.003077,TRUE,FALSE,FALSE,0,LOWER_PRIORITY_THAN_SELECTED_PER_TICKER_SOURCE,RELEVANT_NOT_SELECTED_LOWER_PRIORITY
D:\us-tech-quant\data\v16\prices_full\DELL.csv,V16_PRICES_FULL,1,1,0.003077,TRUE,FALSE,FALSE,0,LOWER_PRIORITY_THAN_SELECTED_PER_TICKER_SOURCE,RELEVANT_NOT_SELECTED_LOWER_PRIORITY
D:\us-tech-quant\data\v16\prices_full\ECL.csv,V16_PRICES_FULL,1,1,0.003077,TRUE,FALSE,FALSE,0,LOWER_PRIORITY_THAN_SELECTED_PER_TICKER_SOURCE,RELEVANT_NOT_SELECTED_LOWER_PRIORITY
D:\us-tech-quant\data\v16\prices_full\ENTG.csv,V16_PRICES_FULL,1,1,0.003077,TRUE,FALSE,FALSE,0,LOWER_PRIORITY_THAN_SELECTED_PER_TICKER_SOURCE,RELEVANT_NOT_SELECTED_LOWER_PRIORITY
D:\us-tech-quant\data\v16\prices_full\ETN.csv,V16_PRICES_FULL,1,1,0.003077,TRUE,FALSE,FALSE,0,LOWER_PRIORITY_THAN_SELECTED_PER_TICKER_SOURCE,RELEVANT_NOT_SELECTED_LOWER_PRIORITY
D:\us-tech-quant\data\v16\prices_full\ETR.csv,V16_PRICES_FULL,1,1,0.003077,TRUE,FALSE,FALSE,0,LOWER_PRIORITY_THAN_SELECTED_PER_TICKER_SOURCE,RELEVANT_NOT_SELECTED_LOWER_PRIORITY
D:\us-tech-quant\data\v16\prices_full\FIX.csv,V16_PRICES_FULL,1,1,0.003077,TRUE,FALSE,FALSE,0,LOWER_PRIORITY_THAN_SELECTED_PER_TICKER_SOURCE,RELEVANT_NOT_SELECTED_LOWER_PRIORITY
D:\us-tech-quant\data\v16\prices_full\FLEX.csv,V16_PRICES_FULL,1,1,0.003077,TRUE,FALSE,FALSE,0,LOWER_PRIORITY_THAN_SELECTED_PER_TICKER_SOURCE,RELEVANT_NOT_SELECTED_LOWER_PRIORITY
D:\us-tech-quant\data\v16\prices_full\FLR.csv,V16_PRICES_FULL,1,1,0.003077,TRUE,FALSE,FALSE,0,LOWER_PRIORITY_THAN_SELECTED_PER_TICKER_SOURCE,RELEVANT_NOT_SELECTED_LOWER_PRIORITY
D:\us-tech-quant\data\v16\prices_full\FN.csv,V16_PRICES_FULL,1,1,0.003077,TRUE,FALSE,FALSE,0,LOWER_PRIORITY_THAN_SELECTED_PER_TICKER_SOURCE,RELEVANT_NOT_SELECTED_LOWER_PRIORITY
D:\us-tech-quant\data\v16\prices_full\FORM.csv,V16_PRICES_FULL,1,1,0.003077,TRUE,FALSE,FALSE,0,LOWER_PRIORITY_THAN_SELECTED_PER_TICKER_SOURCE,RELEVANT_NOT_SELECTED_LOWER_PRIORITY
D:\us-tech-quant\data\v16\prices_full\GEV.csv,V16_PRICES_FULL,1,1,0.003077,TRUE,FALSE,FALSE,0,LOWER_PRIORITY_THAN_SELECTED_PER_TICKER_SOURCE,RELEVANT_NOT_SELECTED_LOWER_PRIORITY
D:\us-tech-quant\data\v16\prices_full\GLW.csv,V16_PRICES_FULL,1,1,0.003077,TRUE,FALSE,FALSE,0,LOWER_PRIORITY_THAN_SELECTED_PER_TICKER_SOURCE,RELEVANT_NOT_SELECTED_LOWER_PRIORITY
D:\us-tech-quant\data\v16\prices_full\GNRC.csv,V16_PRICES_FULL,1,1,0.003077,TRUE,FALSE,FALSE,0,LOWER_PRIORITY_THAN_SELECTED_PER_TICKER_SOURCE,RELEVANT_NOT_SELECTED_LOWER_PRIORITY
D:\us-tech-quant\data\v16\prices_full\GOOGL.csv,V16_PRICES_FULL,1,1,0.003077,TRUE,FALSE,FALSE,0,LOWER_PRIORITY_THAN_SELECTED_PER_TICKER_SOURCE,RELEVANT_NOT_SELECTED_LOWER_PRIORITY
D:\us-tech-quant\data\v16\prices_full\HPE.csv,V16_PRICES_FULL,1,1,0.003077,TRUE,FALSE,FALSE,0,LOWER_PRIORITY_THAN_SELECTED_PER_TICKER_SOURCE,RELEVANT_NOT_SELECTED_LOWER_PRIORITY
D:\us-tech-quant\data\v16\prices_full\HUBB.csv,V16_PRICES_FULL,1,1,0.003077,TRUE,FALSE,FALSE,0,LOWER_PRIORITY_THAN_SELECTED_PER_TICKER_SOURCE,RELEVANT_NOT_SELECTED_LOWER_PRIORITY
D:\us-tech-quant\data\v16\prices_full\ICHR.csv,V16_PRICES_FULL,1,1,0.003077,TRUE,FALSE,FALSE,0,LOWER_PRIORITY_THAN_SELECTED_PER_TICKER_SOURCE,RELEVANT_NOT_SELECTED_LOWER_PRIORITY
D:\us-tech-quant\data\v16\prices_full\IGV.csv,V16_PRICES_FULL,1,1,0.003077,TRUE,FALSE,FALSE,0,LOWER_PRIORITY_THAN_SELECTED_PER_TICKER_SOURCE,RELEVANT_NOT_SELECTED_LOWER_PRIORITY
D:\us-tech-quant\data\v16\prices_full\INTC.csv,V16_PRICES_FULL,1,1,0.003077,TRUE,FALSE,FALSE,0,LOWER_PRIORITY_THAN_SELECTED_PER_TICKER_SOURCE,RELEVANT_NOT_SELECTED_LOWER_PRIORITY
D:\us-tech-quant\data\v16\prices_full\IRDM.csv,V16_PRICES_FULL,1,1,0.003077,TRUE,FALSE,FALSE,0,LOWER_PRIORITY_THAN_SELECTED_PER_TICKER_SOURCE,RELEVANT_NOT_SELECTED_LOWER_PRIORITY
D:\us-tech-quant\data\v16\prices_full\IREN.csv,V16_PRICES_FULL,1,1,0.003077,TRUE,FALSE,FALSE,0,LOWER_PRIORITY_THAN_SELECTED_PER_TICKER_SOURCE,RELEVANT_NOT_SELECTED_LOWER_PRIORITY
D:\us-tech-quant\data\v16\prices_full\IYW.csv,V16_PRICES_FULL,1,1,0.003077,TRUE,FALSE,FALSE,0,LOWER_PRIORITY_THAN_SELECTED_PER_TICKER_SOURCE,RELEVANT_NOT_SELECTED_LOWER_PRIORITY
D:\us-tech-quant\data\v16\prices_full\JBL.csv,V16_PRICES_FULL,1,1,0.003077,TRUE,FALSE,FALSE,0,LOWER_PRIORITY_THAN_SELECTED_PER_TICKER_SOURCE,RELEVANT_NOT_SELECTED_LOWER_PRIORITY
D:\us-tech-quant\data\v16\prices_full\KEYS.csv,V16_PRICES_FULL,1,1,0.003077,TRUE,FALSE,FALSE,0,LOWER_PRIORITY_THAN_SELECTED_PER_TICKER_SOURCE,RELEVANT_NOT_SELECTED_LOWER_PRIORITY
D:\us-tech-quant\data\v16\prices_full\KLAC.csv,V16_PRICES_FULL,1,1,0.003077,TRUE,FALSE,FALSE,0,LOWER_PRIORITY_THAN_SELECTED_PER_TICKER_SOURCE,RELEVANT_NOT_SELECTED_LOWER_PRIORITY
D:\us-tech-quant\data\v16\prices_full\KLIC.csv,V16_PRICES_FULL,1,1,0.003077,TRUE,FALSE,FALSE,0,LOWER_PRIORITY_THAN_SELECTED_PER_TICKER_SOURCE,RELEVANT_NOT_SELECTED_LOWER_PRIORITY
D:\us-tech-quant\data\v16\prices_full\LITE.csv,V16_PRICES_FULL,1,1,0.003077,TRUE,FALSE,FALSE,0,LOWER_PRIORITY_THAN_SELECTED_PER_TICKER_SOURCE,RELEVANT_NOT_SELECTED_LOWER_PRIORITY
D:\us-tech-quant\data\v16\prices_full\LRCX.csv,V16_PRICES_FULL,1,1,0.003077,TRUE,FALSE,FALSE,0,LOWER_PRIORITY_THAN_SELECTED_PER_TICKER_SOURCE,RELEVANT_NOT_SELECTED_LOWER_PRIORITY
D:\us-tech-quant\data\v16\prices_full\MCHP.csv,V16_PRICES_FULL,1,1,0.003077,TRUE,FALSE,FALSE,0,LOWER_PRIORITY_THAN_SELECTED_PER_TICKER_SOURCE,RELEVANT_NOT_SELECTED_LOWER_PRIORITY
D:\us-tech-quant\data\v16\prices_full\MDB.csv,V16_PRICES_FULL,1,1,0.003077,TRUE,FALSE,FALSE,0,LOWER_PRIORITY_THAN_SELECTED_PER_TICKER_SOURCE,RELEVANT_NOT_SELECTED_LOWER_PRIORITY
D:\us-tech-quant\data\v16\prices_full\META.csv,V16_PRICES_FULL,1,1,0.003077,TRUE,FALSE,FALSE,0,LOWER_PRIORITY_THAN_SELECTED_PER_TICKER_SOURCE,RELEVANT_NOT_SELECTED_LOWER_PRIORITY
D:\us-tech-quant\data\v16\prices_full\MKSI.csv,V16_PRICES_FULL,1,1,0.003077,TRUE,FALSE,FALSE,0,LOWER_PRIORITY_THAN_SELECTED_PER_TICKER_SOURCE,RELEVANT_NOT_SELECTED_LOWER_PRIORITY
D:\us-tech-quant\data\v16\prices_full\MOD.csv,V16_PRICES_FULL,1,1,0.003077,TRUE,FALSE,FALSE,0,LOWER_PRIORITY_THAN_SELECTED_PER_TICKER_SOURCE,RELEVANT_NOT_SELECTED_LOWER_PRIORITY
D:\us-tech-quant\data\v16\prices_full\MPWR.csv,V16_PRICES_FULL,1,1,0.003077,TRUE,FALSE,FALSE,0,LOWER_PRIORITY_THAN_SELECTED_PER_TICKER_SOURCE,RELEVANT_NOT_SELECTED_LOWER_PRIORITY
D:\us-tech-quant\data\v16\prices_full\MRVL.csv,V16_PRICES_FULL,1,1,0.003077,TRUE,FALSE,FALSE,0,LOWER_PRIORITY_THAN_SELECTED_PER_TICKER_SOURCE,RELEVANT_NOT_SELECTED_LOWER_PRIORITY
D:\us-tech-quant\data\v16\prices_full\MSFT.csv,V16_PRICES_FULL,1,1,0.003077,TRUE,FALSE,FALSE,0,LOWER_PRIORITY_THAN_SELECTED_PER_TICKER_SOURCE,RELEVANT_NOT_SELECTED_LOWER_PRIORITY
D:\us-tech-quant\data\v16\prices_full\MU.csv,V16_PRICES_FULL,1,1,0.003077,TRUE,FALSE,FALSE,0,LOWER_PRIORITY_THAN_SELECTED_PER_TICKER_SOURCE,RELEVANT_NOT_SELECTED_LOWER_PRIORITY
D:\us-tech-quant\data\v16\prices_full\NET.csv,V16_PRICES_FULL,1,1,0.003077,TRUE,FALSE,FALSE,0,LOWER_PRIORITY_THAN_SELECTED_PER_TICKER_SOURCE,RELEVANT_NOT_SELECTED_LOWER_PRIORITY
D:\us-tech-quant\data\v16\prices_full\NOW.csv,V16_PRICES_FULL,1,1,0.003077,TRUE,FALSE,FALSE,0,LOWER_PRIORITY_THAN_SELECTED_PER_TICKER_SOURCE,RELEVANT_NOT_SELECTED_LOWER_PRIORITY
D:\us-tech-quant\data\v16\prices_full\NTAP.csv,V16_PRICES_FULL,1,1,0.003077,TRUE,FALSE,FALSE,0,LOWER_PRIORITY_THAN_SELECTED_PER_TICKER_SOURCE,RELEVANT_NOT_SELECTED_LOWER_PRIORITY
D:\us-tech-quant\data\v16\prices_full\NVDA.csv,V16_PRICES_FULL,1,1,0.003077,TRUE,FALSE,FALSE,0,LOWER_PRIORITY_THAN_SELECTED_PER_TICKER_SOURCE,RELEVANT_NOT_SELECTED_LOWER_PRIORITY
D:\us-tech-quant\data\v16\prices_full\NVT.csv,V16_PRICES_FULL,1,1,0.003077,TRUE,FALSE,FALSE,0,LOWER_PRIORITY_THAN_SELECTED_PER_TICKER_SOURCE,RELEVANT_NOT_SELECTED_LOWER_PRIORITY
D:\us-tech-quant\data\v16\prices_full\NXPI.csv,V16_PRICES_FULL,1,1,0.003077,TRUE,FALSE,FALSE,0,LOWER_PRIORITY_THAN_SELECTED_PER_TICKER_SOURCE,RELEVANT_NOT_SELECTED_LOWER_PRIORITY
D:\us-tech-quant\data\v16\prices_full\ON.csv,V16_PRICES_FULL,1,1,0.003077,TRUE,FALSE,FALSE,0,LOWER_PRIORITY_THAN_SELECTED_PER_TICKER_SOURCE,RELEVANT_NOT_SELECTED_LOWER_PRIORITY
D:\us-tech-quant\data\v16\prices_full\ORCL.csv,V16_PRICES_FULL,1,1,0.003077,TRUE,FALSE,FALSE,0,LOWER_PRIORITY_THAN_SELECTED_PER_TICKER_SOURCE,RELEVANT_NOT_SELECTED_LOWER_PRIORITY
D:\us-tech-quant\data\v16\prices_full\PANW.csv,V16_PRICES_FULL,1,1,0.003077,TRUE,FALSE,FALSE,0,LOWER_PRIORITY_THAN_SELECTED_PER_TICKER_SOURCE,RELEVANT_NOT_SELECTED_LOWER_PRIORITY
D:\us-tech-quant\data\v16\prices_full\PLTR.csv,V16_PRICES_FULL,1,1,0.003077,TRUE,FALSE,FALSE,0,LOWER_PRIORITY_THAN_SELECTED_PER_TICKER_SOURCE,RELEVANT_NOT_SELECTED_LOWER_PRIORITY
D:\us-tech-quant\data\v16\prices_full\POWL.csv,V16_PRICES_FULL,1,1,0.003077,TRUE,FALSE,FALSE,0,LOWER_PRIORITY_THAN_SELECTED_PER_TICKER_SOURCE,RELEVANT_NOT_SELECTED_LOWER_PRIORITY
D:\us-tech-quant\data\v16\prices_full\PSTG.csv,V16_PRICES_FULL,1,1,0.003077,TRUE,FALSE,FALSE,0,LOWER_PRIORITY_THAN_SELECTED_PER_TICKER_SOURCE,RELEVANT_NOT_SELECTED_LOWER_PRIORITY
D:\us-tech-quant\data\v16\prices_full\PWR.csv,V16_PRICES_FULL,1,1,0.003077,TRUE,FALSE,FALSE,0,LOWER_PRIORITY_THAN_SELECTED_PER_TICKER_SOURCE,RELEVANT_NOT_SELECTED_LOWER_PRIORITY
D:\us-tech-quant\data\v16\prices_full\QCOM.csv,V16_PRICES_FULL,1,1,0.003077,TRUE,FALSE,FALSE,0,LOWER_PRIORITY_THAN_SELECTED_PER_TICKER_SOURCE,RELEVANT_NOT_SELECTED_LOWER_PRIORITY
D:\us-tech-quant\data\v16\prices_full\QQQ.csv,V16_PRICES_FULL,1,1,0.003077,TRUE,FALSE,FALSE,0,LOWER_PRIORITY_THAN_SELECTED_PER_TICKER_SOURCE,RELEVANT_NOT_SELECTED_LOWER_PRIORITY
D:\us-tech-quant\data\v16\prices_full\SANM.csv,V16_PRICES_FULL,1,1,0.003077,TRUE,FALSE,FALSE,0,LOWER_PRIORITY_THAN_SELECTED_PER_TICKER_SOURCE,RELEVANT_NOT_SELECTED_LOWER_PRIORITY
D:\us-tech-quant\data\v16\prices_full\SMCI.csv,V16_PRICES_FULL,1,1,0.003077,TRUE,FALSE,FALSE,0,LOWER_PRIORITY_THAN_SELECTED_PER_TICKER_SOURCE,RELEVANT_NOT_SELECTED_LOWER_PRIORITY
D:\us-tech-quant\data\v16\prices_full\SMH.csv,V16_PRICES_FULL,1,1,0.003077,TRUE,FALSE,FALSE,0,LOWER_PRIORITY_THAN_SELECTED_PER_TICKER_SOURCE,RELEVANT_NOT_SELECTED_LOWER_PRIORITY
D:\us-tech-quant\data\v16\prices_full\SNDK.csv,V16_PRICES_FULL,1,1,0.003077,TRUE,FALSE,FALSE,0,LOWER_PRIORITY_THAN_SELECTED_PER_TICKER_SOURCE,RELEVANT_NOT_SELECTED_LOWER_PRIORITY
D:\us-tech-quant\data\v16\prices_full\SNOW.csv,V16_PRICES_FULL,1,1,0.003077,TRUE,FALSE,FALSE,0,LOWER_PRIORITY_THAN_SELECTED_PER_TICKER_SOURCE,RELEVANT_NOT_SELECTED_LOWER_PRIORITY
D:\us-tech-quant\data\v16\prices_full\SOXL.csv,V16_PRICES_FULL,1,1,0.003077,TRUE,FALSE,FALSE,0,LOWER_PRIORITY_THAN_SELECTED_PER_TICKER_SOURCE,RELEVANT_NOT_SELECTED_LOWER_PRIORITY
D:\us-tech-quant\data\v16\prices_full\SOXX.csv,V16_PRICES_FULL,1,1,0.003077,TRUE,FALSE,FALSE,0,LOWER_PRIORITY_THAN_SELECTED_PER_TICKER_SOURCE,RELEVANT_NOT_SELECTED_LOWER_PRIORITY
D:\us-tech-quant\data\v16\prices_full\SPY.csv,V16_PRICES_FULL,1,1,0.003077,TRUE,FALSE,FALSE,0,LOWER_PRIORITY_THAN_SELECTED_PER_TICKER_SOURCE,RELEVANT_NOT_SELECTED_LOWER_PRIORITY
D:\us-tech-quant\data\v16\prices_full\STX.csv,V16_PRICES_FULL,1,1,0.003077,TRUE,FALSE,FALSE,0,LOWER_PRIORITY_THAN_SELECTED_PER_TICKER_SOURCE,RELEVANT_NOT_SELECTED_LOWER_PRIORITY
D:\us-tech-quant\data\v16\prices_full\TER.csv,V16_PRICES_FULL,1,1,0.003077,TRUE,FALSE,FALSE,0,LOWER_PRIORITY_THAN_SELECTED_PER_TICKER_SOURCE,RELEVANT_NOT_SELECTED_LOWER_PRIORITY
D:\us-tech-quant\data\v16\prices_full\TQQQ.csv,V16_PRICES_FULL,1,1,0.003077,TRUE,FALSE,FALSE,0,LOWER_PRIORITY_THAN_SELECTED_PER_TICKER_SOURCE,RELEVANT_NOT_SELECTED_LOWER_PRIORITY
D:\us-tech-quant\data\v16\prices_full\TSLA.csv,V16_PRICES_FULL,1,1,0.003077,TRUE,FALSE,FALSE,0,LOWER_PRIORITY_THAN_SELECTED_PER_TICKER_SOURCE,RELEVANT_NOT_SELECTED_LOWER_PRIORITY
D:\us-tech-quant\data\v16\prices_full\TSM.csv,V16_PRICES_FULL,1,1,0.003077,TRUE,FALSE,FALSE,0,LOWER_PRIORITY_THAN_SELECTED_PER_TICKER_SOURCE,RELEVANT_NOT_SELECTED_LOWER_PRIORITY
D:\us-tech-quant\data\v16\prices_full\TXN.csv,V16_PRICES_FULL,1,1,0.003077,TRUE,FALSE,FALSE,0,LOWER_PRIORITY_THAN_SELECTED_PER_TICKER_SOURCE,RELEVANT_NOT_SELECTED_LOWER_PRIORITY
D:\us-tech-quant\data\v16\prices_full\VECO.csv,V16_PRICES_FULL,1,1,0.003077,TRUE,FALSE,TRUE,1,,RELEVANT_SELECTED
D:\us-tech-quant\data\v16\prices_full\VRT.csv,V16_PRICES_FULL,1,1,0.003077,TRUE,FALSE,FALSE,0,LOWER_PRIORITY_THAN_SELECTED_PER_TICKER_SOURCE,RELEVANT_NOT_SELECTED_LOWER_PRIORITY
D:\us-tech-quant\data\v16\prices_full\VST.csv,V16_PRICES_FULL,1,1,0.003077,TRUE,FALSE,FALSE,0,LOWER_PRIORITY_THAN_SELECTED_PER_TICKER_SOURCE,RELEVANT_NOT_SELECTED_LOWER_PRIORITY
D:\us-tech-quant\data\v16\prices_full\WDC.csv,V16_PRICES_FULL,1,1,0.003077,TRUE,FALSE,FALSE,0,LOWER_PRIORITY_THAN_SELECTED_PER_TICKER_SOURCE,RELEVANT_NOT_SELECTED_LOWER_PRIORITY
D:\us-tech-quant\data\v16\prices_full\XLK.csv,V16_PRICES_FULL,1,1,0.003077,TRUE,FALSE,TRUE,1,,RELEVANT_SELECTED
D:\us-tech-quant\data\v16\prices_full\ZS.csv,V16_PRICES_FULL,1,1,0.003077,TRUE,FALSE,FALSE,0,LOWER_PRIORITY_THAN_SELECTED_PER_TICKER_SOURCE,RELEVANT_NOT_SELECTED_LOWER_PRIORITY
