ticker,composite_score,tier_current,tier_previous,tier_change,movement_type,movement_reason,score_source,score_source_trust,current_score,previous_score,current_rank,previous_rank,rank_delta,score_delta,review_required,source_file,source_kind
AA,,TIER_0_DATA_NOT_READY,TIER_0_DATA_NOT_READY,SAME_TIER_SCORE_DOWN,SAME_TIER_SCORE_DOWN,NO_MATERIAL_CHANGE,factor_pack_score,HIGH,,,,,,,FALSE,D:\us-tech-quant\outputs\v18\tier_migration\V18_24A_CURRENT_TIER_MOVEMENT_REPORT.csv,V18_24A_TIER_MIGRATION_ALIAS_REPAIR
AAL,,TIER_0_DATA_NOT_READY,TIER_0_DATA_NOT_READY,SAME_TIER_SCORE_DOWN,SAME_TIER_SCORE_DOWN,NO_MATERIAL_CHANGE,factor_pack_score,HIGH,,,,,,,FALSE,D:\us-tech-quant\outputs\v18\tier_migration\V18_24A_CURRENT_TIER_MOVEMENT_REPORT.csv,V18_24A_TIER_MIGRATION_ALIAS_REPAIR
AAPL,5.710000,TIER_5_WEAK_OR_BLOCKED,TIER_5_WEAK_OR_BLOCKED,SAME_TIER_SCORE_DOWN,SAME_TIER_SCORE_DOWN,NO_MATERIAL_CHANGE,factor_pack_score,HIGH,5.710000,5.710000,100,100,0,0.000000,FALSE,D:\us-tech-quant\outputs\v18\tier_migration\V18_24A_CURRENT_TIER_MOVEMENT_REPORT.csv,V18_24A_TIER_MIGRATION_ALIAS_REPAIR
ABR,,TIER_0_DATA_NOT_READY,TIER_0_DATA_NOT_READY,SAME_TIER_SCORE_DOWN,SAME_TIER_SCORE_DOWN,NO_MATERIAL_CHANGE,factor_pack_score,HIGH,,,,,,,FALSE,D:\us-tech-quant\outputs\v18\tier_migration\V18_24A_CURRENT_TIER_MOVEMENT_REPORT.csv,V18_24A_TIER_MIGRATION_ALIAS_REPAIR
ACLS,73.330000,TIER_3_WATCHLIST,TIER_3_WATCHLIST,SAME_TIER_SCORE_DOWN,SAME_TIER_SCORE_DOWN,NO_MATERIAL_CHANGE,factor_pack_score,HIGH,73.330000,73.330000,29,29,0,0.000000,FALSE,D:\us-tech-quant\outputs\v18\tier_migration\V18_24A_CURRENT_TIER_MOVEMENT_REPORT.csv,V18_24A_TIER_MIGRATION_ALIAS_REPAIR
ACM,40.000000,TIER_5_WEAK_OR_BLOCKED,TIER_5_WEAK_OR_BLOCKED,SAME_TIER_SCORE_DOWN,SAME_TIER_SCORE_DOWN,NO_MATERIAL_CHANGE,factor_pack_score,HIGH,40.000000,40.000000,64,64,0,0.000000,FALSE,D:\us-tech-quant\outputs\v18\tier_migration\V18_24A_CURRENT_TIER_MOVEMENT_REPORT.csv,V18_24A_TIER_MIGRATION_ALIAS_REPAIR
ACMR,65.710000,TIER_3_WATCHLIST,TIER_3_WATCHLIST,SAME_TIER_SCORE_DOWN,SAME_TIER_SCORE_DOWN,NO_MATERIAL_CHANGE,factor_pack_score,HIGH,65.710000,65.710000,37,37,0,0.000000,FALSE,D:\us-tech-quant\outputs\v18\tier_migration\V18_24A_CURRENT_TIER_MOVEMENT_REPORT.csv,V18_24A_TIER_MIGRATION_ALIAS_REPAIR
ADBE,,TIER_0_DATA_NOT_READY,TIER_0_DATA_NOT_READY,SAME_TIER_SCORE_DOWN,SAME_TIER_SCORE_DOWN,NO_MATERIAL_CHANGE,factor_pack_score,HIGH,,,,,,,FALSE,D:\us-tech-quant\outputs\v18\tier_migration\V18_24A_CURRENT_TIER_MOVEMENT_REPORT.csv,V18_24A_TIER_MIGRATION_ALIAS_REPAIR
ADMA,,TIER_0_DATA_NOT_READY,TIER_0_DATA_NOT_READY,SAME_TIER_SCORE_DOWN,SAME_TIER_SCORE_DOWN,NO_MATERIAL_CHANGE,factor_pack_score,HIGH,,,,,,,FALSE,D:\us-tech-quant\outputs\v18\tier_migration\V18_24A_CURRENT_TIER_MOVEMENT_REPORT.csv,V18_24A_TIER_MIGRATION_ALIAS_REPAIR
ADSK,,TIER_0_DATA_NOT_READY,TIER_0_DATA_NOT_READY,SAME_TIER_SCORE_DOWN,SAME_TIER_SCORE_DOWN,NO_MATERIAL_CHANGE,factor_pack_score,HIGH,,,,,,,FALSE,D:\us-tech-quant\outputs\v18\tier_migration\V18_24A_CURRENT_TIER_MOVEMENT_REPORT.csv,V18_24A_TIER_MIGRATION_ALIAS_REPAIR
AEHR,94.290000,TIER_1_CORE_CANDIDATE,TIER_1_CORE_CANDIDATE,SAME_TIER_SCORE_DOWN,SAME_TIER_SCORE_DOWN,NO_MATERIAL_CHANGE,factor_pack_score,HIGH,94.290000,94.290000,7,7,0,0.000000,FALSE,D:\us-tech-quant\outputs\v18\tier_migration\V18_24A_CURRENT_TIER_MOVEMENT_REPORT.csv,V18_24A_TIER_MIGRATION_ALIAS_REPAIR
AEIS,,TIER_0_DATA_NOT_READY,TIER_0_DATA_NOT_READY,SAME_TIER_SCORE_DOWN,SAME_TIER_SCORE_DOWN,NO_MATERIAL_CHANGE,factor_pack_score,HIGH,,,,,,,FALSE,D:\us-tech-quant\outputs\v18\tier_migration\V18_24A_CURRENT_TIER_MOVEMENT_REPORT.csv,V18_24A_TIER_MIGRATION_ALIAS_REPAIR
AEVA,,TIER_0_DATA_NOT_READY,TIER_0_DATA_NOT_READY,SAME_TIER_SCORE_DOWN,SAME_TIER_SCORE_DOWN,NO_MATERIAL_CHANGE,factor_pack_score,HIGH,,,,,,,FALSE,D:\us-tech-quant\outputs\v18\tier_migration\V18_24A_CURRENT_TIER_MOVEMENT_REPORT.csv,V18_24A_TIER_MIGRATION_ALIAS_REPAIR
AFRM,,TIER_0_DATA_NOT_READY,TIER_0_DATA_NOT_READY,SAME_TIER_SCORE_DOWN,SAME_TIER_SCORE_DOWN,NO_MATERIAL_CHANGE,factor_pack_score,HIGH,,,,,,,FALSE,D:\us-tech-quant\outputs\v18\tier_migration\V18_24A_CURRENT_TIER_MOVEMENT_REPORT.csv,V18_24A_TIER_MIGRATION_ALIAS_REPAIR
AGX,,TIER_0_DATA_NOT_READY,TIER_0_DATA_NOT_READY,SAME_TIER_SCORE_DOWN,SAME_TIER_SCORE_DOWN,NO_MATERIAL_CHANGE,factor_pack_score,HIGH,,,,,,,FALSE,D:\us-tech-quant\outputs\v18\tier_migration\V18_24A_CURRENT_TIER_MOVEMENT_REPORT.csv,V18_24A_TIER_MIGRATION_ALIAS_REPAIR
ALAB,12.380000,TIER_5_WEAK_OR_BLOCKED,TIER_5_WEAK_OR_BLOCKED,SAME_TIER_SCORE_DOWN,SAME_TIER_SCORE_DOWN,NO_MATERIAL_CHANGE,factor_pack_score,HIGH,12.380000,12.380000,93,93,0,0.000000,FALSE,D:\us-tech-quant\outputs\v18\tier_migration\V18_24A_CURRENT_TIER_MOVEMENT_REPORT.csv,V18_24A_TIER_MIGRATION_ALIAS_REPAIR
ALM,,TIER_0_DATA_NOT_READY,TIER_0_DATA_NOT_READY,SAME_TIER_SCORE_DOWN,SAME_TIER_SCORE_DOWN,NO_MATERIAL_CHANGE,factor_pack_score,HIGH,,,,,,,FALSE,D:\us-tech-quant\outputs\v18\tier_migration\V18_24A_CURRENT_TIER_MOVEMENT_REPORT.csv,V18_24A_TIER_MIGRATION_ALIAS_REPAIR
AMAT,72.380000,TIER_3_WATCHLIST,TIER_3_WATCHLIST,SAME_TIER_SCORE_DOWN,SAME_TIER_SCORE_DOWN,NO_MATERIAL_CHANGE,factor_pack_score,HIGH,72.380000,72.380000,30,30,0,0.000000,FALSE,D:\us-tech-quant\outputs\v18\tier_migration\V18_24A_CURRENT_TIER_MOVEMENT_REPORT.csv,V18_24A_TIER_MIGRATION_ALIAS_REPAIR
AMC,,TIER_0_DATA_NOT_READY,TIER_0_DATA_NOT_READY,SAME_TIER_SCORE_DOWN,SAME_TIER_SCORE_DOWN,NO_MATERIAL_CHANGE,factor_pack_score,HIGH,,,,,,,FALSE,D:\us-tech-quant\outputs\v18\tier_migration\V18_24A_CURRENT_TIER_MOVEMENT_REPORT.csv,V18_24A_TIER_MIGRATION_ALIAS_REPAIR
AMD,61.900000,TIER_4_REVIEW_ONLY,TIER_4_REVIEW_ONLY,SAME_TIER_SCORE_DOWN,SAME_TIER_SCORE_DOWN,NO_MATERIAL_CHANGE,factor_pack_score,HIGH,61.900000,61.900000,41,41,0,0.000000,FALSE,D:\us-tech-quant\outputs\v18\tier_migration\V18_24A_CURRENT_TIER_MOVEMENT_REPORT.csv,V18_24A_TIER_MIGRATION_ALIAS_REPAIR
AMKR,88.570000,TIER_1_CORE_CANDIDATE,TIER_1_CORE_CANDIDATE,SAME_TIER_SCORE_DOWN,SAME_TIER_SCORE_DOWN,NO_MATERIAL_CHANGE,factor_pack_score,HIGH,88.570000,88.570000,13,13,0,0.000000,FALSE,D:\us-tech-quant\outputs\v18\tier_migration\V18_24A_CURRENT_TIER_MOVEMENT_REPORT.csv,V18_24A_TIER_MIGRATION_ALIAS_REPAIR
AMZN,19.050000,TIER_5_WEAK_OR_BLOCKED,TIER_5_WEAK_OR_BLOCKED,SAME_TIER_SCORE_DOWN,SAME_TIER_SCORE_DOWN,NO_MATERIAL_CHANGE,factor_pack_score,HIGH,19.050000,19.050000,86,86,0,0.000000,FALSE,D:\us-tech-quant\outputs\v18\tier_migration\V18_24A_CURRENT_TIER_MOVEMENT_REPORT.csv,V18_24A_TIER_MIGRATION_ALIAS_REPAIR
ANET,32.380000,TIER_5_WEAK_OR_BLOCKED,TIER_5_WEAK_OR_BLOCKED,SAME_TIER_SCORE_DOWN,SAME_TIER_SCORE_DOWN,NO_MATERIAL_CHANGE,factor_pack_score,HIGH,32.380000,32.380000,72,72,0,0.000000,FALSE,D:\us-tech-quant\outputs\v18\tier_migration\V18_24A_CURRENT_TIER_MOVEMENT_REPORT.csv,V18_24A_TIER_MIGRATION_ALIAS_REPAIR
APG,,TIER_0_DATA_NOT_READY,TIER_0_DATA_NOT_READY,SAME_TIER_SCORE_DOWN,SAME_TIER_SCORE_DOWN,NO_MATERIAL_CHANGE,factor_pack_score,HIGH,,,,,,,FALSE,D:\us-tech-quant\outputs\v18\tier_migration\V18_24A_CURRENT_TIER_MOVEMENT_REPORT.csv,V18_24A_TIER_MIGRATION_ALIAS_REPAIR
APH,41.900000,TIER_5_WEAK_OR_BLOCKED,TIER_5_WEAK_OR_BLOCKED,SAME_TIER_SCORE_DOWN,SAME_TIER_SCORE_DOWN,NO_MATERIAL_CHANGE,factor_pack_score,HIGH,41.900000,41.900000,62,62,0,0.000000,FALSE,D:\us-tech-quant\outputs\v18\tier_migration\V18_24A_CURRENT_TIER_MOVEMENT_REPORT.csv,V18_24A_TIER_MIGRATION_ALIAS_REPAIR
APLD,,TIER_0_DATA_NOT_READY,TIER_0_DATA_NOT_READY,SAME_TIER_SCORE_DOWN,SAME_TIER_SCORE_DOWN,NO_MATERIAL_CHANGE,factor_pack_score,HIGH,,,,,,,FALSE,D:\us-tech-quant\outputs\v18\tier_migration\V18_24A_CURRENT_TIER_MOVEMENT_REPORT.csv,V18_24A_TIER_MIGRATION_ALIAS_REPAIR
APO,,TIER_0_DATA_NOT_READY,TIER_0_DATA_NOT_READY,SAME_TIER_SCORE_DOWN,SAME_TIER_SCORE_DOWN,NO_MATERIAL_CHANGE,factor_pack_score,HIGH,,,,,,,FALSE,D:\us-tech-quant\outputs\v18\tier_migration\V18_24A_CURRENT_TIER_MOVEMENT_REPORT.csv,V18_24A_TIER_MIGRATION_ALIAS_REPAIR
APP,,TIER_0_DATA_NOT_READY,TIER_0_DATA_NOT_READY,SAME_TIER_SCORE_DOWN,SAME_TIER_SCORE_DOWN,NO_MATERIAL_CHANGE,factor_pack_score,HIGH,,,,,,,FALSE,D:\us-tech-quant\outputs\v18\tier_migration\V18_24A_CURRENT_TIER_MOVEMENT_REPORT.csv,V18_24A_TIER_MIGRATION_ALIAS_REPAIR
ARGT,,TIER_0_DATA_NOT_READY,TIER_0_DATA_NOT_READY,SAME_TIER_SCORE_DOWN,SAME_TIER_SCORE_DOWN,NO_MATERIAL_CHANGE,factor_pack_score,HIGH,,,,,,,FALSE,D:\us-tech-quant\outputs\v18\tier_migration\V18_24A_CURRENT_TIER_MOVEMENT_REPORT.csv,V18_24A_TIER_MIGRATION_ALIAS_REPAIR
ARM,6.670000,TIER_5_WEAK_OR_BLOCKED,TIER_5_WEAK_OR_BLOCKED,SAME_TIER_SCORE_DOWN,SAME_TIER_SCORE_DOWN,NO_MATERIAL_CHANGE,factor_pack_score,HIGH,6.670000,6.670000,99,99,0,0.000000,FALSE,D:\us-tech-quant\outputs\v18\tier_migration\V18_24A_CURRENT_TIER_MOVEMENT_REPORT.csv,V18_24A_TIER_MIGRATION_ALIAS_REPAIR
ASML,59.050000,TIER_4_REVIEW_ONLY,TIER_4_REVIEW_ONLY,SAME_TIER_SCORE_DOWN,SAME_TIER_SCORE_DOWN,NO_MATERIAL_CHANGE,factor_pack_score,HIGH,59.050000,59.050000,44,44,0,0.000000,FALSE,D:\us-tech-quant\outputs\v18\tier_migration\V18_24A_CURRENT_TIER_MOVEMENT_REPORT.csv,V18_24A_TIER_MIGRATION_ALIAS_REPAIR
AVGO,26.670000,TIER_5_WEAK_OR_BLOCKED,TIER_5_WEAK_OR_BLOCKED,SAME_TIER_SCORE_DOWN,SAME_TIER_SCORE_DOWN,NO_MATERIAL_CHANGE,factor_pack_score,HIGH,26.670000,26.670000,78,78,0,0.000000,FALSE,D:\us-tech-quant\outputs\v18\tier_migration\V18_24A_CURRENT_TIER_MOVEMENT_REPORT.csv,V18_24A_TIER_MIGRATION_ALIAS_REPAIR
AXON,,TIER_0_DATA_NOT_READY,TIER_0_DATA_NOT_READY,SAME_TIER_SCORE_DOWN,SAME_TIER_SCORE_DOWN,NO_MATERIAL_CHANGE,factor_pack_score,HIGH,,,,,,,FALSE,D:\us-tech-quant\outputs\v18\tier_migration\V18_24A_CURRENT_TIER_MOVEMENT_REPORT.csv,V18_24A_TIER_MIGRATION_ALIAS_REPAIR
BABA,,TIER_0_DATA_NOT_READY,TIER_0_DATA_NOT_READY,SAME_TIER_SCORE_DOWN,SAME_TIER_SCORE_DOWN,NO_MATERIAL_CHANGE,factor_pack_score,HIGH,,,,,,,FALSE,D:\us-tech-quant\outputs\v18\tier_migration\V18_24A_CURRENT_TIER_MOVEMENT_REPORT.csv,V18_24A_TIER_MIGRATION_ALIAS_REPAIR
BAC,,TIER_0_DATA_NOT_READY,TIER_0_DATA_NOT_READY,SAME_TIER_SCORE_DOWN,SAME_TIER_SCORE_DOWN,NO_MATERIAL_CHANGE,factor_pack_score,HIGH,,,,,,,FALSE,D:\us-tech-quant\outputs\v18\tier_migration\V18_24A_CURRENT_TIER_MOVEMENT_REPORT.csv,V18_24A_TIER_MIGRATION_ALIAS_REPAIR
BALL,,TIER_0_DATA_NOT_READY,TIER_0_DATA_NOT_READY,SAME_TIER_SCORE_DOWN,SAME_TIER_SCORE_DOWN,NO_MATERIAL_CHANGE,factor_pack_score,HIGH,,,,,,,FALSE,D:\us-tech-quant\outputs\v18\tier_migration\V18_24A_CURRENT_TIER_MOVEMENT_REPORT.csv,V18_24A_TIER_MIGRATION_ALIAS_REPAIR
BE,79.050000,TIER_2_STRONG_WATCHLIST,TIER_2_STRONG_WATCHLIST,SAME_TIER_SCORE_DOWN,SAME_TIER_SCORE_DOWN,NO_MATERIAL_CHANGE,factor_pack_score,HIGH,79.050000,79.050000,23,23,0,0.000000,FALSE,D:\us-tech-quant\outputs\v18\tier_migration\V18_24A_CURRENT_TIER_MOVEMENT_REPORT.csv,V18_24A_TIER_MIGRATION_ALIAS_REPAIR
BIDU,,TIER_0_DATA_NOT_READY,TIER_0_DATA_NOT_READY,SAME_TIER_SCORE_DOWN,SAME_TIER_SCORE_DOWN,NO_MATERIAL_CHANGE,factor_pack_score,HIGH,,,,,,,FALSE,D:\us-tech-quant\outputs\v18\tier_migration\V18_24A_CURRENT_TIER_MOVEMENT_REPORT.csv,V18_24A_TIER_MIGRATION_ALIAS_REPAIR
BITF,,TIER_0_DATA_NOT_READY,TIER_0_DATA_NOT_READY,SAME_TIER_SCORE_DOWN,SAME_TIER_SCORE_DOWN,NO_MATERIAL_CHANGE,factor_pack_score,HIGH,,,,,,,FALSE,D:\us-tech-quant\outputs\v18\tier_migration\V18_24A_CURRENT_TIER_MOVEMENT_REPORT.csv,V18_24A_TIER_MIGRATION_ALIAS_REPAIR
BKNG,,TIER_0_DATA_NOT_READY,TIER_0_DATA_NOT_READY,SAME_TIER_SCORE_DOWN,SAME_TIER_SCORE_DOWN,NO_MATERIAL_CHANGE,factor_pack_score,HIGH,,,,,,,FALSE,D:\us-tech-quant\outputs\v18\tier_migration\V18_24A_CURRENT_TIER_MOVEMENT_REPORT.csv,V18_24A_TIER_MIGRATION_ALIAS_REPAIR
BLSH,,TIER_0_DATA_NOT_READY,TIER_0_DATA_NOT_READY,SAME_TIER_SCORE_DOWN,SAME_TIER_SCORE_DOWN,NO_MATERIAL_CHANGE,factor_pack_score,HIGH,,,,,,,FALSE,D:\us-tech-quant\outputs\v18\tier_migration\V18_24A_CURRENT_TIER_MOVEMENT_REPORT.csv,V18_24A_TIER_MIGRATION_ALIAS_REPAIR
BLTE,,TIER_0_DATA_NOT_READY,TIER_0_DATA_NOT_READY,SAME_TIER_SCORE_DOWN,SAME_TIER_SCORE_DOWN,NO_MATERIAL_CHANGE,factor_pack_score,HIGH,,,,,,,FALSE,D:\us-tech-quant\outputs\v18\tier_migration\V18_24A_CURRENT_TIER_MOVEMENT_REPORT.csv,V18_24A_TIER_MIGRATION_ALIAS_REPAIR
BN,,TIER_0_DATA_NOT_READY,TIER_0_DATA_NOT_READY,SAME_TIER_SCORE_DOWN,SAME_TIER_SCORE_DOWN,NO_MATERIAL_CHANGE,factor_pack_score,HIGH,,,,,,,FALSE,D:\us-tech-quant\outputs\v18\tier_migration\V18_24A_CURRENT_TIER_MOVEMENT_REPORT.csv,V18_24A_TIER_MIGRATION_ALIAS_REPAIR
BSX,,TIER_0_DATA_NOT_READY,TIER_0_DATA_NOT_READY,SAME_TIER_SCORE_DOWN,SAME_TIER_SCORE_DOWN,NO_MATERIAL_CHANGE,factor_pack_score,HIGH,,,,,,,FALSE,D:\us-tech-quant\outputs\v18\tier_migration\V18_24A_CURRENT_TIER_MOVEMENT_REPORT.csv,V18_24A_TIER_MIGRATION_ALIAS_REPAIR
BTDR,33.330000,TIER_5_WEAK_OR_BLOCKED,TIER_5_WEAK_OR_BLOCKED,SAME_TIER_SCORE_DOWN,SAME_TIER_SCORE_DOWN,NO_MATERIAL_CHANGE,factor_pack_score,HIGH,33.330000,33.330000,71,71,0,0.000000,FALSE,D:\us-tech-quant\outputs\v18\tier_migration\V18_24A_CURRENT_TIER_MOVEMENT_REPORT.csv,V18_24A_TIER_MIGRATION_ALIAS_REPAIR
BW,,TIER_0_DATA_NOT_READY,TIER_0_DATA_NOT_READY,SAME_TIER_SCORE_DOWN,SAME_TIER_SCORE_DOWN,NO_MATERIAL_CHANGE,factor_pack_score,HIGH,,,,,,,FALSE,D:\us-tech-quant\outputs\v18\tier_migration\V18_24A_CURRENT_TIER_MOVEMENT_REPORT.csv,V18_24A_TIER_MIGRATION_ALIAS_REPAIR
BYND,,TIER_0_DATA_NOT_READY,TIER_0_DATA_NOT_READY,SAME_TIER_SCORE_DOWN,SAME_TIER_SCORE_DOWN,NO_MATERIAL_CHANGE,factor_pack_score,HIGH,,,,,,,FALSE,D:\us-tech-quant\outputs\v18\tier_migration\V18_24A_CURRENT_TIER_MOVEMENT_REPORT.csv,V18_24A_TIER_MIGRATION_ALIAS_REPAIR
CAI,,TIER_0_DATA_NOT_READY,TIER_0_DATA_NOT_READY,SAME_TIER_SCORE_DOWN,SAME_TIER_SCORE_DOWN,NO_MATERIAL_CHANGE,factor_pack_score,HIGH,,,,,,,FALSE,D:\us-tech-quant\outputs\v18\tier_migration\V18_24A_CURRENT_TIER_MOVEMENT_REPORT.csv,V18_24A_TIER_MIGRATION_ALIAS_REPAIR
CAMT,82.860000,TIER_2_STRONG_WATCHLIST,TIER_2_STRONG_WATCHLIST,SAME_TIER_SCORE_DOWN,SAME_TIER_SCORE_DOWN,NO_MATERIAL_CHANGE,factor_pack_score,HIGH,82.860000,82.860000,19,19,0,0.000000,FALSE,D:\us-tech-quant\outputs\v18\tier_migration\V18_24A_CURRENT_TIER_MOVEMENT_REPORT.csv,V18_24A_TIER_MIGRATION_ALIAS_REPAIR
CARR,14.290000,TIER_5_WEAK_OR_BLOCKED,TIER_5_WEAK_OR_BLOCKED,SAME_TIER_SCORE_DOWN,SAME_TIER_SCORE_DOWN,NO_MATERIAL_CHANGE,factor_pack_score,HIGH,14.290000,14.290000,91,91,0,0.000000,FALSE,D:\us-tech-quant\outputs\v18\tier_migration\V18_24A_CURRENT_TIER_MOVEMENT_REPORT.csv,V18_24A_TIER_MIGRATION_ALIAS_REPAIR
CART,,TIER_0_DATA_NOT_READY,TIER_0_DATA_NOT_READY,SAME_TIER_SCORE_DOWN,SAME_TIER_SCORE_DOWN,NO_MATERIAL_CHANGE,factor_pack_score,HIGH,,,,,,,FALSE,D:\us-tech-quant\outputs\v18\tier_migration\V18_24A_CURRENT_TIER_MOVEMENT_REPORT.csv,V18_24A_TIER_MIGRATION_ALIAS_REPAIR
CDNS,,TIER_0_DATA_NOT_READY,TIER_0_DATA_NOT_READY,SAME_TIER_SCORE_DOWN,SAME_TIER_SCORE_DOWN,NO_MATERIAL_CHANGE,factor_pack_score,HIGH,,,,,,,FALSE,D:\us-tech-quant\outputs\v18\tier_migration\V18_24A_CURRENT_TIER_MOVEMENT_REPORT.csv,V18_24A_TIER_MIGRATION_ALIAS_REPAIR
CDTX,,TIER_0_DATA_NOT_READY,TIER_0_DATA_NOT_READY,SAME_TIER_SCORE_DOWN,SAME_TIER_SCORE_DOWN,NO_MATERIAL_CHANGE,factor_pack_score,HIGH,,,,,,,FALSE,D:\us-tech-quant\outputs\v18\tier_migration\V18_24A_CURRENT_TIER_MOVEMENT_REPORT.csv,V18_24A_TIER_MIGRATION_ALIAS_REPAIR
CEG,39.050000,TIER_5_WEAK_OR_BLOCKED,TIER_5_WEAK_OR_BLOCKED,SAME_TIER_SCORE_DOWN,SAME_TIER_SCORE_DOWN,NO_MATERIAL_CHANGE,factor_pack_score,HIGH,39.050000,39.050000,65,65,0,0.000000,FALSE,D:\us-tech-quant\outputs\v18\tier_migration\V18_24A_CURRENT_TIER_MOVEMENT_REPORT.csv,V18_24A_TIER_MIGRATION_ALIAS_REPAIR
CFLT,,TIER_0_DATA_NOT_READY,TIER_0_DATA_NOT_READY,SAME_TIER_SCORE_DOWN,SAME_TIER_SCORE_DOWN,NO_MATERIAL_CHANGE,factor_pack_score,HIGH,,,,,,,FALSE,D:\us-tech-quant\outputs\v18\tier_migration\V18_24A_CURRENT_TIER_MOVEMENT_REPORT.csv,V18_24A_TIER_MIGRATION_ALIAS_REPAIR
CHPT,,TIER_0_DATA_NOT_READY,TIER_0_DATA_NOT_READY,SAME_TIER_SCORE_DOWN,SAME_TIER_SCORE_DOWN,NO_MATERIAL_CHANGE,factor_pack_score,HIGH,,,,,,,FALSE,D:\us-tech-quant\outputs\v18\tier_migration\V18_24A_CURRENT_TIER_MOVEMENT_REPORT.csv,V18_24A_TIER_MIGRATION_ALIAS_REPAIR
CHRW,,TIER_0_DATA_NOT_READY,TIER_0_DATA_NOT_READY,SAME_TIER_SCORE_DOWN,SAME_TIER_SCORE_DOWN,NO_MATERIAL_CHANGE,factor_pack_score,HIGH,,,,,,,FALSE,D:\us-tech-quant\outputs\v18\tier_migration\V18_24A_CURRENT_TIER_MOVEMENT_REPORT.csv,V18_24A_TIER_MIGRATION_ALIAS_REPAIR
CHYM,,TIER_0_DATA_NOT_READY,TIER_0_DATA_NOT_READY,SAME_TIER_SCORE_DOWN,SAME_TIER_SCORE_DOWN,NO_MATERIAL_CHANGE,factor_pack_score,HIGH,,,,,,,FALSE,D:\us-tech-quant\outputs\v18\tier_migration\V18_24A_CURRENT_TIER_MOVEMENT_REPORT.csv,V18_24A_TIER_MIGRATION_ALIAS_REPAIR
CIEN,83.810000,TIER_2_STRONG_WATCHLIST,TIER_2_STRONG_WATCHLIST,SAME_TIER_SCORE_DOWN,SAME_TIER_SCORE_DOWN,NO_MATERIAL_CHANGE,factor_pack_score,HIGH,83.810000,83.810000,18,18,0,0.000000,FALSE,D:\us-tech-quant\outputs\v18\tier_migration\V18_24A_CURRENT_TIER_MOVEMENT_REPORT.csv,V18_24A_TIER_MIGRATION_ALIAS_REPAIR
CIFR,46.670000,TIER_5_WEAK_OR_BLOCKED,TIER_5_WEAK_OR_BLOCKED,SAME_TIER_SCORE_DOWN,SAME_TIER_SCORE_DOWN,NO_MATERIAL_CHANGE,factor_pack_score,HIGH,46.670000,46.670000,57,57,0,0.000000,FALSE,D:\us-tech-quant\outputs\v18\tier_migration\V18_24A_CURRENT_TIER_MOVEMENT_REPORT.csv,V18_24A_TIER_MIGRATION_ALIAS_REPAIR
CLF,,TIER_0_DATA_NOT_READY,TIER_0_DATA_NOT_READY,SAME_TIER_SCORE_DOWN,SAME_TIER_SCORE_DOWN,NO_MATERIAL_CHANGE,factor_pack_score,HIGH,,,,,,,FALSE,D:\us-tech-quant\outputs\v18\tier_migration\V18_24A_CURRENT_TIER_MOVEMENT_REPORT.csv,V18_24A_TIER_MIGRATION_ALIAS_REPAIR
CLH,,TIER_0_DATA_NOT_READY,TIER_0_DATA_NOT_READY,SAME_TIER_SCORE_DOWN,SAME_TIER_SCORE_DOWN,NO_MATERIAL_CHANGE,factor_pack_score,HIGH,,,,,,,FALSE,D:\us-tech-quant\outputs\v18\tier_migration\V18_24A_CURRENT_TIER_MOVEMENT_REPORT.csv,V18_24A_TIER_MIGRATION_ALIAS_REPAIR
CLS,60.950000,TIER_4_REVIEW_ONLY,TIER_4_REVIEW_ONLY,SAME_TIER_SCORE_DOWN,SAME_TIER_SCORE_DOWN,NO_MATERIAL_CHANGE,factor_pack_score,HIGH,60.950000,60.950000,42,42,0,0.000000,FALSE,D:\us-tech-quant\outputs\v18\tier_migration\V18_24A_CURRENT_TIER_MOVEMENT_REPORT.csv,V18_24A_TIER_MIGRATION_ALIAS_REPAIR
CLSK,,TIER_0_DATA_NOT_READY,TIER_0_DATA_NOT_READY,SAME_TIER_SCORE_DOWN,SAME_TIER_SCORE_DOWN,NO_MATERIAL_CHANGE,factor_pack_score,HIGH,,,,,,,FALSE,D:\us-tech-quant\outputs\v18\tier_migration\V18_24A_CURRENT_TIER_MOVEMENT_REPORT.csv,V18_24A_TIER_MIGRATION_ALIAS_REPAIR
CMG,,TIER_0_DATA_NOT_READY,TIER_0_DATA_NOT_READY,SAME_TIER_SCORE_DOWN,SAME_TIER_SCORE_DOWN,NO_MATERIAL_CHANGE,factor_pack_score,HIGH,,,,,,,FALSE,D:\us-tech-quant\outputs\v18\tier_migration\V18_24A_CURRENT_TIER_MOVEMENT_REPORT.csv,V18_24A_TIER_MIGRATION_ALIAS_REPAIR
CNM,,TIER_0_DATA_NOT_READY,TIER_0_DATA_NOT_READY,SAME_TIER_SCORE_DOWN,SAME_TIER_SCORE_DOWN,NO_MATERIAL_CHANGE,factor_pack_score,HIGH,,,,,,,FALSE,D:\us-tech-quant\outputs\v18\tier_migration\V18_24A_CURRENT_TIER_MOVEMENT_REPORT.csv,V18_24A_TIER_MIGRATION_ALIAS_REPAIR
COF,,TIER_0_DATA_NOT_READY,TIER_0_DATA_NOT_READY,SAME_TIER_SCORE_DOWN,SAME_TIER_SCORE_DOWN,NO_MATERIAL_CHANGE,factor_pack_score,HIGH,,,,,,,FALSE,D:\us-tech-quant\outputs\v18\tier_migration\V18_24A_CURRENT_TIER_MOVEMENT_REPORT.csv,V18_24A_TIER_MIGRATION_ALIAS_REPAIR
COG,,TIER_0_DATA_NOT_READY,TIER_0_DATA_NOT_READY,HELD_OUT_OR_REVIEW_BLOCKED,HELD_OUT_OR_REVIEW_BLOCKED,NO_MATERIAL_CHANGE;HELD_OUT_BY_BACKFILL_QUALITY,factor_pack_score,HIGH,,,,,,,TRUE,D:\us-tech-quant\outputs\v18\tier_migration\V18_24A_CURRENT_TIER_MOVEMENT_REPORT.csv,V18_24A_TIER_MIGRATION_ALIAS_REPAIR
COGT,,TIER_0_DATA_NOT_READY,TIER_0_DATA_NOT_READY,HELD_OUT_OR_REVIEW_BLOCKED,HELD_OUT_OR_REVIEW_BLOCKED,NO_MATERIAL_CHANGE;HELD_OUT_BY_BACKFILL_QUALITY,factor_pack_score,HIGH,,,,,,,TRUE,D:\us-tech-quant\outputs\v18\tier_migration\V18_24A_CURRENT_TIER_MOVEMENT_REPORT.csv,V18_24A_TIER_MIGRATION_ALIAS_REPAIR
COHR,68.570000,TIER_3_WATCHLIST,TIER_3_WATCHLIST,SAME_TIER_SCORE_DOWN,SAME_TIER_SCORE_DOWN,NO_MATERIAL_CHANGE,factor_pack_score,HIGH,68.570000,68.570000,34,34,0,0.000000,FALSE,D:\us-tech-quant\outputs\v18\tier_migration\V18_24A_CURRENT_TIER_MOVEMENT_REPORT.csv,V18_24A_TIER_MIGRATION_ALIAS_REPAIR
COHU,85.710000,TIER_1_CORE_CANDIDATE,TIER_1_CORE_CANDIDATE,SAME_TIER_SCORE_DOWN,SAME_TIER_SCORE_DOWN,NO_MATERIAL_CHANGE,factor_pack_score,HIGH,85.710000,85.710000,16,16,0,0.000000,FALSE,D:\us-tech-quant\outputs\v18\tier_migration\V18_24A_CURRENT_TIER_MOVEMENT_REPORT.csv,V18_24A_TIER_MIGRATION_ALIAS_REPAIR
CORZ,1.900000,TIER_5_WEAK_OR_BLOCKED,TIER_5_WEAK_OR_BLOCKED,SAME_TIER_SCORE_DOWN,SAME_TIER_SCORE_DOWN,NO_MATERIAL_CHANGE,factor_pack_score,HIGH,1.900000,1.900000,104,104,0,0.000000,FALSE,D:\us-tech-quant\outputs\v18\tier_migration\V18_24A_CURRENT_TIER_MOVEMENT_REPORT.csv,V18_24A_TIER_MIGRATION_ALIAS_REPAIR
CPAY,,TIER_0_DATA_NOT_READY,TIER_0_DATA_NOT_READY,SAME_TIER_SCORE_DOWN,SAME_TIER_SCORE_DOWN,NO_MATERIAL_CHANGE,factor_pack_score,HIGH,,,,,,,FALSE,D:\us-tech-quant\outputs\v18\tier_migration\V18_24A_CURRENT_TIER_MOVEMENT_REPORT.csv,V18_24A_TIER_MIGRATION_ALIAS_REPAIR
CPNG,,TIER_0_DATA_NOT_READY,TIER_0_DATA_NOT_READY,SAME_TIER_SCORE_DOWN,SAME_TIER_SCORE_DOWN,NO_MATERIAL_CHANGE,factor_pack_score,HIGH,,,,,,,FALSE,D:\us-tech-quant\outputs\v18\tier_migration\V18_24A_CURRENT_TIER_MOVEMENT_REPORT.csv,V18_24A_TIER_MIGRATION_ALIAS_REPAIR
CRCL,,TIER_0_DATA_NOT_READY,TIER_0_DATA_NOT_READY,HELD_OUT_OR_REVIEW_BLOCKED,HELD_OUT_OR_REVIEW_BLOCKED,NO_MATERIAL_CHANGE;HELD_OUT_BY_BACKFILL_QUALITY,factor_pack_score,HIGH,,,,,,,TRUE,D:\us-tech-quant\outputs\v18\tier_migration\V18_24A_CURRENT_TIER_MOVEMENT_REPORT.csv,V18_24A_TIER_MIGRATION_ALIAS_REPAIR
CRDO,80.000000,TIER_2_STRONG_WATCHLIST,TIER_2_STRONG_WATCHLIST,SAME_TIER_SCORE_DOWN,SAME_TIER_SCORE_DOWN,NO_MATERIAL_CHANGE,factor_pack_score,HIGH,80.000000,80.000000,22,22,0,0.000000,FALSE,D:\us-tech-quant\outputs\v18\tier_migration\V18_24A_CURRENT_TIER_MOVEMENT_REPORT.csv,V18_24A_TIER_MIGRATION_ALIAS_REPAIR
CRH,,TIER_0_DATA_NOT_READY,TIER_0_DATA_NOT_READY,SAME_TIER_SCORE_DOWN,SAME_TIER_SCORE_DOWN,NO_MATERIAL_CHANGE,factor_pack_score,HIGH,,,,,,,FALSE,D:\us-tech-quant\outputs\v18\tier_migration\V18_24A_CURRENT_TIER_MOVEMENT_REPORT.csv,V18_24A_TIER_MIGRATION_ALIAS_REPAIR
CRM,27.620000,TIER_5_WEAK_OR_BLOCKED,TIER_5_WEAK_OR_BLOCKED,SAME_TIER_SCORE_DOWN,SAME_TIER_SCORE_DOWN,NO_MATERIAL_CHANGE,factor_pack_score,HIGH,27.620000,27.620000,77,77,0,0.000000,FALSE,D:\us-tech-quant\outputs\v18\tier_migration\V18_24A_CURRENT_TIER_MOVEMENT_REPORT.csv,V18_24A_TIER_MIGRATION_ALIAS_REPAIR
CRS,,TIER_0_DATA_NOT_READY,TIER_0_DATA_NOT_READY,SAME_TIER_SCORE_DOWN,SAME_TIER_SCORE_DOWN,NO_MATERIAL_CHANGE,factor_pack_score,HIGH,,,,,,,FALSE,D:\us-tech-quant\outputs\v18\tier_migration\V18_24A_CURRENT_TIER_MOVEMENT_REPORT.csv,V18_24A_TIER_MIGRATION_ALIAS_REPAIR
CRWD,10.480000,TIER_5_WEAK_OR_BLOCKED,TIER_5_WEAK_OR_BLOCKED,SAME_TIER_SCORE_DOWN,SAME_TIER_SCORE_DOWN,NO_MATERIAL_CHANGE,factor_pack_score,HIGH,10.480000,10.480000,95,95,0,0.000000,FALSE,D:\us-tech-quant\outputs\v18\tier_migration\V18_24A_CURRENT_TIER_MOVEMENT_REPORT.csv,V18_24A_TIER_MIGRATION_ALIAS_REPAIR
CRWV,75.240000,TIER_2_STRONG_WATCHLIST,TIER_2_STRONG_WATCHLIST,SAME_TIER_SCORE_DOWN,SAME_TIER_SCORE_DOWN,NO_MATERIAL_CHANGE,factor_pack_score,HIGH,75.240000,75.240000,27,27,0,0.000000,FALSE,D:\us-tech-quant\outputs\v18\tier_migration\V18_24A_CURRENT_TIER_MOVEMENT_REPORT.csv,V18_24A_TIER_MIGRATION_ALIAS_REPAIR
CSCO,22.860000,TIER_5_WEAK_OR_BLOCKED,TIER_5_WEAK_OR_BLOCKED,SAME_TIER_SCORE_DOWN,SAME_TIER_SCORE_DOWN,NO_MATERIAL_CHANGE,factor_pack_score,HIGH,22.860000,22.860000,82,82,0,0.000000,FALSE,D:\us-tech-quant\outputs\v18\tier_migration\V18_24A_CURRENT_TIER_MOVEMENT_REPORT.csv,V18_24A_TIER_MIGRATION_ALIAS_REPAIR
CSGP,,TIER_0_DATA_NOT_READY,TIER_0_DATA_NOT_READY,SAME_TIER_SCORE_DOWN,SAME_TIER_SCORE_DOWN,NO_MATERIAL_CHANGE,factor_pack_score,HIGH,,,,,,,FALSE,D:\us-tech-quant\outputs\v18\tier_migration\V18_24A_CURRENT_TIER_MOVEMENT_REPORT.csv,V18_24A_TIER_MIGRATION_ALIAS_REPAIR
CVNA,,TIER_0_DATA_NOT_READY,TIER_0_DATA_NOT_READY,HELD_OUT_OR_REVIEW_BLOCKED,HELD_OUT_OR_REVIEW_BLOCKED,NO_MATERIAL_CHANGE;HELD_OUT_BY_BACKFILL_QUALITY,factor_pack_score,HIGH,,,,,,,TRUE,D:\us-tech-quant\outputs\v18\tier_migration\V18_24A_CURRENT_TIER_MOVEMENT_REPORT.csv,V18_24A_TIER_MIGRATION_ALIAS_REPAIR
D,20.000000,TIER_5_WEAK_OR_BLOCKED,TIER_5_WEAK_OR_BLOCKED,SAME_TIER_SCORE_DOWN,SAME_TIER_SCORE_DOWN,NO_MATERIAL_CHANGE,factor_pack_score,HIGH,20.000000,20.000000,85,85,0,0.000000,FALSE,D:\us-tech-quant\outputs\v18\tier_migration\V18_24A_CURRENT_TIER_MOVEMENT_REPORT.csv,V18_24A_TIER_MIGRATION_ALIAS_REPAIR
DAKT,,TIER_0_DATA_NOT_READY,TIER_0_DATA_NOT_READY,SAME_TIER_SCORE_DOWN,SAME_TIER_SCORE_DOWN,NO_MATERIAL_CHANGE,factor_pack_score,HIGH,,,,,,,FALSE,D:\us-tech-quant\outputs\v18\tier_migration\V18_24A_CURRENT_TIER_MOVEMENT_REPORT.csv,V18_24A_TIER_MIGRATION_ALIAS_REPAIR
DAL,,TIER_0_DATA_NOT_READY,TIER_0_DATA_NOT_READY,SAME_TIER_SCORE_DOWN,SAME_TIER_SCORE_DOWN,NO_MATERIAL_CHANGE,factor_pack_score,HIGH,,,,,,,FALSE,D:\us-tech-quant\outputs\v18\tier_migration\V18_24A_CURRENT_TIER_MOVEMENT_REPORT.csv,V18_24A_TIER_MIGRATION_ALIAS_REPAIR
DASH,,TIER_0_DATA_NOT_READY,TIER_0_DATA_NOT_READY,SAME_TIER_SCORE_DOWN,SAME_TIER_SCORE_DOWN,NO_MATERIAL_CHANGE,factor_pack_score,HIGH,,,,,,,FALSE,D:\us-tech-quant\outputs\v18\tier_migration\V18_24A_CURRENT_TIER_MOVEMENT_REPORT.csv,V18_24A_TIER_MIGRATION_ALIAS_REPAIR
DB,,TIER_0_DATA_NOT_READY,TIER_0_DATA_NOT_READY,SAME_TIER_SCORE_DOWN,SAME_TIER_SCORE_DOWN,NO_MATERIAL_CHANGE,factor_pack_score,HIGH,,,,,,,FALSE,D:\us-tech-quant\outputs\v18\tier_migration\V18_24A_CURRENT_TIER_MOVEMENT_REPORT.csv,V18_24A_TIER_MIGRATION_ALIAS_REPAIR
DBVT,,TIER_0_DATA_NOT_READY,TIER_0_DATA_NOT_READY,HELD_OUT_OR_REVIEW_BLOCKED,HELD_OUT_OR_REVIEW_BLOCKED,NO_MATERIAL_CHANGE;HELD_OUT_BY_BACKFILL_QUALITY,factor_pack_score,HIGH,,,,,,,TRUE,D:\us-tech-quant\outputs\v18\tier_migration\V18_24A_CURRENT_TIER_MOVEMENT_REPORT.csv,V18_24A_TIER_MIGRATION_ALIAS_REPAIR
DDOG,0.950000,TIER_5_WEAK_OR_BLOCKED,TIER_5_WEAK_OR_BLOCKED,SAME_TIER_SCORE_DOWN,SAME_TIER_SCORE_DOWN,NO_MATERIAL_CHANGE,factor_pack_score,HIGH,0.950000,0.950000,105,105,0,0.000000,FALSE,D:\us-tech-quant\outputs\v18\tier_migration\V18_24A_CURRENT_TIER_MOVEMENT_REPORT.csv,V18_24A_TIER_MIGRATION_ALIAS_REPAIR
DELL,55.240000,TIER_4_REVIEW_ONLY,TIER_4_REVIEW_ONLY,SAME_TIER_SCORE_DOWN,SAME_TIER_SCORE_DOWN,NO_MATERIAL_CHANGE,factor_pack_score,HIGH,55.240000,55.240000,48,48,0,0.000000,FALSE,D:\us-tech-quant\outputs\v18\tier_migration\V18_24A_CURRENT_TIER_MOVEMENT_REPORT.csv,V18_24A_TIER_MIGRATION_ALIAS_REPAIR
DIS,,TIER_0_DATA_NOT_READY,TIER_0_DATA_NOT_READY,SAME_TIER_SCORE_DOWN,SAME_TIER_SCORE_DOWN,NO_MATERIAL_CHANGE,factor_pack_score,HIGH,,,,,,,FALSE,D:\us-tech-quant\outputs\v18\tier_migration\V18_24A_CURRENT_TIER_MOVEMENT_REPORT.csv,V18_24A_TIER_MIGRATION_ALIAS_REPAIR
DOCU,,TIER_0_DATA_NOT_READY,TIER_0_DATA_NOT_READY,SAME_TIER_SCORE_DOWN,SAME_TIER_SCORE_DOWN,NO_MATERIAL_CHANGE,factor_pack_score,HIGH,,,,,,,FALSE,D:\us-tech-quant\outputs\v18\tier_migration\V18_24A_CURRENT_TIER_MOVEMENT_REPORT.csv,V18_24A_TIER_MIGRATION_ALIAS_REPAIR
DUOL,,TIER_0_DATA_NOT_READY,TIER_0_DATA_NOT_READY,SAME_TIER_SCORE_DOWN,SAME_TIER_SCORE_DOWN,NO_MATERIAL_CHANGE,factor_pack_score,HIGH,,,,,,,FALSE,D:\us-tech-quant\outputs\v18\tier_migration\V18_24A_CURRENT_TIER_MOVEMENT_REPORT.csv,V18_24A_TIER_MIGRATION_ALIAS_REPAIR
ECL,45.710000,TIER_5_WEAK_OR_BLOCKED,TIER_5_WEAK_OR_BLOCKED,SAME_TIER_SCORE_DOWN,SAME_TIER_SCORE_DOWN,NO_MATERIAL_CHANGE,factor_pack_score,HIGH,45.710000,45.710000,58,58,0,0.000000,FALSE,D:\us-tech-quant\outputs\v18\tier_migration\V18_24A_CURRENT_TIER_MOVEMENT_REPORT.csv,V18_24A_TIER_MIGRATION_ALIAS_REPAIR
EEM,,TIER_0_DATA_NOT_READY,TIER_0_DATA_NOT_READY,SAME_TIER_SCORE_DOWN,SAME_TIER_SCORE_DOWN,NO_MATERIAL_CHANGE,factor_pack_score,HIGH,,,,,,,FALSE,D:\us-tech-quant\outputs\v18\tier_migration\V18_24A_CURRENT_TIER_MOVEMENT_REPORT.csv,V18_24A_TIER_MIGRATION_ALIAS_REPAIR
ENPH,,TIER_0_DATA_NOT_READY,TIER_0_DATA_NOT_READY,SAME_TIER_SCORE_DOWN,SAME_TIER_SCORE_DOWN,NO_MATERIAL_CHANGE,factor_pack_score,HIGH,,,,,,,FALSE,D:\us-tech-quant\outputs\v18\tier_migration\V18_24A_CURRENT_TIER_MOVEMENT_REPORT.csv,V18_24A_TIER_MIGRATION_ALIAS_REPAIR
ENTG,70.480000,TIER_3_WATCHLIST,TIER_3_WATCHLIST,SAME_TIER_SCORE_DOWN,SAME_TIER_SCORE_DOWN,NO_MATERIAL_CHANGE,factor_pack_score,HIGH,70.480000,70.480000,32,32,0,0.000000,FALSE,D:\us-tech-quant\outputs\v18\tier_migration\V18_24A_CURRENT_TIER_MOVEMENT_REPORT.csv,V18_24A_TIER_MIGRATION_ALIAS_REPAIR
EQIX,,TIER_0_DATA_NOT_READY,TIER_0_DATA_NOT_READY,SAME_TIER_SCORE_DOWN,SAME_TIER_SCORE_DOWN,NO_MATERIAL_CHANGE,factor_pack_score,HIGH,,,,,,,FALSE,D:\us-tech-quant\outputs\v18\tier_migration\V18_24A_CURRENT_TIER_MOVEMENT_REPORT.csv,V18_24A_TIER_MIGRATION_ALIAS_REPAIR
EQT,,TIER_0_DATA_NOT_READY,TIER_0_DATA_NOT_READY,SAME_TIER_SCORE_DOWN,SAME_TIER_SCORE_DOWN,NO_MATERIAL_CHANGE,factor_pack_score,HIGH,,,,,,,FALSE,D:\us-tech-quant\outputs\v18\tier_migration\V18_24A_CURRENT_TIER_MOVEMENT_REPORT.csv,V18_24A_TIER_MIGRATION_ALIAS_REPAIR
ET,,TIER_0_DATA_NOT_READY,TIER_0_DATA_NOT_READY,SAME_TIER_SCORE_DOWN,SAME_TIER_SCORE_DOWN,NO_MATERIAL_CHANGE,factor_pack_score,HIGH,,,,,,,FALSE,D:\us-tech-quant\outputs\v18\tier_migration\V18_24A_CURRENT_TIER_MOVEMENT_REPORT.csv,V18_24A_TIER_MIGRATION_ALIAS_REPAIR
ETN,48.570000,TIER_5_WEAK_OR_BLOCKED,TIER_5_WEAK_OR_BLOCKED,SAME_TIER_SCORE_DOWN,SAME_TIER_SCORE_DOWN,NO_MATERIAL_CHANGE,factor_pack_score,HIGH,48.570000,48.570000,55,55,0,0.000000,FALSE,D:\us-tech-quant\outputs\v18\tier_migration\V18_24A_CURRENT_TIER_MOVEMENT_REPORT.csv,V18_24A_TIER_MIGRATION_ALIAS_REPAIR
ETR,52.380000,TIER_4_REVIEW_ONLY,TIER_4_REVIEW_ONLY,SAME_TIER_SCORE_DOWN,SAME_TIER_SCORE_DOWN,NO_MATERIAL_CHANGE,factor_pack_score,HIGH,52.380000,52.380000,51,51,0,0.000000,FALSE,D:\us-tech-quant\outputs\v18\tier_migration\V18_24A_CURRENT_TIER_MOVEMENT_REPORT.csv,V18_24A_TIER_MIGRATION_ALIAS_REPAIR
EWY,,TIER_0_DATA_NOT_READY,TIER_0_DATA_NOT_READY,SAME_TIER_SCORE_DOWN,SAME_TIER_SCORE_DOWN,NO_MATERIAL_CHANGE,factor_pack_score,HIGH,,,,,,,FALSE,D:\us-tech-quant\outputs\v18\tier_migration\V18_24A_CURRENT_TIER_MOVEMENT_REPORT.csv,V18_24A_TIER_MIGRATION_ALIAS_REPAIR
EWZ,,TIER_0_DATA_NOT_READY,TIER_0_DATA_NOT_READY,SAME_TIER_SCORE_DOWN,SAME_TIER_SCORE_DOWN,NO_MATERIAL_CHANGE,factor_pack_score,HIGH,,,,,,,FALSE,D:\us-tech-quant\outputs\v18\tier_migration\V18_24A_CURRENT_TIER_MOVEMENT_REPORT.csv,V18_24A_TIER_MIGRATION_ALIAS_REPAIR
FCNCA,,TIER_0_DATA_NOT_READY,TIER_0_DATA_NOT_READY,HELD_OUT_OR_REVIEW_BLOCKED,HELD_OUT_OR_REVIEW_BLOCKED,NO_MATERIAL_CHANGE;HELD_OUT_BY_BACKFILL_QUALITY,factor_pack_score,HIGH,,,,,,,TRUE,D:\us-tech-quant\outputs\v18\tier_migration\V18_24A_CURRENT_TIER_MOVEMENT_REPORT.csv,V18_24A_TIER_MIGRATION_ALIAS_REPAIR
FIGR,,TIER_0_DATA_NOT_READY,TIER_0_DATA_NOT_READY,HELD_OUT_OR_REVIEW_BLOCKED,HELD_OUT_OR_REVIEW_BLOCKED,NO_MATERIAL_CHANGE;HELD_OUT_BY_BACKFILL_QUALITY,factor_pack_score,HIGH,,,,,,,TRUE,D:\us-tech-quant\outputs\v18\tier_migration\V18_24A_CURRENT_TIER_MOVEMENT_REPORT.csv,V18_24A_TIER_MIGRATION_ALIAS_REPAIR
FIX,86.670000,TIER_1_CORE_CANDIDATE,TIER_1_CORE_CANDIDATE,SAME_TIER_SCORE_DOWN,SAME_TIER_SCORE_DOWN,NO_MATERIAL_CHANGE,factor_pack_score,HIGH,86.670000,86.670000,15,15,0,0.000000,FALSE,D:\us-tech-quant\outputs\v18\tier_migration\V18_24A_CURRENT_TIER_MOVEMENT_REPORT.csv,V18_24A_TIER_MIGRATION_ALIAS_REPAIR
FLEX,81.900000,TIER_2_STRONG_WATCHLIST,TIER_2_STRONG_WATCHLIST,SAME_TIER_SCORE_DOWN,SAME_TIER_SCORE_DOWN,NO_MATERIAL_CHANGE,factor_pack_score,HIGH,81.900000,81.900000,20,20,0,0.000000,FALSE,D:\us-tech-quant\outputs\v18\tier_migration\V18_24A_CURRENT_TIER_MOVEMENT_REPORT.csv,V18_24A_TIER_MIGRATION_ALIAS_REPAIR
FLR,29.520000,TIER_5_WEAK_OR_BLOCKED,TIER_5_WEAK_OR_BLOCKED,SAME_TIER_SCORE_DOWN,SAME_TIER_SCORE_DOWN,NO_MATERIAL_CHANGE,factor_pack_score,HIGH,29.520000,29.520000,75,75,0,0.000000,FALSE,D:\us-tech-quant\outputs\v18\tier_migration\V18_24A_CURRENT_TIER_MOVEMENT_REPORT.csv,V18_24A_TIER_MIGRATION_ALIAS_REPAIR
FLS,,TIER_0_DATA_NOT_READY,TIER_0_DATA_NOT_READY,SAME_TIER_SCORE_DOWN,SAME_TIER_SCORE_DOWN,NO_MATERIAL_CHANGE,factor_pack_score,HIGH,,,,,,,FALSE,D:\us-tech-quant\outputs\v18\tier_migration\V18_24A_CURRENT_TIER_MOVEMENT_REPORT.csv,V18_24A_TIER_MIGRATION_ALIAS_REPAIR
FLUT,,TIER_0_DATA_NOT_READY,TIER_0_DATA_NOT_READY,SAME_TIER_SCORE_DOWN,SAME_TIER_SCORE_DOWN,NO_MATERIAL_CHANGE,factor_pack_score,HIGH,,,,,,,FALSE,D:\us-tech-quant\outputs\v18\tier_migration\V18_24A_CURRENT_TIER_MOVEMENT_REPORT.csv,V18_24A_TIER_MIGRATION_ALIAS_REPAIR
FN,31.430000,TIER_5_WEAK_OR_BLOCKED,TIER_5_WEAK_OR_BLOCKED,SAME_TIER_SCORE_DOWN,SAME_TIER_SCORE_DOWN,NO_MATERIAL_CHANGE,factor_pack_score,HIGH,31.430000,31.430000,73,73,0,0.000000,FALSE,D:\us-tech-quant\outputs\v18\tier_migration\V18_24A_CURRENT_TIER_MOVEMENT_REPORT.csv,V18_24A_TIER_MIGRATION_ALIAS_REPAIR
FORM,100.000000,TIER_1_CORE_CANDIDATE,TIER_1_CORE_CANDIDATE,SAME_TIER_SCORE_DOWN,SAME_TIER_SCORE_DOWN,NO_MATERIAL_CHANGE,factor_pack_score,HIGH,100.000000,100.000000,1,1,0,0.000000,FALSE,D:\us-tech-quant\outputs\v18\tier_migration\V18_24A_CURRENT_TIER_MOVEMENT_REPORT.csv,V18_24A_TIER_MIGRATION_ALIAS_REPAIR
FWONK,,TIER_0_DATA_NOT_READY,TIER_0_DATA_NOT_READY,SAME_TIER_SCORE_DOWN,SAME_TIER_SCORE_DOWN,NO_MATERIAL_CHANGE,factor_pack_score,HIGH,,,,,,,FALSE,D:\us-tech-quant\outputs\v18\tier_migration\V18_24A_CURRENT_TIER_MOVEMENT_REPORT.csv,V18_24A_TIER_MIGRATION_ALIAS_REPAIR
GEHC,,TIER_0_DATA_NOT_READY,TIER_0_DATA_NOT_READY,SAME_TIER_SCORE_DOWN,SAME_TIER_SCORE_DOWN,NO_MATERIAL_CHANGE,factor_pack_score,HIGH,,,,,,,FALSE,D:\us-tech-quant\outputs\v18\tier_migration\V18_24A_CURRENT_TIER_MOVEMENT_REPORT.csv,V18_24A_TIER_MIGRATION_ALIAS_REPAIR
GEMI,,TIER_0_DATA_NOT_READY,TIER_0_DATA_NOT_READY,HELD_OUT_OR_REVIEW_BLOCKED,HELD_OUT_OR_REVIEW_BLOCKED,NO_MATERIAL_CHANGE;HELD_OUT_BY_BACKFILL_QUALITY,factor_pack_score,HIGH,,,,,,,TRUE,D:\us-tech-quant\outputs\v18\tier_migration\V18_24A_CURRENT_TIER_MOVEMENT_REPORT.csv,V18_24A_TIER_MIGRATION_ALIAS_REPAIR
GEV,63.810000,TIER_4_REVIEW_ONLY,TIER_4_REVIEW_ONLY,SAME_TIER_SCORE_DOWN,SAME_TIER_SCORE_DOWN,NO_MATERIAL_CHANGE,factor_pack_score,HIGH,63.810000,63.810000,39,39,0,0.000000,FALSE,D:\us-tech-quant\outputs\v18\tier_migration\V18_24A_CURRENT_TIER_MOVEMENT_REPORT.csv,V18_24A_TIER_MIGRATION_ALIAS_REPAIR
GLW,95.240000,TIER_1_CORE_CANDIDATE,TIER_1_CORE_CANDIDATE,SAME_TIER_SCORE_DOWN,SAME_TIER_SCORE_DOWN,NO_MATERIAL_CHANGE,factor_pack_score,HIGH,95.240000,95.240000,6,6,0,0.000000,FALSE,D:\us-tech-quant\outputs\v18\tier_migration\V18_24A_CURRENT_TIER_MOVEMENT_REPORT.csv,V18_24A_TIER_MIGRATION_ALIAS_REPAIR
GNRC,42.860000,TIER_5_WEAK_OR_BLOCKED,TIER_5_WEAK_OR_BLOCKED,SAME_TIER_SCORE_DOWN,SAME_TIER_SCORE_DOWN,NO_MATERIAL_CHANGE,factor_pack_score,HIGH,42.860000,42.860000,61,61,0,0.000000,FALSE,D:\us-tech-quant\outputs\v18\tier_migration\V18_24A_CURRENT_TIER_MOVEMENT_REPORT.csv,V18_24A_TIER_MIGRATION_ALIAS_REPAIR
GOOG,,TIER_0_DATA_NOT_READY,TIER_0_DATA_NOT_READY,SAME_TIER_SCORE_DOWN,SAME_TIER_SCORE_DOWN,NO_MATERIAL_CHANGE,factor_pack_score,HIGH,,,,,,,FALSE,D:\us-tech-quant\outputs\v18\tier_migration\V18_24A_CURRENT_TIER_MOVEMENT_REPORT.csv,V18_24A_TIER_MIGRATION_ALIAS_REPAIR
GOOGL,3.810000,TIER_5_WEAK_OR_BLOCKED,TIER_5_WEAK_OR_BLOCKED,SAME_TIER_SCORE_DOWN,SAME_TIER_SCORE_DOWN,NO_MATERIAL_CHANGE,factor_pack_score,HIGH,3.810000,3.810000,102,102,0,0.000000,FALSE,D:\us-tech-quant\outputs\v18\tier_migration\V18_24A_CURRENT_TIER_MOVEMENT_REPORT.csv,V18_24A_TIER_MIGRATION_ALIAS_REPAIR
GRAB,,TIER_0_DATA_NOT_READY,TIER_0_DATA_NOT_READY,SAME_TIER_SCORE_DOWN,SAME_TIER_SCORE_DOWN,NO_MATERIAL_CHANGE,factor_pack_score,HIGH,,,,,,,FALSE,D:\us-tech-quant\outputs\v18\tier_migration\V18_24A_CURRENT_TIER_MOVEMENT_REPORT.csv,V18_24A_TIER_MIGRATION_ALIAS_REPAIR
GS,,TIER_0_DATA_NOT_READY,TIER_0_DATA_NOT_READY,SAME_TIER_SCORE_DOWN,SAME_TIER_SCORE_DOWN,NO_MATERIAL_CHANGE,factor_pack_score,HIGH,,,,,,,FALSE,D:\us-tech-quant\outputs\v18\tier_migration\V18_24A_CURRENT_TIER_MOVEMENT_REPORT.csv,V18_24A_TIER_MIGRATION_ALIAS_REPAIR
GSG,,TIER_0_DATA_NOT_READY,TIER_0_DATA_NOT_READY,SAME_TIER_SCORE_DOWN,SAME_TIER_SCORE_DOWN,NO_MATERIAL_CHANGE,factor_pack_score,HIGH,,,,,,,FALSE,D:\us-tech-quant\outputs\v18\tier_migration\V18_24A_CURRENT_TIER_MOVEMENT_REPORT.csv,V18_24A_TIER_MIGRATION_ALIAS_REPAIR
GT,,TIER_0_DATA_NOT_READY,TIER_0_DATA_NOT_READY,SAME_TIER_SCORE_DOWN,SAME_TIER_SCORE_DOWN,NO_MATERIAL_CHANGE,factor_pack_score,HIGH,,,,,,,FALSE,D:\us-tech-quant\outputs\v18\tier_migration\V18_24A_CURRENT_TIER_MOVEMENT_REPORT.csv,V18_24A_TIER_MIGRATION_ALIAS_REPAIR
HIVE,,TIER_0_DATA_NOT_READY,TIER_0_DATA_NOT_READY,SAME_TIER_SCORE_DOWN,SAME_TIER_SCORE_DOWN,NO_MATERIAL_CHANGE,factor_pack_score,HIGH,,,,,,,FALSE,D:\us-tech-quant\outputs\v18\tier_migration\V18_24A_CURRENT_TIER_MOVEMENT_REPORT.csv,V18_24A_TIER_MIGRATION_ALIAS_REPAIR
HLT,,TIER_0_DATA_NOT_READY,TIER_0_DATA_NOT_READY,SAME_TIER_SCORE_DOWN,SAME_TIER_SCORE_DOWN,NO_MATERIAL_CHANGE,factor_pack_score,HIGH,,,,,,,FALSE,D:\us-tech-quant\outputs\v18\tier_migration\V18_24A_CURRENT_TIER_MOVEMENT_REPORT.csv,V18_24A_TIER_MIGRATION_ALIAS_REPAIR
HOOD,,TIER_0_DATA_NOT_READY,TIER_0_DATA_NOT_READY,HELD_OUT_OR_REVIEW_BLOCKED,HELD_OUT_OR_REVIEW_BLOCKED,NO_MATERIAL_CHANGE;HELD_OUT_BY_BACKFILL_QUALITY,factor_pack_score,HIGH,,,,,,,TRUE,D:\us-tech-quant\outputs\v18\tier_migration\V18_24A_CURRENT_TIER_MOVEMENT_REPORT.csv,V18_24A_TIER_MIGRATION_ALIAS_REPAIR
HPE,38.100000,TIER_5_WEAK_OR_BLOCKED,TIER_5_WEAK_OR_BLOCKED,SAME_TIER_SCORE_DOWN,SAME_TIER_SCORE_DOWN,NO_MATERIAL_CHANGE,factor_pack_score,HIGH,38.100000,38.100000,66,66,0,0.000000,FALSE,D:\us-tech-quant\outputs\v18\tier_migration\V18_24A_CURRENT_TIER_MOVEMENT_REPORT.csv,V18_24A_TIER_MIGRATION_ALIAS_REPAIR
HTZ,,TIER_0_DATA_NOT_READY,TIER_0_DATA_NOT_READY,HELD_OUT_OR_REVIEW_BLOCKED,HELD_OUT_OR_REVIEW_BLOCKED,NO_MATERIAL_CHANGE;HELD_OUT_BY_BACKFILL_QUALITY,factor_pack_score,HIGH,,,,,,,TRUE,D:\us-tech-quant\outputs\v18\tier_migration\V18_24A_CURRENT_TIER_MOVEMENT_REPORT.csv,V18_24A_TIER_MIGRATION_ALIAS_REPAIR
HUBB,54.290000,TIER_4_REVIEW_ONLY,TIER_4_REVIEW_ONLY,SAME_TIER_SCORE_DOWN,SAME_TIER_SCORE_DOWN,NO_MATERIAL_CHANGE,factor_pack_score,HIGH,54.290000,54.290000,49,49,0,0.000000,FALSE,D:\us-tech-quant\outputs\v18\tier_migration\V18_24A_CURRENT_TIER_MOVEMENT_REPORT.csv,V18_24A_TIER_MIGRATION_ALIAS_REPAIR
HUBS,,TIER_0_DATA_NOT_READY,TIER_0_DATA_NOT_READY,SAME_TIER_SCORE_DOWN,SAME_TIER_SCORE_DOWN,NO_MATERIAL_CHANGE,factor_pack_score,HIGH,,,,,,,FALSE,D:\us-tech-quant\outputs\v18\tier_migration\V18_24A_CURRENT_TIER_MOVEMENT_REPORT.csv,V18_24A_TIER_MIGRATION_ALIAS_REPAIR
HUM,,TIER_0_DATA_NOT_READY,TIER_0_DATA_NOT_READY,SAME_TIER_SCORE_DOWN,SAME_TIER_SCORE_DOWN,NO_MATERIAL_CHANGE,factor_pack_score,HIGH,,,,,,,FALSE,D:\us-tech-quant\outputs\v18\tier_migration\V18_24A_CURRENT_TIER_MOVEMENT_REPORT.csv,V18_24A_TIER_MIGRATION_ALIAS_REPAIR
HUT,,TIER_0_DATA_NOT_READY,TIER_0_DATA_NOT_READY,SAME_TIER_SCORE_DOWN,SAME_TIER_SCORE_DOWN,NO_MATERIAL_CHANGE,factor_pack_score,HIGH,,,,,,,FALSE,D:\us-tech-quant\outputs\v18\tier_migration\V18_24A_CURRENT_TIER_MOVEMENT_REPORT.csv,V18_24A_TIER_MIGRATION_ALIAS_REPAIR
IBIT,,TIER_0_DATA_NOT_READY,TIER_0_DATA_NOT_READY,SAME_TIER_SCORE_DOWN,SAME_TIER_SCORE_DOWN,NO_MATERIAL_CHANGE,factor_pack_score,HIGH,,,,,,,FALSE,D:\us-tech-quant\outputs\v18\tier_migration\V18_24A_CURRENT_TIER_MOVEMENT_REPORT.csv,V18_24A_TIER_MIGRATION_ALIAS_REPAIR
ICHR,93.330000,TIER_1_CORE_CANDIDATE,TIER_1_CORE_CANDIDATE,SAME_TIER_SCORE_DOWN,SAME_TIER_SCORE_DOWN,NO_MATERIAL_CHANGE,factor_pack_score,HIGH,93.330000,93.330000,8,8,0,0.000000,FALSE,D:\us-tech-quant\outputs\v18\tier_migration\V18_24A_CURRENT_TIER_MOVEMENT_REPORT.csv,V18_24A_TIER_MIGRATION_ALIAS_REPAIR
IGV,36.190000,TIER_5_WEAK_OR_BLOCKED,TIER_5_WEAK_OR_BLOCKED,SAME_TIER_SCORE_DOWN,SAME_TIER_SCORE_DOWN,NO_MATERIAL_CHANGE,factor_pack_score,HIGH,36.190000,36.190000,68,68,0,0.000000,FALSE,D:\us-tech-quant\outputs\v18\tier_migration\V18_24A_CURRENT_TIER_MOVEMENT_REPORT.csv,V18_24A_TIER_MIGRATION_ALIAS_REPAIR
INFY,,TIER_0_DATA_NOT_READY,TIER_0_DATA_NOT_READY,SAME_TIER_SCORE_DOWN,SAME_TIER_SCORE_DOWN,NO_MATERIAL_CHANGE,factor_pack_score,HIGH,,,,,,,FALSE,D:\us-tech-quant\outputs\v18\tier_migration\V18_24A_CURRENT_TIER_MOVEMENT_REPORT.csv,V18_24A_TIER_MIGRATION_ALIAS_REPAIR
INSM,,TIER_0_DATA_NOT_READY,TIER_0_DATA_NOT_READY,HELD_OUT_OR_REVIEW_BLOCKED,HELD_OUT_OR_REVIEW_BLOCKED,NO_MATERIAL_CHANGE;HELD_OUT_BY_BACKFILL_QUALITY,factor_pack_score,HIGH,,,,,,,TRUE,D:\us-tech-quant\outputs\v18\tier_migration\V18_24A_CURRENT_TIER_MOVEMENT_REPORT.csv,V18_24A_TIER_MIGRATION_ALIAS_REPAIR
INTC,90.480000,TIER_1_CORE_CANDIDATE,TIER_1_CORE_CANDIDATE,SAME_TIER_SCORE_DOWN,SAME_TIER_SCORE_DOWN,NO_MATERIAL_CHANGE,factor_pack_score,HIGH,90.480000,90.480000,11,11,0,0.000000,FALSE,D:\us-tech-quant\outputs\v18\tier_migration\V18_24A_CURRENT_TIER_MOVEMENT_REPORT.csv,V18_24A_TIER_MIGRATION_ALIAS_REPAIR
IRDM,15.240000,TIER_5_WEAK_OR_BLOCKED,TIER_5_WEAK_OR_BLOCKED,SAME_TIER_SCORE_DOWN,SAME_TIER_SCORE_DOWN,NO_MATERIAL_CHANGE,factor_pack_score,HIGH,15.240000,15.240000,90,90,0,0.000000,FALSE,D:\us-tech-quant\outputs\v18\tier_migration\V18_24A_CURRENT_TIER_MOVEMENT_REPORT.csv,V18_24A_TIER_MIGRATION_ALIAS_REPAIR
IREN,58.100000,TIER_4_REVIEW_ONLY,TIER_4_REVIEW_ONLY,SAME_TIER_SCORE_DOWN,SAME_TIER_SCORE_DOWN,NO_MATERIAL_CHANGE,factor_pack_score,HIGH,58.100000,58.100000,45,45,0,0.000000,FALSE,D:\us-tech-quant\outputs\v18\tier_migration\V18_24A_CURRENT_TIER_MOVEMENT_REPORT.csv,V18_24A_TIER_MIGRATION_ALIAS_REPAIR
ISRG,,TIER_0_DATA_NOT_READY,TIER_0_DATA_NOT_READY,SAME_TIER_SCORE_DOWN,SAME_TIER_SCORE_DOWN,NO_MATERIAL_CHANGE,factor_pack_score,HIGH,,,,,,,FALSE,D:\us-tech-quant\outputs\v18\tier_migration\V18_24A_CURRENT_TIER_MOVEMENT_REPORT.csv,V18_24A_TIER_MIGRATION_ALIAS_REPAIR
IWM,,TIER_0_DATA_NOT_READY,TIER_0_DATA_NOT_READY,SAME_TIER_SCORE_DOWN,SAME_TIER_SCORE_DOWN,NO_MATERIAL_CHANGE,factor_pack_score,HIGH,,,,,,,FALSE,D:\us-tech-quant\outputs\v18\tier_migration\V18_24A_CURRENT_TIER_MOVEMENT_REPORT.csv,V18_24A_TIER_MIGRATION_ALIAS_REPAIR
IYW,37.140000,TIER_5_WEAK_OR_BLOCKED,TIER_5_WEAK_OR_BLOCKED,SAME_TIER_SCORE_DOWN,SAME_TIER_SCORE_DOWN,NO_MATERIAL_CHANGE,factor_pack_score,HIGH,37.140000,37.140000,67,67,0,0.000000,FALSE,D:\us-tech-quant\outputs\v18\tier_migration\V18_24A_CURRENT_TIER_MOVEMENT_REPORT.csv,V18_24A_TIER_MIGRATION_ALIAS_REPAIR
JBL,66.670000,TIER_3_WATCHLIST,TIER_3_WATCHLIST,SAME_TIER_SCORE_DOWN,SAME_TIER_SCORE_DOWN,NO_MATERIAL_CHANGE,factor_pack_score,HIGH,66.670000,66.670000,36,36,0,0.000000,FALSE,D:\us-tech-quant\outputs\v18\tier_migration\V18_24A_CURRENT_TIER_MOVEMENT_REPORT.csv,V18_24A_TIER_MIGRATION_ALIAS_REPAIR
JBS,,TIER_0_DATA_NOT_READY,TIER_0_DATA_NOT_READY,HELD_OUT_OR_REVIEW_BLOCKED,HELD_OUT_OR_REVIEW_BLOCKED,NO_MATERIAL_CHANGE;HELD_OUT_BY_BACKFILL_QUALITY,factor_pack_score,HIGH,,,,,,,TRUE,D:\us-tech-quant\outputs\v18\tier_migration\V18_24A_CURRENT_TIER_MOVEMENT_REPORT.csv,V18_24A_TIER_MIGRATION_ALIAS_REPAIR
JCI,,TIER_0_DATA_NOT_READY,TIER_0_DATA_NOT_READY,SAME_TIER_SCORE_DOWN,SAME_TIER_SCORE_DOWN,NO_MATERIAL_CHANGE,factor_pack_score,HIGH,,,,,,,FALSE,D:\us-tech-quant\outputs\v18\tier_migration\V18_24A_CURRENT_TIER_MOVEMENT_REPORT.csv,V18_24A_TIER_MIGRATION_ALIAS_REPAIR
JD,,TIER_0_DATA_NOT_READY,TIER_0_DATA_NOT_READY,SAME_TIER_SCORE_DOWN,SAME_TIER_SCORE_DOWN,NO_MATERIAL_CHANGE,factor_pack_score,HIGH,,,,,,,FALSE,D:\us-tech-quant\outputs\v18\tier_migration\V18_24A_CURRENT_TIER_MOVEMENT_REPORT.csv,V18_24A_TIER_MIGRATION_ALIAS_REPAIR
JFROG,,TIER_0_DATA_NOT_READY,TIER_0_DATA_NOT_READY,HELD_OUT_OR_REVIEW_BLOCKED,HELD_OUT_OR_REVIEW_BLOCKED,NO_MATERIAL_CHANGE;HELD_OUT_BY_BACKFILL_QUALITY,factor_pack_score,HIGH,,,,,,,TRUE,D:\us-tech-quant\outputs\v18\tier_migration\V18_24A_CURRENT_TIER_MOVEMENT_REPORT.csv,V18_24A_TIER_MIGRATION_ALIAS_REPAIR
JHX,,TIER_0_DATA_NOT_READY,TIER_0_DATA_NOT_READY,SAME_TIER_SCORE_DOWN,SAME_TIER_SCORE_DOWN,NO_MATERIAL_CHANGE,factor_pack_score,HIGH,,,,,,,FALSE,D:\us-tech-quant\outputs\v18\tier_migration\V18_24A_CURRENT_TIER_MOVEMENT_REPORT.csv,V18_24A_TIER_MIGRATION_ALIAS_REPAIR
KEYS,84.760000,TIER_2_STRONG_WATCHLIST,TIER_2_STRONG_WATCHLIST,SAME_TIER_SCORE_DOWN,SAME_TIER_SCORE_DOWN,NO_MATERIAL_CHANGE,factor_pack_score,HIGH,84.760000,84.760000,17,17,0,0.000000,FALSE,D:\us-tech-quant\outputs\v18\tier_migration\V18_24A_CURRENT_TIER_MOVEMENT_REPORT.csv,V18_24A_TIER_MIGRATION_ALIAS_REPAIR
KKR,,TIER_0_DATA_NOT_READY,TIER_0_DATA_NOT_READY,SAME_TIER_SCORE_DOWN,SAME_TIER_SCORE_DOWN,NO_MATERIAL_CHANGE,factor_pack_score,HIGH,,,,,,,FALSE,D:\us-tech-quant\outputs\v18\tier_migration\V18_24A_CURRENT_TIER_MOVEMENT_REPORT.csv,V18_24A_TIER_MIGRATION_ALIAS_REPAIR
KLAC,53.330000,TIER_4_REVIEW_ONLY,TIER_4_REVIEW_ONLY,SAME_TIER_SCORE_DOWN,SAME_TIER_SCORE_DOWN,NO_MATERIAL_CHANGE,factor_pack_score,HIGH,53.330000,53.330000,50,50,0,0.000000,FALSE,D:\us-tech-quant\outputs\v18\tier_migration\V18_24A_CURRENT_TIER_MOVEMENT_REPORT.csv,V18_24A_TIER_MIGRATION_ALIAS_REPAIR
KLAR,,TIER_0_DATA_NOT_READY,TIER_0_DATA_NOT_READY,HELD_OUT_OR_REVIEW_BLOCKED,HELD_OUT_OR_REVIEW_BLOCKED,NO_MATERIAL_CHANGE;HELD_OUT_BY_BACKFILL_QUALITY,factor_pack_score,HIGH,,,,,,,TRUE,D:\us-tech-quant\outputs\v18\tier_migration\V18_24A_CURRENT_TIER_MOVEMENT_REPORT.csv,V18_24A_TIER_MIGRATION_ALIAS_REPAIR
KLIC,74.290000,TIER_3_WATCHLIST,TIER_3_WATCHLIST,SAME_TIER_SCORE_DOWN,SAME_TIER_SCORE_DOWN,NO_MATERIAL_CHANGE,factor_pack_score,HIGH,74.290000,74.290000,28,28,0,0.000000,FALSE,D:\us-tech-quant\outputs\v18\tier_migration\V18_24A_CURRENT_TIER_MOVEMENT_REPORT.csv,V18_24A_TIER_MIGRATION_ALIAS_REPAIR
KNX,,TIER_0_DATA_NOT_READY,TIER_0_DATA_NOT_READY,SAME_TIER_SCORE_DOWN,SAME_TIER_SCORE_DOWN,NO_MATERIAL_CHANGE,factor_pack_score,HIGH,,,,,,,FALSE,D:\us-tech-quant\outputs\v18\tier_migration\V18_24A_CURRENT_TIER_MOVEMENT_REPORT.csv,V18_24A_TIER_MIGRATION_ALIAS_REPAIR
KRC,,TIER_0_DATA_NOT_READY,TIER_0_DATA_NOT_READY,SAME_TIER_SCORE_DOWN,SAME_TIER_SCORE_DOWN,NO_MATERIAL_CHANGE,factor_pack_score,HIGH,,,,,,,FALSE,D:\us-tech-quant\outputs\v18\tier_migration\V18_24A_CURRENT_TIER_MOVEMENT_REPORT.csv,V18_24A_TIER_MIGRATION_ALIAS_REPAIR
KVYO,,TIER_0_DATA_NOT_READY,TIER_0_DATA_NOT_READY,SAME_TIER_SCORE_DOWN,SAME_TIER_SCORE_DOWN,NO_MATERIAL_CHANGE,factor_pack_score,HIGH,,,,,,,FALSE,D:\us-tech-quant\outputs\v18\tier_migration\V18_24A_CURRENT_TIER_MOVEMENT_REPORT.csv,V18_24A_TIER_MIGRATION_ALIAS_REPAIR
KWEB,,TIER_0_DATA_NOT_READY,TIER_0_DATA_NOT_READY,SAME_TIER_SCORE_DOWN,SAME_TIER_SCORE_DOWN,NO_MATERIAL_CHANGE,factor_pack_score,HIGH,,,,,,,FALSE,D:\us-tech-quant\outputs\v18\tier_migration\V18_24A_CURRENT_TIER_MOVEMENT_REPORT.csv,V18_24A_TIER_MIGRATION_ALIAS_REPAIR
LBRT,,TIER_0_DATA_NOT_READY,TIER_0_DATA_NOT_READY,SAME_TIER_SCORE_DOWN,SAME_TIER_SCORE_DOWN,NO_MATERIAL_CHANGE,factor_pack_score,HIGH,,,,,,,FALSE,D:\us-tech-quant\outputs\v18\tier_migration\V18_24A_CURRENT_TIER_MOVEMENT_REPORT.csv,V18_24A_TIER_MIGRATION_ALIAS_REPAIR
LCID,,TIER_0_DATA_NOT_READY,TIER_0_DATA_NOT_READY,SAME_TIER_SCORE_DOWN,SAME_TIER_SCORE_DOWN,NO_MATERIAL_CHANGE,factor_pack_score,HIGH,,,,,,,FALSE,D:\us-tech-quant\outputs\v18\tier_migration\V18_24A_CURRENT_TIER_MOVEMENT_REPORT.csv,V18_24A_TIER_MIGRATION_ALIAS_REPAIR
LHX,,TIER_0_DATA_NOT_READY,TIER_0_DATA_NOT_READY,SAME_TIER_SCORE_DOWN,SAME_TIER_SCORE_DOWN,NO_MATERIAL_CHANGE,factor_pack_score,HIGH,,,,,,,FALSE,D:\us-tech-quant\outputs\v18\tier_migration\V18_24A_CURRENT_TIER_MOVEMENT_REPORT.csv,V18_24A_TIER_MIGRATION_ALIAS_REPAIR
LIN,,TIER_0_DATA_NOT_READY,TIER_0_DATA_NOT_READY,SAME_TIER_SCORE_DOWN,SAME_TIER_SCORE_DOWN,NO_MATERIAL_CHANGE,factor_pack_score,HIGH,,,,,,,FALSE,D:\us-tech-quant\outputs\v18\tier_migration\V18_24A_CURRENT_TIER_MOVEMENT_REPORT.csv,V18_24A_TIER_MIGRATION_ALIAS_REPAIR
LINE,,TIER_0_DATA_NOT_READY,TIER_0_DATA_NOT_READY,SAME_TIER_SCORE_DOWN,SAME_TIER_SCORE_DOWN,NO_MATERIAL_CHANGE,factor_pack_score,HIGH,,,,,,,FALSE,D:\us-tech-quant\outputs\v18\tier_migration\V18_24A_CURRENT_TIER_MOVEMENT_REPORT.csv,V18_24A_TIER_MIGRATION_ALIAS_REPAIR
LITE,99.050000,TIER_1_CORE_CANDIDATE,TIER_1_CORE_CANDIDATE,SAME_TIER_SCORE_DOWN,SAME_TIER_SCORE_DOWN,NO_MATERIAL_CHANGE,factor_pack_score,HIGH,99.050000,99.050000,2,2,0,0.000000,FALSE,D:\us-tech-quant\outputs\v18\tier_migration\V18_24A_CURRENT_TIER_MOVEMENT_REPORT.csv,V18_24A_TIER_MIGRATION_ALIAS_REPAIR
LPLA,,TIER_0_DATA_NOT_READY,TIER_0_DATA_NOT_READY,SAME_TIER_SCORE_DOWN,SAME_TIER_SCORE_DOWN,NO_MATERIAL_CHANGE,factor_pack_score,HIGH,,,,,,,FALSE,D:\us-tech-quant\outputs\v18\tier_migration\V18_24A_CURRENT_TIER_MOVEMENT_REPORT.csv,V18_24A_TIER_MIGRATION_ALIAS_REPAIR
LRCX,69.520000,TIER_3_WATCHLIST,TIER_3_WATCHLIST,SAME_TIER_SCORE_DOWN,SAME_TIER_SCORE_DOWN,NO_MATERIAL_CHANGE,factor_pack_score,HIGH,69.520000,69.520000,33,33,0,0.000000,FALSE,D:\us-tech-quant\outputs\v18\tier_migration\V18_24A_CURRENT_TIER_MOVEMENT_REPORT.csv,V18_24A_TIER_MIGRATION_ALIAS_REPAIR
LSCC,,TIER_0_DATA_NOT_READY,TIER_0_DATA_NOT_READY,SAME_TIER_SCORE_DOWN,SAME_TIER_SCORE_DOWN,NO_MATERIAL_CHANGE,factor_pack_score,HIGH,,,,,,,FALSE,D:\us-tech-quant\outputs\v18\tier_migration\V18_24A_CURRENT_TIER_MOVEMENT_REPORT.csv,V18_24A_TIER_MIGRATION_ALIAS_REPAIR
LYB,,TIER_0_DATA_NOT_READY,TIER_0_DATA_NOT_READY,SAME_TIER_SCORE_DOWN,SAME_TIER_SCORE_DOWN,NO_MATERIAL_CHANGE,factor_pack_score,HIGH,,,,,,,FALSE,D:\us-tech-quant\outputs\v18\tier_migration\V18_24A_CURRENT_TIER_MOVEMENT_REPORT.csv,V18_24A_TIER_MIGRATION_ALIAS_REPAIR
LYFT,,TIER_0_DATA_NOT_READY,TIER_0_DATA_NOT_READY,SAME_TIER_SCORE_DOWN,SAME_TIER_SCORE_DOWN,NO_MATERIAL_CHANGE,factor_pack_score,HIGH,,,,,,,FALSE,D:\us-tech-quant\outputs\v18\tier_migration\V18_24A_CURRENT_TIER_MOVEMENT_REPORT.csv,V18_24A_TIER_MIGRATION_ALIAS_REPAIR
MA,,TIER_0_DATA_NOT_READY,TIER_0_DATA_NOT_READY,SAME_TIER_SCORE_DOWN,SAME_TIER_SCORE_DOWN,NO_MATERIAL_CHANGE,factor_pack_score,HIGH,,,,,,,FALSE,D:\us-tech-quant\outputs\v18\tier_migration\V18_24A_CURRENT_TIER_MOVEMENT_REPORT.csv,V18_24A_TIER_MIGRATION_ALIAS_REPAIR
MCHP,62.860000,TIER_4_REVIEW_ONLY,TIER_4_REVIEW_ONLY,SAME_TIER_SCORE_DOWN,SAME_TIER_SCORE_DOWN,NO_MATERIAL_CHANGE,factor_pack_score,HIGH,62.860000,62.860000,40,40,0,0.000000,FALSE,D:\us-tech-quant\outputs\v18\tier_migration\V18_24A_CURRENT_TIER_MOVEMENT_REPORT.csv,V18_24A_TIER_MIGRATION_ALIAS_REPAIR
MCK,,TIER_0_DATA_NOT_READY,TIER_0_DATA_NOT_READY,SAME_TIER_SCORE_DOWN,SAME_TIER_SCORE_DOWN,NO_MATERIAL_CHANGE,factor_pack_score,HIGH,,,,,,,FALSE,D:\us-tech-quant\outputs\v18\tier_migration\V18_24A_CURRENT_TIER_MOVEMENT_REPORT.csv,V18_24A_TIER_MIGRATION_ALIAS_REPAIR
MDB,16.190000,TIER_5_WEAK_OR_BLOCKED,TIER_5_WEAK_OR_BLOCKED,SAME_TIER_SCORE_DOWN,SAME_TIER_SCORE_DOWN,NO_MATERIAL_CHANGE,factor_pack_score,HIGH,16.190000,16.190000,89,89,0,0.000000,FALSE,D:\us-tech-quant\outputs\v18\tier_migration\V18_24A_CURRENT_TIER_MOVEMENT_REPORT.csv,V18_24A_TIER_MIGRATION_ALIAS_REPAIR
MELI,,TIER_0_DATA_NOT_READY,TIER_0_DATA_NOT_READY,SAME_TIER_SCORE_DOWN,SAME_TIER_SCORE_DOWN,NO_MATERIAL_CHANGE,factor_pack_score,HIGH,,,,,,,FALSE,D:\us-tech-quant\outputs\v18\tier_migration\V18_24A_CURRENT_TIER_MOVEMENT_REPORT.csv,V18_24A_TIER_MIGRATION_ALIAS_REPAIR
META,21.900000,TIER_5_WEAK_OR_BLOCKED,TIER_5_WEAK_OR_BLOCKED,SAME_TIER_SCORE_DOWN,SAME_TIER_SCORE_DOWN,NO_MATERIAL_CHANGE,factor_pack_score,HIGH,21.900000,21.900000,83,83,0,0.000000,FALSE,D:\us-tech-quant\outputs\v18\tier_migration\V18_24A_CURRENT_TIER_MOVEMENT_REPORT.csv,V18_24A_TIER_MIGRATION_ALIAS_REPAIR
MKSI,80.950000,TIER_2_STRONG_WATCHLIST,TIER_2_STRONG_WATCHLIST,SAME_TIER_SCORE_DOWN,SAME_TIER_SCORE_DOWN,NO_MATERIAL_CHANGE,factor_pack_score,HIGH,80.950000,80.950000,21,21,0,0.000000,FALSE,D:\us-tech-quant\outputs\v18\tier_migration\V18_24A_CURRENT_TIER_MOVEMENT_REPORT.csv,V18_24A_TIER_MIGRATION_ALIAS_REPAIR
MNTN,,TIER_0_DATA_NOT_READY,TIER_0_DATA_NOT_READY,SAME_TIER_SCORE_DOWN,SAME_TIER_SCORE_DOWN,NO_MATERIAL_CHANGE,factor_pack_score,HIGH,,,,,,,FALSE,D:\us-tech-quant\outputs\v18\tier_migration\V18_24A_CURRENT_TIER_MOVEMENT_REPORT.csv,V18_24A_TIER_MIGRATION_ALIAS_REPAIR
MOD,92.380000,TIER_1_CORE_CANDIDATE,TIER_1_CORE_CANDIDATE,SAME_TIER_SCORE_DOWN,SAME_TIER_SCORE_DOWN,NO_MATERIAL_CHANGE,factor_pack_score,HIGH,92.380000,92.380000,9,9,0,0.000000,FALSE,D:\us-tech-quant\outputs\v18\tier_migration\V18_24A_CURRENT_TIER_MOVEMENT_REPORT.csv,V18_24A_TIER_MIGRATION_ALIAS_REPAIR
MOH,,TIER_0_DATA_NOT_READY,TIER_0_DATA_NOT_READY,SAME_TIER_SCORE_DOWN,SAME_TIER_SCORE_DOWN,NO_MATERIAL_CHANGE,factor_pack_score,HIGH,,,,,,,FALSE,D:\us-tech-quant\outputs\v18\tier_migration\V18_24A_CURRENT_TIER_MOVEMENT_REPORT.csv,V18_24A_TIER_MIGRATION_ALIAS_REPAIR
MPLX,,TIER_0_DATA_NOT_READY,TIER_0_DATA_NOT_READY,SAME_TIER_SCORE_DOWN,SAME_TIER_SCORE_DOWN,NO_MATERIAL_CHANGE,factor_pack_score,HIGH,,,,,,,FALSE,D:\us-tech-quant\outputs\v18\tier_migration\V18_24A_CURRENT_TIER_MOVEMENT_REPORT.csv,V18_24A_TIER_MIGRATION_ALIAS_REPAIR
MPW,,TIER_0_DATA_NOT_READY,TIER_0_DATA_NOT_READY,SAME_TIER_SCORE_DOWN,SAME_TIER_SCORE_DOWN,NO_MATERIAL_CHANGE,factor_pack_score,HIGH,,,,,,,FALSE,D:\us-tech-quant\outputs\v18\tier_migration\V18_24A_CURRENT_TIER_MOVEMENT_REPORT.csv,V18_24A_TIER_MIGRATION_ALIAS_REPAIR
MPWR,78.100000,TIER_2_STRONG_WATCHLIST,TIER_2_STRONG_WATCHLIST,SAME_TIER_SCORE_DOWN,SAME_TIER_SCORE_DOWN,NO_MATERIAL_CHANGE,factor_pack_score,HIGH,78.100000,78.100000,24,24,0,0.000000,FALSE,D:\us-tech-quant\outputs\v18\tier_migration\V18_24A_CURRENT_TIER_MOVEMENT_REPORT.csv,V18_24A_TIER_MIGRATION_ALIAS_REPAIR
MRVL,56.190000,TIER_4_REVIEW_ONLY,TIER_4_REVIEW_ONLY,SAME_TIER_SCORE_DOWN,SAME_TIER_SCORE_DOWN,NO_MATERIAL_CHANGE,factor_pack_score,HIGH,56.190000,56.190000,47,47,0,0.000000,FALSE,D:\us-tech-quant\outputs\v18\tier_migration\V18_24A_CURRENT_TIER_MOVEMENT_REPORT.csv,V18_24A_TIER_MIGRATION_ALIAS_REPAIR
MSFT,35.240000,TIER_5_WEAK_OR_BLOCKED,TIER_5_WEAK_OR_BLOCKED,SAME_TIER_SCORE_DOWN,SAME_TIER_SCORE_DOWN,NO_MATERIAL_CHANGE,factor_pack_score,HIGH,35.240000,35.240000,69,69,0,0.000000,FALSE,D:\us-tech-quant\outputs\v18\tier_migration\V18_24A_CURRENT_TIER_MOVEMENT_REPORT.csv,V18_24A_TIER_MIGRATION_ALIAS_REPAIR
MTSI,,TIER_0_DATA_NOT_READY,TIER_0_DATA_NOT_READY,SAME_TIER_SCORE_DOWN,SAME_TIER_SCORE_DOWN,NO_MATERIAL_CHANGE,factor_pack_score,HIGH,,,,,,,FALSE,D:\us-tech-quant\outputs\v18\tier_migration\V18_24A_CURRENT_TIER_MOVEMENT_REPORT.csv,V18_24A_TIER_MIGRATION_ALIAS_REPAIR
MTZ,,TIER_0_DATA_NOT_READY,TIER_0_DATA_NOT_READY,SAME_TIER_SCORE_DOWN,SAME_TIER_SCORE_DOWN,NO_MATERIAL_CHANGE,factor_pack_score,HIGH,,,,,,,FALSE,D:\us-tech-quant\outputs\v18\tier_migration\V18_24A_CURRENT_TIER_MOVEMENT_REPORT.csv,V18_24A_TIER_MIGRATION_ALIAS_REPAIR
MU,97.140000,TIER_1_CORE_CANDIDATE,TIER_1_CORE_CANDIDATE,SAME_TIER_SCORE_DOWN,SAME_TIER_SCORE_DOWN,NO_MATERIAL_CHANGE,factor_pack_score,HIGH,97.140000,97.140000,4,4,0,0.000000,FALSE,D:\us-tech-quant\outputs\v18\tier_migration\V18_24A_CURRENT_TIER_MOVEMENT_REPORT.csv,V18_24A_TIER_MIGRATION_ALIAS_REPAIR
NAMS,,TIER_0_DATA_NOT_READY,TIER_0_DATA_NOT_READY,SAME_TIER_SCORE_DOWN,SAME_TIER_SCORE_DOWN,NO_MATERIAL_CHANGE,factor_pack_score,HIGH,,,,,,,FALSE,D:\us-tech-quant\outputs\v18\tier_migration\V18_24A_CURRENT_TIER_MOVEMENT_REPORT.csv,V18_24A_TIER_MIGRATION_ALIAS_REPAIR
NET,7.620000,TIER_5_WEAK_OR_BLOCKED,TIER_5_WEAK_OR_BLOCKED,SAME_TIER_SCORE_DOWN,SAME_TIER_SCORE_DOWN,NO_MATERIAL_CHANGE,factor_pack_score,HIGH,7.620000,7.620000,98,98,0,0.000000,FALSE,D:\us-tech-quant\outputs\v18\tier_migration\V18_24A_CURRENT_TIER_MOVEMENT_REPORT.csv,V18_24A_TIER_MIGRATION_ALIAS_REPAIR
NFLX,,TIER_0_DATA_NOT_READY,TIER_0_DATA_NOT_READY,SAME_TIER_SCORE_DOWN,SAME_TIER_SCORE_DOWN,NO_MATERIAL_CHANGE,factor_pack_score,HIGH,,,,,,,FALSE,D:\us-tech-quant\outputs\v18\tier_migration\V18_24A_CURRENT_TIER_MOVEMENT_REPORT.csv,V18_24A_TIER_MIGRATION_ALIAS_REPAIR
NI,,TIER_0_DATA_NOT_READY,TIER_0_DATA_NOT_READY,SAME_TIER_SCORE_DOWN,SAME_TIER_SCORE_DOWN,NO_MATERIAL_CHANGE,factor_pack_score,HIGH,,,,,,,FALSE,D:\us-tech-quant\outputs\v18\tier_migration\V18_24A_CURRENT_TIER_MOVEMENT_REPORT.csv,V18_24A_TIER_MIGRATION_ALIAS_REPAIR
NOW,13.330000,TIER_5_WEAK_OR_BLOCKED,TIER_5_WEAK_OR_BLOCKED,SAME_TIER_SCORE_DOWN,SAME_TIER_SCORE_DOWN,NO_MATERIAL_CHANGE,factor_pack_score,HIGH,13.330000,13.330000,92,92,0,0.000000,FALSE,D:\us-tech-quant\outputs\v18\tier_migration\V18_24A_CURRENT_TIER_MOVEMENT_REPORT.csv,V18_24A_TIER_MIGRATION_ALIAS_REPAIR
NRG,,TIER_0_DATA_NOT_READY,TIER_0_DATA_NOT_READY,SAME_TIER_SCORE_DOWN,SAME_TIER_SCORE_DOWN,NO_MATERIAL_CHANGE,factor_pack_score,HIGH,,,,,,,FALSE,D:\us-tech-quant\outputs\v18\tier_migration\V18_24A_CURRENT_TIER_MOVEMENT_REPORT.csv,V18_24A_TIER_MIGRATION_ALIAS_REPAIR
NTAP,18.100000,TIER_5_WEAK_OR_BLOCKED,TIER_5_WEAK_OR_BLOCKED,SAME_TIER_SCORE_DOWN,SAME_TIER_SCORE_DOWN,NO_MATERIAL_CHANGE,factor_pack_score,HIGH,18.100000,18.100000,87,87,0,0.000000,FALSE,D:\us-tech-quant\outputs\v18\tier_migration\V18_24A_CURRENT_TIER_MOVEMENT_REPORT.csv,V18_24A_TIER_MIGRATION_ALIAS_REPAIR
NTRA,,TIER_0_DATA_NOT_READY,TIER_0_DATA_NOT_READY,SAME_TIER_SCORE_DOWN,SAME_TIER_SCORE_DOWN,NO_MATERIAL_CHANGE,factor_pack_score,HIGH,,,,,,,FALSE,D:\us-tech-quant\outputs\v18\tier_migration\V18_24A_CURRENT_TIER_MOVEMENT_REPORT.csv,V18_24A_TIER_MIGRATION_ALIAS_REPAIR
NU,,TIER_0_DATA_NOT_READY,TIER_0_DATA_NOT_READY,SAME_TIER_SCORE_DOWN,SAME_TIER_SCORE_DOWN,NO_MATERIAL_CHANGE,factor_pack_score,HIGH,,,,,,,FALSE,D:\us-tech-quant\outputs\v18\tier_migration\V18_24A_CURRENT_TIER_MOVEMENT_REPORT.csv,V18_24A_TIER_MIGRATION_ALIAS_REPAIR
NUVB,,TIER_0_DATA_NOT_READY,TIER_0_DATA_NOT_READY,SAME_TIER_SCORE_DOWN,SAME_TIER_SCORE_DOWN,NO_MATERIAL_CHANGE,factor_pack_score,HIGH,,,,,,,FALSE,D:\us-tech-quant\outputs\v18\tier_migration\V18_24A_CURRENT_TIER_MOVEMENT_REPORT.csv,V18_24A_TIER_MIGRATION_ALIAS_REPAIR
NVAX,,TIER_0_DATA_NOT_READY,TIER_0_DATA_NOT_READY,SAME_TIER_SCORE_DOWN,SAME_TIER_SCORE_DOWN,NO_MATERIAL_CHANGE,factor_pack_score,HIGH,,,,,,,FALSE,D:\us-tech-quant\outputs\v18\tier_migration\V18_24A_CURRENT_TIER_MOVEMENT_REPORT.csv,V18_24A_TIER_MIGRATION_ALIAS_REPAIR
NVDA,24.760000,TIER_5_WEAK_OR_BLOCKED,TIER_5_WEAK_OR_BLOCKED,SAME_TIER_SCORE_DOWN,SAME_TIER_SCORE_DOWN,NO_MATERIAL_CHANGE,factor_pack_score,HIGH,24.760000,24.760000,80,80,0,0.000000,FALSE,D:\us-tech-quant\outputs\v18\tier_migration\V18_24A_CURRENT_TIER_MOVEMENT_REPORT.csv,V18_24A_TIER_MIGRATION_ALIAS_REPAIR
NVT,50.950000,TIER_4_REVIEW_ONLY,TIER_4_REVIEW_ONLY,SAME_TIER_SCORE_DOWN,SAME_TIER_SCORE_DOWN,NO_MATERIAL_CHANGE,factor_pack_score,HIGH,50.950000,50.950000,52,52,0,0.000000,FALSE,D:\us-tech-quant\outputs\v18\tier_migration\V18_24A_CURRENT_TIER_MOVEMENT_REPORT.csv,V18_24A_TIER_MIGRATION_ALIAS_REPAIR
NXPI,9.520000,TIER_5_WEAK_OR_BLOCKED,TIER_5_WEAK_OR_BLOCKED,SAME_TIER_SCORE_DOWN,SAME_TIER_SCORE_DOWN,NO_MATERIAL_CHANGE,factor_pack_score,HIGH,9.520000,9.520000,96,96,0,0.000000,FALSE,D:\us-tech-quant\outputs\v18\tier_migration\V18_24A_CURRENT_TIER_MOVEMENT_REPORT.csv,V18_24A_TIER_MIGRATION_ALIAS_REPAIR
OC,,TIER_0_DATA_NOT_READY,TIER_0_DATA_NOT_READY,SAME_TIER_SCORE_DOWN,SAME_TIER_SCORE_DOWN,NO_MATERIAL_CHANGE,factor_pack_score,HIGH,,,,,,,FALSE,D:\us-tech-quant\outputs\v18\tier_migration\V18_24A_CURRENT_TIER_MOVEMENT_REPORT.csv,V18_24A_TIER_MIGRATION_ALIAS_REPAIR
OKTA,,TIER_0_DATA_NOT_READY,TIER_0_DATA_NOT_READY,SAME_TIER_SCORE_DOWN,SAME_TIER_SCORE_DOWN,NO_MATERIAL_CHANGE,factor_pack_score,HIGH,,,,,,,FALSE,D:\us-tech-quant\outputs\v18\tier_migration\V18_24A_CURRENT_TIER_MOVEMENT_REPORT.csv,V18_24A_TIER_MIGRATION_ALIAS_REPAIR
OLMA,,TIER_0_DATA_NOT_READY,TIER_0_DATA_NOT_READY,SAME_TIER_SCORE_DOWN,SAME_TIER_SCORE_DOWN,NO_MATERIAL_CHANGE,factor_pack_score,HIGH,,,,,,,FALSE,D:\us-tech-quant\outputs\v18\tier_migration\V18_24A_CURRENT_TIER_MOVEMENT_REPORT.csv,V18_24A_TIER_MIGRATION_ALIAS_REPAIR
OLPX,,TIER_0_DATA_NOT_READY,TIER_0_DATA_NOT_READY,SAME_TIER_SCORE_DOWN,SAME_TIER_SCORE_DOWN,NO_MATERIAL_CHANGE,factor_pack_score,HIGH,,,,,,,FALSE,D:\us-tech-quant\outputs\v18\tier_migration\V18_24A_CURRENT_TIER_MOVEMENT_REPORT.csv,V18_24A_TIER_MIGRATION_ALIAS_REPAIR
ON,30.480000,TIER_5_WEAK_OR_BLOCKED,TIER_5_WEAK_OR_BLOCKED,SAME_TIER_SCORE_DOWN,SAME_TIER_SCORE_DOWN,NO_MATERIAL_CHANGE,factor_pack_score,HIGH,30.480000,30.480000,74,74,0,0.000000,FALSE,D:\us-tech-quant\outputs\v18\tier_migration\V18_24A_CURRENT_TIER_MOVEMENT_REPORT.csv,V18_24A_TIER_MIGRATION_ALIAS_REPAIR
OPCH,,TIER_0_DATA_NOT_READY,TIER_0_DATA_NOT_READY,SAME_TIER_SCORE_DOWN,SAME_TIER_SCORE_DOWN,NO_MATERIAL_CHANGE,factor_pack_score,HIGH,,,,,,,FALSE,D:\us-tech-quant\outputs\v18\tier_migration\V18_24A_CURRENT_TIER_MOVEMENT_REPORT.csv,V18_24A_TIER_MIGRATION_ALIAS_REPAIR
ORCL,20.950000,TIER_5_WEAK_OR_BLOCKED,TIER_5_WEAK_OR_BLOCKED,SAME_TIER_SCORE_DOWN,SAME_TIER_SCORE_DOWN,NO_MATERIAL_CHANGE,factor_pack_score,HIGH,20.950000,20.950000,84,84,0,0.000000,FALSE,D:\us-tech-quant\outputs\v18\tier_migration\V18_24A_CURRENT_TIER_MOVEMENT_REPORT.csv,V18_24A_TIER_MIGRATION_ALIAS_REPAIR
PANW,17.140000,TIER_5_WEAK_OR_BLOCKED,TIER_5_WEAK_OR_BLOCKED,SAME_TIER_SCORE_DOWN,SAME_TIER_SCORE_DOWN,NO_MATERIAL_CHANGE,factor_pack_score,HIGH,17.140000,17.140000,88,88,0,0.000000,FALSE,D:\us-tech-quant\outputs\v18\tier_migration\V18_24A_CURRENT_TIER_MOVEMENT_REPORT.csv,V18_24A_TIER_MIGRATION_ALIAS_REPAIR
PATH,,TIER_0_DATA_NOT_READY,TIER_0_DATA_NOT_READY,SAME_TIER_SCORE_DOWN,SAME_TIER_SCORE_DOWN,NO_MATERIAL_CHANGE,factor_pack_score,HIGH,,,,,,,FALSE,D:\us-tech-quant\outputs\v18\tier_migration\V18_24A_CURRENT_TIER_MOVEMENT_REPORT.csv,V18_24A_TIER_MIGRATION_ALIAS_REPAIR
PCOR,,TIER_0_DATA_NOT_READY,TIER_0_DATA_NOT_READY,SAME_TIER_SCORE_DOWN,SAME_TIER_SCORE_DOWN,NO_MATERIAL_CHANGE,factor_pack_score,HIGH,,,,,,,FALSE,D:\us-tech-quant\outputs\v18\tier_migration\V18_24A_CURRENT_TIER_MOVEMENT_REPORT.csv,V18_24A_TIER_MIGRATION_ALIAS_REPAIR
PCT,,TIER_0_DATA_NOT_READY,TIER_0_DATA_NOT_READY,SAME_TIER_SCORE_DOWN,SAME_TIER_SCORE_DOWN,NO_MATERIAL_CHANGE,factor_pack_score,HIGH,,,,,,,FALSE,D:\us-tech-quant\outputs\v18\tier_migration\V18_24A_CURRENT_TIER_MOVEMENT_REPORT.csv,V18_24A_TIER_MIGRATION_ALIAS_REPAIR
PDD,,TIER_0_DATA_NOT_READY,TIER_0_DATA_NOT_READY,SAME_TIER_SCORE_DOWN,SAME_TIER_SCORE_DOWN,NO_MATERIAL_CHANGE,factor_pack_score,HIGH,,,,,,,FALSE,D:\us-tech-quant\outputs\v18\tier_migration\V18_24A_CURRENT_TIER_MOVEMENT_REPORT.csv,V18_24A_TIER_MIGRATION_ALIAS_REPAIR
PFGC,,TIER_0_DATA_NOT_READY,TIER_0_DATA_NOT_READY,SAME_TIER_SCORE_DOWN,SAME_TIER_SCORE_DOWN,NO_MATERIAL_CHANGE,factor_pack_score,HIGH,,,,,,,FALSE,D:\us-tech-quant\outputs\v18\tier_migration\V18_24A_CURRENT_TIER_MOVEMENT_REPORT.csv,V18_24A_TIER_MIGRATION_ALIAS_REPAIR
PGNY,,TIER_0_DATA_NOT_READY,TIER_0_DATA_NOT_READY,SAME_TIER_SCORE_DOWN,SAME_TIER_SCORE_DOWN,NO_MATERIAL_CHANGE,factor_pack_score,HIGH,,,,,,,FALSE,D:\us-tech-quant\outputs\v18\tier_migration\V18_24A_CURRENT_TIER_MOVEMENT_REPORT.csv,V18_24A_TIER_MIGRATION_ALIAS_REPAIR
PI,,TIER_0_DATA_NOT_READY,TIER_0_DATA_NOT_READY,SAME_TIER_SCORE_DOWN,SAME_TIER_SCORE_DOWN,NO_MATERIAL_CHANGE,factor_pack_score,HIGH,,,,,,,FALSE,D:\us-tech-quant\outputs\v18\tier_migration\V18_24A_CURRENT_TIER_MOVEMENT_REPORT.csv,V18_24A_TIER_MIGRATION_ALIAS_REPAIR
PINS,,TIER_0_DATA_NOT_READY,TIER_0_DATA_NOT_READY,SAME_TIER_SCORE_DOWN,SAME_TIER_SCORE_DOWN,NO_MATERIAL_CHANGE,factor_pack_score,HIGH,,,,,,,FALSE,D:\us-tech-quant\outputs\v18\tier_migration\V18_24A_CURRENT_TIER_MOVEMENT_REPORT.csv,V18_24A_TIER_MIGRATION_ALIAS_REPAIR
PLTR,23.810000,TIER_5_WEAK_OR_BLOCKED,TIER_5_WEAK_OR_BLOCKED,SAME_TIER_SCORE_DOWN,SAME_TIER_SCORE_DOWN,NO_MATERIAL_CHANGE,factor_pack_score,HIGH,23.810000,23.810000,81,81,0,0.000000,FALSE,D:\us-tech-quant\outputs\v18\tier_migration\V18_24A_CURRENT_TIER_MOVEMENT_REPORT.csv,V18_24A_TIER_MIGRATION_ALIAS_REPAIR
PLUG,,TIER_0_DATA_NOT_READY,TIER_0_DATA_NOT_READY,SAME_TIER_SCORE_DOWN,SAME_TIER_SCORE_DOWN,NO_MATERIAL_CHANGE,factor_pack_score,HIGH,,,,,,,FALSE,D:\us-tech-quant\outputs\v18\tier_migration\V18_24A_CURRENT_TIER_MOVEMENT_REPORT.csv,V18_24A_TIER_MIGRATION_ALIAS_REPAIR
PM,,TIER_0_DATA_NOT_READY,TIER_0_DATA_NOT_READY,SAME_TIER_SCORE_DOWN,SAME_TIER_SCORE_DOWN,NO_MATERIAL_CHANGE,factor_pack_score,HIGH,,,,,,,FALSE,D:\us-tech-quant\outputs\v18\tier_migration\V18_24A_CURRENT_TIER_MOVEMENT_REPORT.csv,V18_24A_TIER_MIGRATION_ALIAS_REPAIR
PONY,,TIER_0_DATA_NOT_READY,TIER_0_DATA_NOT_READY,SAME_TIER_SCORE_DOWN,SAME_TIER_SCORE_DOWN,NO_MATERIAL_CHANGE,factor_pack_score,HIGH,,,,,,,FALSE,D:\us-tech-quant\outputs\v18\tier_migration\V18_24A_CURRENT_TIER_MOVEMENT_REPORT.csv,V18_24A_TIER_MIGRATION_ALIAS_REPAIR
POWL,98.100000,TIER_1_CORE_CANDIDATE,TIER_1_CORE_CANDIDATE,SAME_TIER_SCORE_DOWN,SAME_TIER_SCORE_DOWN,NO_MATERIAL_CHANGE,factor_pack_score,HIGH,98.100000,98.100000,3,3,0,0.000000,FALSE,D:\us-tech-quant\outputs\v18\tier_migration\V18_24A_CURRENT_TIER_MOVEMENT_REPORT.csv,V18_24A_TIER_MIGRATION_ALIAS_REPAIR
PSIX,,TIER_0_DATA_NOT_READY,TIER_0_DATA_NOT_READY,SAME_TIER_SCORE_DOWN,SAME_TIER_SCORE_DOWN,NO_MATERIAL_CHANGE,factor_pack_score,HIGH,,,,,,,FALSE,D:\us-tech-quant\outputs\v18\tier_migration\V18_24A_CURRENT_TIER_MOVEMENT_REPORT.csv,V18_24A_TIER_MIGRATION_ALIAS_REPAIR
PSTG,28.570000,TIER_5_WEAK_OR_BLOCKED,TIER_5_WEAK_OR_BLOCKED,SAME_TIER_SCORE_DOWN,SAME_TIER_SCORE_DOWN,NO_MATERIAL_CHANGE,factor_pack_score,HIGH,28.570000,28.570000,76,76,0,0.000000,FALSE,D:\us-tech-quant\outputs\v18\tier_migration\V18_24A_CURRENT_TIER_MOVEMENT_REPORT.csv,V18_24A_TIER_MIGRATION_ALIAS_REPAIR
PTGX,,TIER_0_DATA_NOT_READY,TIER_0_DATA_NOT_READY,SAME_TIER_SCORE_DOWN,SAME_TIER_SCORE_DOWN,NO_MATERIAL_CHANGE,factor_pack_score,HIGH,,,,,,,FALSE,D:\us-tech-quant\outputs\v18\tier_migration\V18_24A_CURRENT_TIER_MOVEMENT_REPORT.csv,V18_24A_TIER_MIGRATION_ALIAS_REPAIR
PTON,,TIER_0_DATA_NOT_READY,TIER_0_DATA_NOT_READY,SAME_TIER_SCORE_DOWN,SAME_TIER_SCORE_DOWN,NO_MATERIAL_CHANGE,factor_pack_score,HIGH,,,,,,,FALSE,D:\us-tech-quant\outputs\v18\tier_migration\V18_24A_CURRENT_TIER_MOVEMENT_REPORT.csv,V18_24A_TIER_MIGRATION_ALIAS_REPAIR
PUMP,,TIER_0_DATA_NOT_READY,TIER_0_DATA_NOT_READY,SAME_TIER_SCORE_DOWN,SAME_TIER_SCORE_DOWN,NO_MATERIAL_CHANGE,factor_pack_score,HIGH,,,,,,,FALSE,D:\us-tech-quant\outputs\v18\tier_migration\V18_24A_CURRENT_TIER_MOVEMENT_REPORT.csv,V18_24A_TIER_MIGRATION_ALIAS_REPAIR
PWR,60.000000,TIER_4_REVIEW_ONLY,TIER_4_REVIEW_ONLY,SAME_TIER_SCORE_DOWN,SAME_TIER_SCORE_DOWN,NO_MATERIAL_CHANGE,factor_pack_score,HIGH,60.000000,60.000000,43,43,0,0.000000,FALSE,D:\us-tech-quant\outputs\v18\tier_migration\V18_24A_CURRENT_TIER_MOVEMENT_REPORT.csv,V18_24A_TIER_MIGRATION_ALIAS_REPAIR
PYPL,,TIER_0_DATA_NOT_READY,TIER_0_DATA_NOT_READY,SAME_TIER_SCORE_DOWN,SAME_TIER_SCORE_DOWN,NO_MATERIAL_CHANGE,factor_pack_score,HIGH,,,,,,,FALSE,D:\us-tech-quant\outputs\v18\tier_migration\V18_24A_CURRENT_TIER_MOVEMENT_REPORT.csv,V18_24A_TIER_MIGRATION_ALIAS_REPAIR
QCOM,57.140000,TIER_4_REVIEW_ONLY,TIER_4_REVIEW_ONLY,SAME_TIER_SCORE_DOWN,SAME_TIER_SCORE_DOWN,NO_MATERIAL_CHANGE,factor_pack_score,HIGH,57.140000,57.140000,46,46,0,0.000000,FALSE,D:\us-tech-quant\outputs\v18\tier_migration\V18_24A_CURRENT_TIER_MOVEMENT_REPORT.csv,V18_24A_TIER_MIGRATION_ALIAS_REPAIR
QQQ,34.290000,TIER_5_WEAK_OR_BLOCKED,TIER_5_WEAK_OR_BLOCKED,SAME_TIER_SCORE_DOWN,SAME_TIER_SCORE_DOWN,NO_MATERIAL_CHANGE,factor_pack_score,HIGH,34.290000,34.290000,70,70,0,0.000000,FALSE,D:\us-tech-quant\outputs\v18\tier_migration\V18_24A_CURRENT_TIER_MOVEMENT_REPORT.csv,V18_24A_TIER_MIGRATION_ALIAS_REPAIR
QS,,TIER_0_DATA_NOT_READY,TIER_0_DATA_NOT_READY,SAME_TIER_SCORE_DOWN,SAME_TIER_SCORE_DOWN,NO_MATERIAL_CHANGE,factor_pack_score,HIGH,,,,,,,FALSE,D:\us-tech-quant\outputs\v18\tier_migration\V18_24A_CURRENT_TIER_MOVEMENT_REPORT.csv,V18_24A_TIER_MIGRATION_ALIAS_REPAIR
QSR,,TIER_0_DATA_NOT_READY,TIER_0_DATA_NOT_READY,SAME_TIER_SCORE_DOWN,SAME_TIER_SCORE_DOWN,NO_MATERIAL_CHANGE,factor_pack_score,HIGH,,,,,,,FALSE,D:\us-tech-quant\outputs\v18\tier_migration\V18_24A_CURRENT_TIER_MOVEMENT_REPORT.csv,V18_24A_TIER_MIGRATION_ALIAS_REPAIR
RBLX,,TIER_0_DATA_NOT_READY,TIER_0_DATA_NOT_READY,SAME_TIER_SCORE_DOWN,SAME_TIER_SCORE_DOWN,NO_MATERIAL_CHANGE,factor_pack_score,HIGH,,,,,,,FALSE,D:\us-tech-quant\outputs\v18\tier_migration\V18_24A_CURRENT_TIER_MOVEMENT_REPORT.csv,V18_24A_TIER_MIGRATION_ALIAS_REPAIR
RDDT,,TIER_0_DATA_NOT_READY,TIER_0_DATA_NOT_READY,SAME_TIER_SCORE_DOWN,SAME_TIER_SCORE_DOWN,NO_MATERIAL_CHANGE,factor_pack_score,HIGH,,,,,,,FALSE,D:\us-tech-quant\outputs\v18\tier_migration\V18_24A_CURRENT_TIER_MOVEMENT_REPORT.csv,V18_24A_TIER_MIGRATION_ALIAS_REPAIR
RERE,,TIER_0_DATA_NOT_READY,TIER_0_DATA_NOT_READY,SAME_TIER_SCORE_DOWN,SAME_TIER_SCORE_DOWN,NO_MATERIAL_CHANGE,factor_pack_score,HIGH,,,,,,,FALSE,D:\us-tech-quant\outputs\v18\tier_migration\V18_24A_CURRENT_TIER_MOVEMENT_REPORT.csv,V18_24A_TIER_MIGRATION_ALIAS_REPAIR
RH,,TIER_0_DATA_NOT_READY,TIER_0_DATA_NOT_READY,SAME_TIER_SCORE_DOWN,SAME_TIER_SCORE_DOWN,NO_MATERIAL_CHANGE,factor_pack_score,HIGH,,,,,,,FALSE,D:\us-tech-quant\outputs\v18\tier_migration\V18_24A_CURRENT_TIER_MOVEMENT_REPORT.csv,V18_24A_TIER_MIGRATION_ALIAS_REPAIR
RIOT,,TIER_0_DATA_NOT_READY,TIER_0_DATA_NOT_READY,SAME_TIER_SCORE_DOWN,SAME_TIER_SCORE_DOWN,NO_MATERIAL_CHANGE,factor_pack_score,HIGH,,,,,,,FALSE,D:\us-tech-quant\outputs\v18\tier_migration\V18_24A_CURRENT_TIER_MOVEMENT_REPORT.csv,V18_24A_TIER_MIGRATION_ALIAS_REPAIR
RKT,,TIER_0_DATA_NOT_READY,TIER_0_DATA_NOT_READY,SAME_TIER_SCORE_DOWN,SAME_TIER_SCORE_DOWN,NO_MATERIAL_CHANGE,factor_pack_score,HIGH,,,,,,,FALSE,D:\us-tech-quant\outputs\v18\tier_migration\V18_24A_CURRENT_TIER_MOVEMENT_REPORT.csv,V18_24A_TIER_MIGRATION_ALIAS_REPAIR
RNG,,TIER_0_DATA_NOT_READY,TIER_0_DATA_NOT_READY,SAME_TIER_SCORE_DOWN,SAME_TIER_SCORE_DOWN,NO_MATERIAL_CHANGE,factor_pack_score,HIGH,,,,,,,FALSE,D:\us-tech-quant\outputs\v18\tier_migration\V18_24A_CURRENT_TIER_MOVEMENT_REPORT.csv,V18_24A_TIER_MIGRATION_ALIAS_REPAIR
ROKU,,TIER_0_DATA_NOT_READY,TIER_0_DATA_NOT_READY,SAME_TIER_SCORE_DOWN,SAME_TIER_SCORE_DOWN,NO_MATERIAL_CHANGE,factor_pack_score,HIGH,,,,,,,FALSE,D:\us-tech-quant\outputs\v18\tier_migration\V18_24A_CURRENT_TIER_MOVEMENT_REPORT.csv,V18_24A_TIER_MIGRATION_ALIAS_REPAIR
RSP,,TIER_0_DATA_NOT_READY,TIER_0_DATA_NOT_READY,SAME_TIER_SCORE_DOWN,SAME_TIER_SCORE_DOWN,NO_MATERIAL_CHANGE,factor_pack_score,HIGH,,,,,,,FALSE,D:\us-tech-quant\outputs\v18\tier_migration\V18_24A_CURRENT_TIER_MOVEMENT_REPORT.csv,V18_24A_TIER_MIGRATION_ALIAS_REPAIR
RTX,,TIER_0_DATA_NOT_READY,TIER_0_DATA_NOT_READY,SAME_TIER_SCORE_DOWN,SAME_TIER_SCORE_DOWN,NO_MATERIAL_CHANGE,factor_pack_score,HIGH,,,,,,,FALSE,D:\us-tech-quant\outputs\v18\tier_migration\V18_24A_CURRENT_TIER_MOVEMENT_REPORT.csv,V18_24A_TIER_MIGRATION_ALIAS_REPAIR
RVMD,,TIER_0_DATA_NOT_READY,TIER_0_DATA_NOT_READY,SAME_TIER_SCORE_DOWN,SAME_TIER_SCORE_DOWN,NO_MATERIAL_CHANGE,factor_pack_score,HIGH,,,,,,,FALSE,D:\us-tech-quant\outputs\v18\tier_migration\V18_24A_CURRENT_TIER_MOVEMENT_REPORT.csv,V18_24A_TIER_MIGRATION_ALIAS_REPAIR
SANM,50.950000,TIER_4_REVIEW_ONLY,TIER_4_REVIEW_ONLY,SAME_TIER_SCORE_DOWN,SAME_TIER_SCORE_DOWN,NO_MATERIAL_CHANGE,factor_pack_score,HIGH,50.950000,50.950000,53,53,0,0.000000,FALSE,D:\us-tech-quant\outputs\v18\tier_migration\V18_24A_CURRENT_TIER_MOVEMENT_REPORT.csv,V18_24A_TIER_MIGRATION_ALIAS_REPAIR
SATS,,TIER_0_DATA_NOT_READY,TIER_0_DATA_NOT_READY,SAME_TIER_SCORE_DOWN,SAME_TIER_SCORE_DOWN,NO_MATERIAL_CHANGE,factor_pack_score,HIGH,,,,,,,FALSE,D:\us-tech-quant\outputs\v18\tier_migration\V18_24A_CURRENT_TIER_MOVEMENT_REPORT.csv,V18_24A_TIER_MIGRATION_ALIAS_REPAIR
SCCO,,TIER_0_DATA_NOT_READY,TIER_0_DATA_NOT_READY,SAME_TIER_SCORE_DOWN,SAME_TIER_SCORE_DOWN,NO_MATERIAL_CHANGE,factor_pack_score,HIGH,,,,,,,FALSE,D:\us-tech-quant\outputs\v18\tier_migration\V18_24A_CURRENT_TIER_MOVEMENT_REPORT.csv,V18_24A_TIER_MIGRATION_ALIAS_REPAIR
SCHW,,TIER_0_DATA_NOT_READY,TIER_0_DATA_NOT_READY,SAME_TIER_SCORE_DOWN,SAME_TIER_SCORE_DOWN,NO_MATERIAL_CHANGE,factor_pack_score,HIGH,,,,,,,FALSE,D:\us-tech-quant\outputs\v18\tier_migration\V18_24A_CURRENT_TIER_MOVEMENT_REPORT.csv,V18_24A_TIER_MIGRATION_ALIAS_REPAIR
SE,,TIER_0_DATA_NOT_READY,TIER_0_DATA_NOT_READY,SAME_TIER_SCORE_DOWN,SAME_TIER_SCORE_DOWN,NO_MATERIAL_CHANGE,factor_pack_score,HIGH,,,,,,,FALSE,D:\us-tech-quant\outputs\v18\tier_migration\V18_24A_CURRENT_TIER_MOVEMENT_REPORT.csv,V18_24A_TIER_MIGRATION_ALIAS_REPAIR
SEI,,TIER_0_DATA_NOT_READY,TIER_0_DATA_NOT_READY,SAME_TIER_SCORE_DOWN,SAME_TIER_SCORE_DOWN,NO_MATERIAL_CHANGE,factor_pack_score,HIGH,,,,,,,FALSE,D:\us-tech-quant\outputs\v18\tier_migration\V18_24A_CURRENT_TIER_MOVEMENT_REPORT.csv,V18_24A_TIER_MIGRATION_ALIAS_REPAIR
SFIX,,TIER_0_DATA_NOT_READY,TIER_0_DATA_NOT_READY,SAME_TIER_SCORE_DOWN,SAME_TIER_SCORE_DOWN,NO_MATERIAL_CHANGE,factor_pack_score,HIGH,,,,,,,FALSE,D:\us-tech-quant\outputs\v18\tier_migration\V18_24A_CURRENT_TIER_MOVEMENT_REPORT.csv,V18_24A_TIER_MIGRATION_ALIAS_REPAIR
SFM,,TIER_0_DATA_NOT_READY,TIER_0_DATA_NOT_READY,SAME_TIER_SCORE_DOWN,SAME_TIER_SCORE_DOWN,NO_MATERIAL_CHANGE,factor_pack_score,HIGH,,,,,,,FALSE,D:\us-tech-quant\outputs\v18\tier_migration\V18_24A_CURRENT_TIER_MOVEMENT_REPORT.csv,V18_24A_TIER_MIGRATION_ALIAS_REPAIR
SHOP,,TIER_0_DATA_NOT_READY,TIER_0_DATA_NOT_READY,SAME_TIER_SCORE_DOWN,SAME_TIER_SCORE_DOWN,NO_MATERIAL_CHANGE,factor_pack_score,HIGH,,,,,,,FALSE,D:\us-tech-quant\outputs\v18\tier_migration\V18_24A_CURRENT_TIER_MOVEMENT_REPORT.csv,V18_24A_TIER_MIGRATION_ALIAS_REPAIR
SHW,,TIER_0_DATA_NOT_READY,TIER_0_DATA_NOT_READY,SAME_TIER_SCORE_DOWN,SAME_TIER_SCORE_DOWN,NO_MATERIAL_CHANGE,factor_pack_score,HIGH,,,,,,,FALSE,D:\us-tech-quant\outputs\v18\tier_migration\V18_24A_CURRENT_TIER_MOVEMENT_REPORT.csv,V18_24A_TIER_MIGRATION_ALIAS_REPAIR
SITM,,TIER_0_DATA_NOT_READY,TIER_0_DATA_NOT_READY,SAME_TIER_SCORE_DOWN,SAME_TIER_SCORE_DOWN,NO_MATERIAL_CHANGE,factor_pack_score,HIGH,,,,,,,FALSE,D:\us-tech-quant\outputs\v18\tier_migration\V18_24A_CURRENT_TIER_MOVEMENT_REPORT.csv,V18_24A_TIER_MIGRATION_ALIAS_REPAIR
SMCI,4.760000,TIER_5_WEAK_OR_BLOCKED,TIER_5_WEAK_OR_BLOCKED,SAME_TIER_SCORE_DOWN,SAME_TIER_SCORE_DOWN,NO_MATERIAL_CHANGE,factor_pack_score,HIGH,4.760000,4.760000,101,101,0,0.000000,FALSE,D:\us-tech-quant\outputs\v18\tier_migration\V18_24A_CURRENT_TIER_MOVEMENT_REPORT.csv,V18_24A_TIER_MIGRATION_ALIAS_REPAIR
SMH,64.760000,TIER_4_REVIEW_ONLY,TIER_4_REVIEW_ONLY,SAME_TIER_SCORE_DOWN,SAME_TIER_SCORE_DOWN,NO_MATERIAL_CHANGE,factor_pack_score,HIGH,64.760000,64.760000,38,38,0,0.000000,FALSE,D:\us-tech-quant\outputs\v18\tier_migration\V18_24A_CURRENT_TIER_MOVEMENT_REPORT.csv,V18_24A_TIER_MIGRATION_ALIAS_REPAIR
SMTC,,TIER_0_DATA_NOT_READY,TIER_0_DATA_NOT_READY,SAME_TIER_SCORE_DOWN,SAME_TIER_SCORE_DOWN,NO_MATERIAL_CHANGE,factor_pack_score,HIGH,,,,,,,FALSE,D:\us-tech-quant\outputs\v18\tier_migration\V18_24A_CURRENT_TIER_MOVEMENT_REPORT.csv,V18_24A_TIER_MIGRATION_ALIAS_REPAIR
SNDK,91.430000,TIER_1_CORE_CANDIDATE,TIER_1_CORE_CANDIDATE,SAME_TIER_SCORE_DOWN,SAME_TIER_SCORE_DOWN,NO_MATERIAL_CHANGE,factor_pack_score,HIGH,91.430000,91.430000,10,10,0,0.000000,FALSE,D:\us-tech-quant\outputs\v18\tier_migration\V18_24A_CURRENT_TIER_MOVEMENT_REPORT.csv,V18_24A_TIER_MIGRATION_ALIAS_REPAIR
SNOW,11.430000,TIER_5_WEAK_OR_BLOCKED,TIER_5_WEAK_OR_BLOCKED,SAME_TIER_SCORE_DOWN,SAME_TIER_SCORE_DOWN,NO_MATERIAL_CHANGE,factor_pack_score,HIGH,11.430000,11.430000,94,94,0,0.000000,FALSE,D:\us-tech-quant\outputs\v18\tier_migration\V18_24A_CURRENT_TIER_MOVEMENT_REPORT.csv,V18_24A_TIER_MIGRATION_ALIAS_REPAIR
SNPS,,TIER_0_DATA_NOT_READY,TIER_0_DATA_NOT_READY,SAME_TIER_SCORE_DOWN,SAME_TIER_SCORE_DOWN,NO_MATERIAL_CHANGE,factor_pack_score,HIGH,,,,,,,FALSE,D:\us-tech-quant\outputs\v18\tier_migration\V18_24A_CURRENT_TIER_MOVEMENT_REPORT.csv,V18_24A_TIER_MIGRATION_ALIAS_REPAIR
SOLS,,TIER_0_DATA_NOT_READY,TIER_0_DATA_NOT_READY,SAME_TIER_SCORE_DOWN,SAME_TIER_SCORE_DOWN,NO_MATERIAL_CHANGE,factor_pack_score,HIGH,,,,,,,FALSE,D:\us-tech-quant\outputs\v18\tier_migration\V18_24A_CURRENT_TIER_MOVEMENT_REPORT.csv,V18_24A_TIER_MIGRATION_ALIAS_REPAIR
SOXL,96.190000,TIER_1_CORE_CANDIDATE,TIER_1_CORE_CANDIDATE,SAME_TIER_SCORE_DOWN,SAME_TIER_SCORE_DOWN,NO_MATERIAL_CHANGE,factor_pack_score,HIGH,96.190000,96.190000,5,5,0,0.000000,FALSE,D:\us-tech-quant\outputs\v18\tier_migration\V18_24A_CURRENT_TIER_MOVEMENT_REPORT.csv,V18_24A_TIER_MIGRATION_ALIAS_REPAIR
SOXX,76.190000,TIER_2_STRONG_WATCHLIST,TIER_2_STRONG_WATCHLIST,SAME_TIER_SCORE_DOWN,SAME_TIER_SCORE_DOWN,NO_MATERIAL_CHANGE,factor_pack_score,HIGH,76.190000,76.190000,26,26,0,0.000000,FALSE,D:\us-tech-quant\outputs\v18\tier_migration\V18_24A_CURRENT_TIER_MOVEMENT_REPORT.csv,V18_24A_TIER_MIGRATION_ALIAS_REPAIR
SPOT,,TIER_0_DATA_NOT_READY,TIER_0_DATA_NOT_READY,SAME_TIER_SCORE_DOWN,SAME_TIER_SCORE_DOWN,NO_MATERIAL_CHANGE,factor_pack_score,HIGH,,,,,,,FALSE,D:\us-tech-quant\outputs\v18\tier_migration\V18_24A_CURRENT_TIER_MOVEMENT_REPORT.csv,V18_24A_TIER_MIGRATION_ALIAS_REPAIR
SPY,25.710000,TIER_5_WEAK_OR_BLOCKED,TIER_5_WEAK_OR_BLOCKED,SAME_TIER_SCORE_DOWN,SAME_TIER_SCORE_DOWN,NO_MATERIAL_CHANGE,factor_pack_score,HIGH,25.710000,25.710000,79,79,0,0.000000,FALSE,D:\us-tech-quant\outputs\v18\tier_migration\V18_24A_CURRENT_TIER_MOVEMENT_REPORT.csv,V18_24A_TIER_MIGRATION_ALIAS_REPAIR
STG,,TIER_0_DATA_NOT_READY,TIER_0_DATA_NOT_READY,SAME_TIER_SCORE_DOWN,SAME_TIER_SCORE_DOWN,NO_MATERIAL_CHANGE,factor_pack_score,HIGH,,,,,,,FALSE,D:\us-tech-quant\outputs\v18\tier_migration\V18_24A_CURRENT_TIER_MOVEMENT_REPORT.csv,V18_24A_TIER_MIGRATION_ALIAS_REPAIR
STM,,TIER_0_DATA_NOT_READY,TIER_0_DATA_NOT_READY,SAME_TIER_SCORE_DOWN,SAME_TIER_SCORE_DOWN,NO_MATERIAL_CHANGE,factor_pack_score,HIGH,,,,,,,FALSE,D:\us-tech-quant\outputs\v18\tier_migration\V18_24A_CURRENT_TIER_MOVEMENT_REPORT.csv,V18_24A_TIER_MIGRATION_ALIAS_REPAIR
STUB,,TIER_0_DATA_NOT_READY,TIER_0_DATA_NOT_READY,SAME_TIER_SCORE_DOWN,SAME_TIER_SCORE_DOWN,NO_MATERIAL_CHANGE,factor_pack_score,HIGH,,,,,,,FALSE,D:\us-tech-quant\outputs\v18\tier_migration\V18_24A_CURRENT_TIER_MOVEMENT_REPORT.csv,V18_24A_TIER_MIGRATION_ALIAS_REPAIR
STX,87.620000,TIER_1_CORE_CANDIDATE,TIER_1_CORE_CANDIDATE,SAME_TIER_SCORE_DOWN,SAME_TIER_SCORE_DOWN,NO_MATERIAL_CHANGE,factor_pack_score,HIGH,87.620000,87.620000,14,14,0,0.000000,FALSE,D:\us-tech-quant\outputs\v18\tier_migration\V18_24A_CURRENT_TIER_MOVEMENT_REPORT.csv,V18_24A_TIER_MIGRATION_ALIAS_REPAIR
TEAM,,TIER_0_DATA_NOT_READY,TIER_0_DATA_NOT_READY,SAME_TIER_SCORE_DOWN,SAME_TIER_SCORE_DOWN,NO_MATERIAL_CHANGE,factor_pack_score,HIGH,,,,,,,FALSE,D:\us-tech-quant\outputs\v18\tier_migration\V18_24A_CURRENT_TIER_MOVEMENT_REPORT.csv,V18_24A_TIER_MIGRATION_ALIAS_REPAIR
TER,71.430000,TIER_3_WATCHLIST,TIER_3_WATCHLIST,SAME_TIER_SCORE_DOWN,SAME_TIER_SCORE_DOWN,NO_MATERIAL_CHANGE,factor_pack_score,HIGH,71.430000,71.430000,31,31,0,0.000000,FALSE,D:\us-tech-quant\outputs\v18\tier_migration\V18_24A_CURRENT_TIER_MOVEMENT_REPORT.csv,V18_24A_TIER_MIGRATION_ALIAS_REPAIR
TEVA,,TIER_0_DATA_NOT_READY,TIER_0_DATA_NOT_READY,SAME_TIER_SCORE_DOWN,SAME_TIER_SCORE_DOWN,NO_MATERIAL_CHANGE,factor_pack_score,HIGH,,,,,,,FALSE,D:\us-tech-quant\outputs\v18\tier_migration\V18_24A_CURRENT_TIER_MOVEMENT_REPORT.csv,V18_24A_TIER_MIGRATION_ALIAS_REPAIR
TICKERS,,TIER_0_DATA_NOT_READY,TIER_0_DATA_NOT_READY,SAME_TIER_SCORE_DOWN,SAME_TIER_SCORE_DOWN,NO_MATERIAL_CHANGE,factor_pack_score,HIGH,,,,,,,FALSE,D:\us-tech-quant\outputs\v18\tier_migration\V18_24A_CURRENT_TIER_MOVEMENT_REPORT.csv,V18_24A_TIER_MIGRATION_ALIAS_REPAIR
TIGR,,TIER_0_DATA_NOT_READY,TIER_0_DATA_NOT_READY,SAME_TIER_SCORE_DOWN,SAME_TIER_SCORE_DOWN,NO_MATERIAL_CHANGE,factor_pack_score,HIGH,,,,,,,FALSE,D:\us-tech-quant\outputs\v18\tier_migration\V18_24A_CURRENT_TIER_MOVEMENT_REPORT.csv,V18_24A_TIER_MIGRATION_ALIAS_REPAIR
TLN,,TIER_0_DATA_NOT_READY,TIER_0_DATA_NOT_READY,SAME_TIER_SCORE_DOWN,SAME_TIER_SCORE_DOWN,NO_MATERIAL_CHANGE,factor_pack_score,HIGH,,,,,,,FALSE,D:\us-tech-quant\outputs\v18\tier_migration\V18_24A_CURRENT_TIER_MOVEMENT_REPORT.csv,V18_24A_TIER_MIGRATION_ALIAS_REPAIR
TQQQ,49.520000,TIER_5_WEAK_OR_BLOCKED,TIER_5_WEAK_OR_BLOCKED,SAME_TIER_SCORE_DOWN,SAME_TIER_SCORE_DOWN,NO_MATERIAL_CHANGE,factor_pack_score,HIGH,49.520000,49.520000,54,54,0,0.000000,FALSE,D:\us-tech-quant\outputs\v18\tier_migration\V18_24A_CURRENT_TIER_MOVEMENT_REPORT.csv,V18_24A_TIER_MIGRATION_ALIAS_REPAIR
TSEM,,TIER_0_DATA_NOT_READY,TIER_0_DATA_NOT_READY,SAME_TIER_SCORE_DOWN,SAME_TIER_SCORE_DOWN,NO_MATERIAL_CHANGE,factor_pack_score,HIGH,,,,,,,FALSE,D:\us-tech-quant\outputs\v18\tier_migration\V18_24A_CURRENT_TIER_MOVEMENT_REPORT.csv,V18_24A_TIER_MIGRATION_ALIAS_REPAIR
TSLA,43.810000,TIER_5_WEAK_OR_BLOCKED,TIER_5_WEAK_OR_BLOCKED,SAME_TIER_SCORE_DOWN,SAME_TIER_SCORE_DOWN,NO_MATERIAL_CHANGE,factor_pack_score,HIGH,43.810000,43.810000,60,60,0,0.000000,FALSE,D:\us-tech-quant\outputs\v18\tier_migration\V18_24A_CURRENT_TIER_MOVEMENT_REPORT.csv,V18_24A_TIER_MIGRATION_ALIAS_REPAIR
TSM,44.760000,TIER_5_WEAK_OR_BLOCKED,TIER_5_WEAK_OR_BLOCKED,SAME_TIER_SCORE_DOWN,SAME_TIER_SCORE_DOWN,NO_MATERIAL_CHANGE,factor_pack_score,HIGH,44.760000,44.760000,59,59,0,0.000000,FALSE,D:\us-tech-quant\outputs\v18\tier_migration\V18_24A_CURRENT_TIER_MOVEMENT_REPORT.csv,V18_24A_TIER_MIGRATION_ALIAS_REPAIR
TTD,,TIER_0_DATA_NOT_READY,TIER_0_DATA_NOT_READY,SAME_TIER_SCORE_DOWN,SAME_TIER_SCORE_DOWN,NO_MATERIAL_CHANGE,factor_pack_score,HIGH,,,,,,,FALSE,D:\us-tech-quant\outputs\v18\tier_migration\V18_24A_CURRENT_TIER_MOVEMENT_REPORT.csv,V18_24A_TIER_MIGRATION_ALIAS_REPAIR
TTMI,,TIER_0_DATA_NOT_READY,TIER_0_DATA_NOT_READY,SAME_TIER_SCORE_DOWN,SAME_TIER_SCORE_DOWN,NO_MATERIAL_CHANGE,factor_pack_score,HIGH,,,,,,,FALSE,D:\us-tech-quant\outputs\v18\tier_migration\V18_24A_CURRENT_TIER_MOVEMENT_REPORT.csv,V18_24A_TIER_MIGRATION_ALIAS_REPAIR
TTWO,,TIER_0_DATA_NOT_READY,TIER_0_DATA_NOT_READY,SAME_TIER_SCORE_DOWN,SAME_TIER_SCORE_DOWN,NO_MATERIAL_CHANGE,factor_pack_score,HIGH,,,,,,,FALSE,D:\us-tech-quant\outputs\v18\tier_migration\V18_24A_CURRENT_TIER_MOVEMENT_REPORT.csv,V18_24A_TIER_MIGRATION_ALIAS_REPAIR
TWLO,,TIER_0_DATA_NOT_READY,TIER_0_DATA_NOT_READY,SAME_TIER_SCORE_DOWN,SAME_TIER_SCORE_DOWN,NO_MATERIAL_CHANGE,factor_pack_score,HIGH,,,,,,,FALSE,D:\us-tech-quant\outputs\v18\tier_migration\V18_24A_CURRENT_TIER_MOVEMENT_REPORT.csv,V18_24A_TIER_MIGRATION_ALIAS_REPAIR
TWST,,TIER_0_DATA_NOT_READY,TIER_0_DATA_NOT_READY,SAME_TIER_SCORE_DOWN,SAME_TIER_SCORE_DOWN,NO_MATERIAL_CHANGE,factor_pack_score,HIGH,,,,,,,FALSE,D:\us-tech-quant\outputs\v18\tier_migration\V18_24A_CURRENT_TIER_MOVEMENT_REPORT.csv,V18_24A_TIER_MIGRATION_ALIAS_REPAIR
TXN,2.860000,TIER_5_WEAK_OR_BLOCKED,TIER_5_WEAK_OR_BLOCKED,SAME_TIER_SCORE_DOWN,SAME_TIER_SCORE_DOWN,NO_MATERIAL_CHANGE,factor_pack_score,HIGH,2.860000,2.860000,103,103,0,0.000000,FALSE,D:\us-tech-quant\outputs\v18\tier_migration\V18_24A_CURRENT_TIER_MOVEMENT_REPORT.csv,V18_24A_TIER_MIGRATION_ALIAS_REPAIR
U,,TIER_0_DATA_NOT_READY,TIER_0_DATA_NOT_READY,SAME_TIER_SCORE_DOWN,SAME_TIER_SCORE_DOWN,NO_MATERIAL_CHANGE,factor_pack_score,HIGH,,,,,,,FALSE,D:\us-tech-quant\outputs\v18\tier_migration\V18_24A_CURRENT_TIER_MOVEMENT_REPORT.csv,V18_24A_TIER_MIGRATION_ALIAS_REPAIR
UAL,,TIER_0_DATA_NOT_READY,TIER_0_DATA_NOT_READY,SAME_TIER_SCORE_DOWN,SAME_TIER_SCORE_DOWN,NO_MATERIAL_CHANGE,factor_pack_score,HIGH,,,,,,,FALSE,D:\us-tech-quant\outputs\v18\tier_migration\V18_24A_CURRENT_TIER_MOVEMENT_REPORT.csv,V18_24A_TIER_MIGRATION_ALIAS_REPAIR
UBER,,TIER_0_DATA_NOT_READY,TIER_0_DATA_NOT_READY,SAME_TIER_SCORE_DOWN,SAME_TIER_SCORE_DOWN,NO_MATERIAL_CHANGE,factor_pack_score,HIGH,,,,,,,FALSE,D:\us-tech-quant\outputs\v18\tier_migration\V18_24A_CURRENT_TIER_MOVEMENT_REPORT.csv,V18_24A_TIER_MIGRATION_ALIAS_REPAIR
UNH,,TIER_0_DATA_NOT_READY,TIER_0_DATA_NOT_READY,SAME_TIER_SCORE_DOWN,SAME_TIER_SCORE_DOWN,NO_MATERIAL_CHANGE,factor_pack_score,HIGH,,,,,,,FALSE,D:\us-tech-quant\outputs\v18\tier_migration\V18_24A_CURRENT_TIER_MOVEMENT_REPORT.csv,V18_24A_TIER_MIGRATION_ALIAS_REPAIR
UPST,,TIER_0_DATA_NOT_READY,TIER_0_DATA_NOT_READY,SAME_TIER_SCORE_DOWN,SAME_TIER_SCORE_DOWN,NO_MATERIAL_CHANGE,factor_pack_score,HIGH,,,,,,,FALSE,D:\us-tech-quant\outputs\v18\tier_migration\V18_24A_CURRENT_TIER_MOVEMENT_REPORT.csv,V18_24A_TIER_MIGRATION_ALIAS_REPAIR
USFD,,TIER_0_DATA_NOT_READY,TIER_0_DATA_NOT_READY,SAME_TIER_SCORE_DOWN,SAME_TIER_SCORE_DOWN,NO_MATERIAL_CHANGE,factor_pack_score,HIGH,,,,,,,FALSE,D:\us-tech-quant\outputs\v18\tier_migration\V18_24A_CURRENT_TIER_MOVEMENT_REPORT.csv,V18_24A_TIER_MIGRATION_ALIAS_REPAIR
V,,TIER_0_DATA_NOT_READY,TIER_0_DATA_NOT_READY,SAME_TIER_SCORE_DOWN,SAME_TIER_SCORE_DOWN,NO_MATERIAL_CHANGE,factor_pack_score,HIGH,,,,,,,FALSE,D:\us-tech-quant\outputs\v18\tier_migration\V18_24A_CURRENT_TIER_MOVEMENT_REPORT.csv,V18_24A_TIER_MIGRATION_ALIAS_REPAIR
VECO,67.620000,TIER_0_DATA_NOT_READY,TIER_0_DATA_NOT_READY,SAME_TIER_SCORE_DOWN,SAME_TIER_SCORE_DOWN,NO_MATERIAL_CHANGE,factor_pack_score,HIGH,67.620000,67.620000,35,35,0,0.000000,FALSE,D:\us-tech-quant\outputs\v18\tier_migration\V18_24A_CURRENT_TIER_MOVEMENT_REPORT.csv,V18_24A_TIER_MIGRATION_ALIAS_REPAIR
VEEV,,TIER_0_DATA_NOT_READY,TIER_0_DATA_NOT_READY,SAME_TIER_SCORE_DOWN,SAME_TIER_SCORE_DOWN,NO_MATERIAL_CHANGE,factor_pack_score,HIGH,,,,,,,FALSE,D:\us-tech-quant\outputs\v18\tier_migration\V18_24A_CURRENT_TIER_MOVEMENT_REPORT.csv,V18_24A_TIER_MIGRATION_ALIAS_REPAIR
VIAV,,TIER_0_DATA_NOT_READY,TIER_0_DATA_NOT_READY,SAME_TIER_SCORE_DOWN,SAME_TIER_SCORE_DOWN,NO_MATERIAL_CHANGE,factor_pack_score,HIGH,,,,,,,FALSE,D:\us-tech-quant\outputs\v18\tier_migration\V18_24A_CURRENT_TIER_MOVEMENT_REPORT.csv,V18_24A_TIER_MIGRATION_ALIAS_REPAIR
VIST,,TIER_0_DATA_NOT_READY,TIER_0_DATA_NOT_READY,SAME_TIER_SCORE_DOWN,SAME_TIER_SCORE_DOWN,NO_MATERIAL_CHANGE,factor_pack_score,HIGH,,,,,,,FALSE,D:\us-tech-quant\outputs\v18\tier_migration\V18_24A_CURRENT_TIER_MOVEMENT_REPORT.csv,V18_24A_TIER_MIGRATION_ALIAS_REPAIR
VMC,,TIER_0_DATA_NOT_READY,TIER_0_DATA_NOT_READY,SAME_TIER_SCORE_DOWN,SAME_TIER_SCORE_DOWN,NO_MATERIAL_CHANGE,factor_pack_score,HIGH,,,,,,,FALSE,D:\us-tech-quant\outputs\v18\tier_migration\V18_24A_CURRENT_TIER_MOVEMENT_REPORT.csv,V18_24A_TIER_MIGRATION_ALIAS_REPAIR
VRT,77.140000,TIER_2_STRONG_WATCHLIST,TIER_2_STRONG_WATCHLIST,SAME_TIER_SCORE_DOWN,SAME_TIER_SCORE_DOWN,NO_MATERIAL_CHANGE,factor_pack_score,HIGH,77.140000,77.140000,25,25,0,0.000000,FALSE,D:\us-tech-quant\outputs\v18\tier_migration\V18_24A_CURRENT_TIER_MOVEMENT_REPORT.csv,V18_24A_TIER_MIGRATION_ALIAS_REPAIR
VST,40.950000,TIER_5_WEAK_OR_BLOCKED,TIER_5_WEAK_OR_BLOCKED,SAME_TIER_SCORE_DOWN,SAME_TIER_SCORE_DOWN,NO_MATERIAL_CHANGE,factor_pack_score,HIGH,40.950000,40.950000,63,63,0,0.000000,FALSE,D:\us-tech-quant\outputs\v18\tier_migration\V18_24A_CURRENT_TIER_MOVEMENT_REPORT.csv,V18_24A_TIER_MIGRATION_ALIAS_REPAIR
WAB,,TIER_0_DATA_NOT_READY,TIER_0_DATA_NOT_READY,SAME_TIER_SCORE_DOWN,SAME_TIER_SCORE_DOWN,NO_MATERIAL_CHANGE,factor_pack_score,HIGH,,,,,,,FALSE,D:\us-tech-quant\outputs\v18\tier_migration\V18_24A_CURRENT_TIER_MOVEMENT_REPORT.csv,V18_24A_TIER_MIGRATION_ALIAS_REPAIR
WDAY,,TIER_0_DATA_NOT_READY,TIER_0_DATA_NOT_READY,SAME_TIER_SCORE_DOWN,SAME_TIER_SCORE_DOWN,NO_MATERIAL_CHANGE,factor_pack_score,HIGH,,,,,,,FALSE,D:\us-tech-quant\outputs\v18\tier_migration\V18_24A_CURRENT_TIER_MOVEMENT_REPORT.csv,V18_24A_TIER_MIGRATION_ALIAS_REPAIR
WDC,89.520000,TIER_1_CORE_CANDIDATE,TIER_1_CORE_CANDIDATE,SAME_TIER_SCORE_DOWN,SAME_TIER_SCORE_DOWN,NO_MATERIAL_CHANGE,factor_pack_score,HIGH,89.520000,89.520000,12,12,0,0.000000,FALSE,D:\us-tech-quant\outputs\v18\tier_migration\V18_24A_CURRENT_TIER_MOVEMENT_REPORT.csv,V18_24A_TIER_MIGRATION_ALIAS_REPAIR
WHR,,TIER_0_DATA_NOT_READY,TIER_0_DATA_NOT_READY,SAME_TIER_SCORE_DOWN,SAME_TIER_SCORE_DOWN,NO_MATERIAL_CHANGE,factor_pack_score,HIGH,,,,,,,FALSE,D:\us-tech-quant\outputs\v18\tier_migration\V18_24A_CURRENT_TIER_MOVEMENT_REPORT.csv,V18_24A_TIER_MIGRATION_ALIAS_REPAIR
WING,,TIER_0_DATA_NOT_READY,TIER_0_DATA_NOT_READY,SAME_TIER_SCORE_DOWN,SAME_TIER_SCORE_DOWN,NO_MATERIAL_CHANGE,factor_pack_score,HIGH,,,,,,,FALSE,D:\us-tech-quant\outputs\v18\tier_migration\V18_24A_CURRENT_TIER_MOVEMENT_REPORT.csv,V18_24A_TIER_MIGRATION_ALIAS_REPAIR
WLK,,TIER_0_DATA_NOT_READY,TIER_0_DATA_NOT_READY,SAME_TIER_SCORE_DOWN,SAME_TIER_SCORE_DOWN,NO_MATERIAL_CHANGE,factor_pack_score,HIGH,,,,,,,FALSE,D:\us-tech-quant\outputs\v18\tier_migration\V18_24A_CURRENT_TIER_MOVEMENT_REPORT.csv,V18_24A_TIER_MIGRATION_ALIAS_REPAIR
WOLF,,TIER_0_DATA_NOT_READY,TIER_0_DATA_NOT_READY,SAME_TIER_SCORE_DOWN,SAME_TIER_SCORE_DOWN,NO_MATERIAL_CHANGE,factor_pack_score,HIGH,,,,,,,FALSE,D:\us-tech-quant\outputs\v18\tier_migration\V18_24A_CURRENT_TIER_MOVEMENT_REPORT.csv,V18_24A_TIER_MIGRATION_ALIAS_REPAIR
WULF,,TIER_0_DATA_NOT_READY,TIER_0_DATA_NOT_READY,SAME_TIER_SCORE_DOWN,SAME_TIER_SCORE_DOWN,NO_MATERIAL_CHANGE,factor_pack_score,HIGH,,,,,,,FALSE,D:\us-tech-quant\outputs\v18\tier_migration\V18_24A_CURRENT_TIER_MOVEMENT_REPORT.csv,V18_24A_TIER_MIGRATION_ALIAS_REPAIR
WVE,,TIER_0_DATA_NOT_READY,TIER_0_DATA_NOT_READY,SAME_TIER_SCORE_DOWN,SAME_TIER_SCORE_DOWN,NO_MATERIAL_CHANGE,factor_pack_score,HIGH,,,,,,,FALSE,D:\us-tech-quant\outputs\v18\tier_migration\V18_24A_CURRENT_TIER_MOVEMENT_REPORT.csv,V18_24A_TIER_MIGRATION_ALIAS_REPAIR
WWD,,TIER_0_DATA_NOT_READY,TIER_0_DATA_NOT_READY,SAME_TIER_SCORE_DOWN,SAME_TIER_SCORE_DOWN,NO_MATERIAL_CHANGE,factor_pack_score,HIGH,,,,,,,FALSE,D:\us-tech-quant\outputs\v18\tier_migration\V18_24A_CURRENT_TIER_MOVEMENT_REPORT.csv,V18_24A_TIER_MIGRATION_ALIAS_REPAIR
WYFI,,TIER_0_DATA_NOT_READY,TIER_0_DATA_NOT_READY,SAME_TIER_SCORE_DOWN,SAME_TIER_SCORE_DOWN,NO_MATERIAL_CHANGE,factor_pack_score,HIGH,,,,,,,FALSE,D:\us-tech-quant\outputs\v18\tier_migration\V18_24A_CURRENT_TIER_MOVEMENT_REPORT.csv,V18_24A_TIER_MIGRATION_ALIAS_REPAIR
XENE,,TIER_0_DATA_NOT_READY,TIER_0_DATA_NOT_READY,SAME_TIER_SCORE_DOWN,SAME_TIER_SCORE_DOWN,NO_MATERIAL_CHANGE,factor_pack_score,HIGH,,,,,,,FALSE,D:\us-tech-quant\outputs\v18\tier_migration\V18_24A_CURRENT_TIER_MOVEMENT_REPORT.csv,V18_24A_TIER_MIGRATION_ALIAS_REPAIR
XLF,,TIER_0_DATA_NOT_READY,TIER_0_DATA_NOT_READY,SAME_TIER_SCORE_DOWN,SAME_TIER_SCORE_DOWN,NO_MATERIAL_CHANGE,factor_pack_score,HIGH,,,,,,,FALSE,D:\us-tech-quant\outputs\v18\tier_migration\V18_24A_CURRENT_TIER_MOVEMENT_REPORT.csv,V18_24A_TIER_MIGRATION_ALIAS_REPAIR
XLK,47.620000,TIER_0_DATA_NOT_READY,TIER_0_DATA_NOT_READY,SAME_TIER_SCORE_DOWN,SAME_TIER_SCORE_DOWN,NO_MATERIAL_CHANGE,factor_pack_score,HIGH,47.620000,47.620000,56,56,0,0.000000,FALSE,D:\us-tech-quant\outputs\v18\tier_migration\V18_24A_CURRENT_TIER_MOVEMENT_REPORT.csv,V18_24A_TIER_MIGRATION_ALIAS_REPAIR
XPO,,TIER_0_DATA_NOT_READY,TIER_0_DATA_NOT_READY,SAME_TIER_SCORE_DOWN,SAME_TIER_SCORE_DOWN,NO_MATERIAL_CHANGE,factor_pack_score,HIGH,,,,,,,FALSE,D:\us-tech-quant\outputs\v18\tier_migration\V18_24A_CURRENT_TIER_MOVEMENT_REPORT.csv,V18_24A_TIER_MIGRATION_ALIAS_REPAIR
XYZ,,TIER_0_DATA_NOT_READY,TIER_0_DATA_NOT_READY,SAME_TIER_SCORE_DOWN,SAME_TIER_SCORE_DOWN,NO_MATERIAL_CHANGE,factor_pack_score,HIGH,,,,,,,FALSE,D:\us-tech-quant\outputs\v18\tier_migration\V18_24A_CURRENT_TIER_MOVEMENT_REPORT.csv,V18_24A_TIER_MIGRATION_ALIAS_REPAIR
YPF,,TIER_0_DATA_NOT_READY,TIER_0_DATA_NOT_READY,SAME_TIER_SCORE_DOWN,SAME_TIER_SCORE_DOWN,NO_MATERIAL_CHANGE,factor_pack_score,HIGH,,,,,,,FALSE,D:\us-tech-quant\outputs\v18\tier_migration\V18_24A_CURRENT_TIER_MOVEMENT_REPORT.csv,V18_24A_TIER_MIGRATION_ALIAS_REPAIR
Z,,TIER_0_DATA_NOT_READY,TIER_0_DATA_NOT_READY,SAME_TIER_SCORE_DOWN,SAME_TIER_SCORE_DOWN,NO_MATERIAL_CHANGE,factor_pack_score,HIGH,,,,,,,FALSE,D:\us-tech-quant\outputs\v18\tier_migration\V18_24A_CURRENT_TIER_MOVEMENT_REPORT.csv,V18_24A_TIER_MIGRATION_ALIAS_REPAIR
ZG,,TIER_0_DATA_NOT_READY,TIER_0_DATA_NOT_READY,SAME_TIER_SCORE_DOWN,SAME_TIER_SCORE_DOWN,NO_MATERIAL_CHANGE,factor_pack_score,HIGH,,,,,,,FALSE,D:\us-tech-quant\outputs\v18\tier_migration\V18_24A_CURRENT_TIER_MOVEMENT_REPORT.csv,V18_24A_TIER_MIGRATION_ALIAS_REPAIR
ZS,8.570000,TIER_5_WEAK_OR_BLOCKED,TIER_5_WEAK_OR_BLOCKED,SAME_TIER_SCORE_DOWN,SAME_TIER_SCORE_DOWN,NO_MATERIAL_CHANGE,factor_pack_score,HIGH,8.570000,8.570000,97,97,0,0.000000,FALSE,D:\us-tech-quant\outputs\v18\tier_migration\V18_24A_CURRENT_TIER_MOVEMENT_REPORT.csv,V18_24A_TIER_MIGRATION_ALIAS_REPAIR
