ticker,universe_tier,data_depth,selected_this_run,event_update_attempted,event_update_status,event_depth,event_cache_file,known_event_date,event_source,failed_reason,runtime_deferred,updated_at
AEHR,CORE_DAILY,FULL_FACTOR_DATA,TRUE,TRUE,NOT_UPDATED_NO_PROVIDER_IN_SAFE_MODE,CORE_EVENT_CHECK,state/v18/event_cache/AEHR.csv,,state/v18/cloud_earnings_event_calendar.csv,No event provider enabled in safe mode.,FALSE,2026-05-25T18:47:36
AAPL,CORE_DAILY,FULL_FACTOR_DATA,TRUE,TRUE,NOT_UPDATED_NO_PROVIDER_IN_SAFE_MODE,CORE_EVENT_CHECK,state/v18/event_cache/AAPL.csv,,state/v18/cloud_earnings_event_calendar.csv,No event provider enabled in safe mode.,FALSE,2026-05-25T18:47:36
APH,CORE_DAILY,FULL_FACTOR_DATA,TRUE,TRUE,NOT_UPDATED_NO_PROVIDER_IN_SAFE_MODE,CORE_EVENT_CHECK,state/v18/event_cache/APH.csv,,state/v18/cloud_earnings_event_calendar.csv,No event provider enabled in safe mode.,FALSE,2026-05-25T18:47:36
AVGO,CORE_DAILY,FULL_FACTOR_DATA,TRUE,TRUE,NOT_UPDATED_NO_PROVIDER_IN_SAFE_MODE,CORE_EVENT_CHECK,state/v18/event_cache/AVGO.csv,,state/v18/cloud_earnings_event_calendar.csv,No event provider enabled in safe mode.,FALSE,2026-05-25T18:47:36
CAMT,CORE_DAILY,FULL_FACTOR_DATA,TRUE,TRUE,NOT_UPDATED_NO_PROVIDER_IN_SAFE_MODE,CORE_EVENT_CHECK,state/v18/event_cache/CAMT.csv,,state/v18/cloud_earnings_event_calendar.csv,No event provider enabled in safe mode.,FALSE,2026-05-25T18:47:36
CEG,CORE_DAILY,FULL_FACTOR_DATA,TRUE,TRUE,NOT_UPDATED_NO_PROVIDER_IN_SAFE_MODE,CORE_EVENT_CHECK,state/v18/event_cache/CEG.csv,,state/v18/cloud_earnings_event_calendar.csv,No event provider enabled in safe mode.,FALSE,2026-05-25T18:47:36
BE,CORE_DAILY,FULL_FACTOR_DATA,TRUE,TRUE,NOT_UPDATED_NO_PROVIDER_IN_SAFE_MODE,CORE_EVENT_CHECK,state/v18/event_cache/BE.csv,,state/v18/cloud_earnings_event_calendar.csv,No event provider enabled in safe mode.,FALSE,2026-05-25T18:47:36
SITM,CORE_DAILY,FULL_FACTOR_DATA,TRUE,TRUE,NOT_UPDATED_NO_PROVIDER_IN_SAFE_MODE,CORE_EVENT_CHECK,state/v18/event_cache/SITM.csv,,state/v18/cloud_earnings_event_calendar.csv,No event provider enabled in safe mode.,FALSE,2026-05-25T18:47:36
TSEM,CORE_DAILY,FULL_FACTOR_DATA,TRUE,TRUE,NOT_UPDATED_NO_PROVIDER_IN_SAFE_MODE,CORE_EVENT_CHECK,state/v18/event_cache/TSEM.csv,,state/v18/cloud_earnings_event_calendar.csv,No event provider enabled in safe mode.,FALSE,2026-05-25T18:47:36
ACM,CORE_DAILY,FULL_FACTOR_DATA,TRUE,TRUE,NOT_UPDATED_NO_PROVIDER_IN_SAFE_MODE,CORE_EVENT_CHECK,state/v18/event_cache/ACM.csv,,state/v18/cloud_earnings_event_calendar.csv,No event provider enabled in safe mode.,FALSE,2026-05-25T18:47:36
AMAT,CORE_DAILY,FULL_FACTOR_DATA,TRUE,TRUE,NOT_UPDATED_NO_PROVIDER_IN_SAFE_MODE,CORE_EVENT_CHECK,state/v18/event_cache/AMAT.csv,,state/v18/cloud_earnings_event_calendar.csv,No event provider enabled in safe mode.,FALSE,2026-05-25T18:47:36
AMD,CORE_DAILY,FULL_FACTOR_DATA,TRUE,TRUE,NOT_UPDATED_NO_PROVIDER_IN_SAFE_MODE,CORE_EVENT_CHECK,state/v18/event_cache/AMD.csv,,state/v18/cloud_earnings_event_calendar.csv,No event provider enabled in safe mode.,FALSE,2026-05-25T18:47:36
ARM,CORE_DAILY,FULL_FACTOR_DATA,TRUE,TRUE,NOT_UPDATED_NO_PROVIDER_IN_SAFE_MODE,CORE_EVENT_CHECK,state/v18/event_cache/ARM.csv,,state/v18/cloud_earnings_event_calendar.csv,No event provider enabled in safe mode.,FALSE,2026-05-25T18:47:36
ASML,CORE_DAILY,FULL_FACTOR_DATA,TRUE,TRUE,NOT_UPDATED_NO_PROVIDER_IN_SAFE_MODE,CORE_EVENT_CHECK,state/v18/event_cache/ASML.csv,,state/v18/cloud_earnings_event_calendar.csv,No event provider enabled in safe mode.,FALSE,2026-05-25T18:47:36
BTDR,CORE_DAILY,FULL_FACTOR_DATA,TRUE,TRUE,NOT_UPDATED_NO_PROVIDER_IN_SAFE_MODE,CORE_EVENT_CHECK,state/v18/event_cache/BTDR.csv,,state/v18/cloud_earnings_event_calendar.csv,No event provider enabled in safe mode.,FALSE,2026-05-25T18:47:36
STM,CORE_DAILY,FULL_FACTOR_DATA,TRUE,TRUE,NOT_UPDATED_NO_PROVIDER_IN_SAFE_MODE,CORE_EVENT_CHECK,state/v18/event_cache/STM.csv,,state/v18/cloud_earnings_event_calendar.csv,No event provider enabled in safe mode.,FALSE,2026-05-25T18:47:36
VIAV,CORE_DAILY,FULL_FACTOR_DATA,TRUE,TRUE,NOT_UPDATED_NO_PROVIDER_IN_SAFE_MODE,CORE_EVENT_CHECK,state/v18/event_cache/VIAV.csv,,state/v18/cloud_earnings_event_calendar.csv,No event provider enabled in safe mode.,FALSE,2026-05-25T18:47:36
AEIS,CORE_DAILY,FULL_FACTOR_DATA,TRUE,TRUE,NOT_UPDATED_NO_PROVIDER_IN_SAFE_MODE,CORE_EVENT_CHECK,state/v18/event_cache/AEIS.csv,,state/v18/cloud_earnings_event_calendar.csv,No event provider enabled in safe mode.,FALSE,2026-05-25T18:47:36
AGX,CORE_DAILY,FULL_FACTOR_DATA,TRUE,TRUE,NOT_UPDATED_NO_PROVIDER_IN_SAFE_MODE,CORE_EVENT_CHECK,state/v18/event_cache/AGX.csv,,state/v18/cloud_earnings_event_calendar.csv,No event provider enabled in safe mode.,FALSE,2026-05-25T18:47:36
BLTE,CORE_DAILY,FULL_FACTOR_DATA,TRUE,TRUE,NOT_UPDATED_NO_PROVIDER_IN_SAFE_MODE,CORE_EVENT_CHECK,state/v18/event_cache/BLTE.csv,,state/v18/cloud_earnings_event_calendar.csv,No event provider enabled in safe mode.,FALSE,2026-05-25T18:47:36
BW,CORE_DAILY,FULL_FACTOR_DATA,TRUE,TRUE,NOT_UPDATED_NO_PROVIDER_IN_SAFE_MODE,CORE_EVENT_CHECK,state/v18/event_cache/BW.csv,,state/v18/cloud_earnings_event_calendar.csv,No event provider enabled in safe mode.,FALSE,2026-05-25T18:47:36
ACLS,CORE_DAILY,FULL_FACTOR_DATA,TRUE,TRUE,NOT_UPDATED_NO_PROVIDER_IN_SAFE_MODE,CORE_EVENT_CHECK,state/v18/event_cache/ACLS.csv,,state/v18/cloud_earnings_event_calendar.csv,No event provider enabled in safe mode.,FALSE,2026-05-25T18:47:36
ALAB,CORE_DAILY,FULL_FACTOR_DATA,TRUE,TRUE,NOT_UPDATED_NO_PROVIDER_IN_SAFE_MODE,CORE_EVENT_CHECK,state/v18/event_cache/ALAB.csv,,state/v18/cloud_earnings_event_calendar.csv,No event provider enabled in safe mode.,FALSE,2026-05-25T18:47:36
CARR,CORE_DAILY,FULL_FACTOR_DATA,TRUE,TRUE,NOT_UPDATED_NO_PROVIDER_IN_SAFE_MODE,CORE_EVENT_CHECK,state/v18/event_cache/CARR.csv,,state/v18/cloud_earnings_event_calendar.csv,No event provider enabled in safe mode.,FALSE,2026-05-25T18:47:36
LITE,CORE_DAILY,FULL_FACTOR_DATA,TRUE,TRUE,NOT_UPDATED_NO_PROVIDER_IN_SAFE_MODE,CORE_EVENT_CHECK,state/v18/event_cache/LITE.csv,,state/v18/cloud_earnings_event_calendar.csv,No event provider enabled in safe mode.,FALSE,2026-05-25T18:47:36
ICHR,CORE_DAILY,FULL_FACTOR_DATA,TRUE,TRUE,NOT_UPDATED_NO_PROVIDER_IN_SAFE_MODE,CORE_EVENT_CHECK,state/v18/event_cache/ICHR.csv,,state/v18/cloud_earnings_event_calendar.csv,No event provider enabled in safe mode.,FALSE,2026-05-25T18:47:36
FORM,CORE_DAILY,FULL_FACTOR_DATA,TRUE,TRUE,NOT_UPDATED_NO_PROVIDER_IN_SAFE_MODE,CORE_EVENT_CHECK,state/v18/event_cache/FORM.csv,,state/v18/cloud_earnings_event_calendar.csv,No event provider enabled in safe mode.,FALSE,2026-05-25T18:47:36
CIEN,CORE_DAILY,FULL_FACTOR_DATA,TRUE,TRUE,NOT_UPDATED_NO_PROVIDER_IN_SAFE_MODE,CORE_EVENT_CHECK,state/v18/event_cache/CIEN.csv,,state/v18/cloud_earnings_event_calendar.csv,No event provider enabled in safe mode.,FALSE,2026-05-25T18:47:36
FLEX,CORE_DAILY,FULL_FACTOR_DATA,TRUE,TRUE,NOT_UPDATED_NO_PROVIDER_IN_SAFE_MODE,CORE_EVENT_CHECK,state/v18/event_cache/FLEX.csv,,state/v18/cloud_earnings_event_calendar.csv,No event provider enabled in safe mode.,FALSE,2026-05-25T18:47:36
GLW,CORE_DAILY,FULL_FACTOR_DATA,TRUE,TRUE,NOT_UPDATED_NO_PROVIDER_IN_SAFE_MODE,CORE_EVENT_CHECK,state/v18/event_cache/GLW.csv,,state/v18/cloud_earnings_event_calendar.csv,No event provider enabled in safe mode.,FALSE,2026-05-25T18:47:36
CIFR,CORE_DAILY,FULL_FACTOR_DATA,TRUE,TRUE,NOT_UPDATED_NO_PROVIDER_IN_SAFE_MODE,CORE_EVENT_CHECK,state/v18/event_cache/CIFR.csv,,state/v18/cloud_earnings_event_calendar.csv,No event provider enabled in safe mode.,FALSE,2026-05-25T18:47:36
COHR,CORE_DAILY,FULL_FACTOR_DATA,TRUE,TRUE,NOT_UPDATED_NO_PROVIDER_IN_SAFE_MODE,CORE_EVENT_CHECK,state/v18/event_cache/COHR.csv,,state/v18/cloud_earnings_event_calendar.csv,No event provider enabled in safe mode.,FALSE,2026-05-25T18:47:36
CORZ,CORE_DAILY,FULL_FACTOR_DATA,TRUE,TRUE,NOT_UPDATED_NO_PROVIDER_IN_SAFE_MODE,CORE_EVENT_CHECK,state/v18/event_cache/CORZ.csv,,state/v18/cloud_earnings_event_calendar.csv,No event provider enabled in safe mode.,FALSE,2026-05-25T18:47:36
CRWD,CORE_DAILY,FULL_FACTOR_DATA,TRUE,TRUE,NOT_UPDATED_NO_PROVIDER_IN_SAFE_MODE,CORE_EVENT_CHECK,state/v18/event_cache/CRWD.csv,,state/v18/cloud_earnings_event_calendar.csv,No event provider enabled in safe mode.,FALSE,2026-05-25T18:47:36
CSCO,CORE_DAILY,FULL_FACTOR_DATA,TRUE,TRUE,NOT_UPDATED_NO_PROVIDER_IN_SAFE_MODE,CORE_EVENT_CHECK,state/v18/event_cache/CSCO.csv,,state/v18/cloud_earnings_event_calendar.csv,No event provider enabled in safe mode.,FALSE,2026-05-25T18:47:36
DDOG,CORE_DAILY,FULL_FACTOR_DATA,TRUE,TRUE,NOT_UPDATED_NO_PROVIDER_IN_SAFE_MODE,CORE_EVENT_CHECK,state/v18/event_cache/DDOG.csv,,state/v18/cloud_earnings_event_calendar.csv,No event provider enabled in safe mode.,FALSE,2026-05-25T18:47:36
FN,CORE_DAILY,FULL_FACTOR_DATA,TRUE,TRUE,NOT_UPDATED_NO_PROVIDER_IN_SAFE_MODE,CORE_EVENT_CHECK,state/v18/event_cache/FN.csv,,state/v18/cloud_earnings_event_calendar.csv,No event provider enabled in safe mode.,FALSE,2026-05-25T18:47:36
GNRC,CORE_DAILY,FULL_FACTOR_DATA,TRUE,TRUE,NOT_UPDATED_NO_PROVIDER_IN_SAFE_MODE,CORE_EVENT_CHECK,state/v18/event_cache/GNRC.csv,,state/v18/cloud_earnings_event_calendar.csv,No event provider enabled in safe mode.,FALSE,2026-05-25T18:47:36
GOOGL,CORE_DAILY,FULL_FACTOR_DATA,TRUE,TRUE,NOT_UPDATED_NO_PROVIDER_IN_SAFE_MODE,CORE_EVENT_CHECK,state/v18/event_cache/GOOGL.csv,2026-07-22,state/v18/cloud_earnings_event_calendar.csv,No event provider enabled in safe mode.,FALSE,2026-05-25T18:47:36
HPE,CORE_DAILY,FULL_FACTOR_DATA,TRUE,TRUE,NOT_UPDATED_NO_PROVIDER_IN_SAFE_MODE,CORE_EVENT_CHECK,state/v18/event_cache/HPE.csv,,state/v18/cloud_earnings_event_calendar.csv,No event provider enabled in safe mode.,FALSE,2026-05-25T18:47:36
ANET,CANDIDATE,MEDIUM_TREND_DATA,TRUE,TRUE,NOT_UPDATED_NO_PROVIDER_IN_SAFE_MODE,BASIC_EVENT_CHECK,state/v18/event_cache/ANET.csv,,state/v18/cloud_earnings_event_calendar.csv,No event provider enabled in safe mode.,FALSE,2026-05-25T18:47:36
AMKR,CANDIDATE,MEDIUM_TREND_DATA,TRUE,TRUE,NOT_UPDATED_NO_PROVIDER_IN_SAFE_MODE,BASIC_EVENT_CHECK,state/v18/event_cache/AMKR.csv,,state/v18/cloud_earnings_event_calendar.csv,No event provider enabled in safe mode.,FALSE,2026-05-25T18:47:36
AMZN,CANDIDATE,MEDIUM_TREND_DATA,TRUE,TRUE,NOT_UPDATED_NO_PROVIDER_IN_SAFE_MODE,BASIC_EVENT_CHECK,state/v18/event_cache/AMZN.csv,2026-07-30,state/v18/cloud_earnings_event_calendar.csv,No event provider enabled in safe mode.,FALSE,2026-05-25T18:47:36
OLPX,CANDIDATE,MEDIUM_TREND_DATA,TRUE,TRUE,NOT_UPDATED_NO_PROVIDER_IN_SAFE_MODE,BASIC_EVENT_CHECK,state/v18/event_cache/OLPX.csv,,state/v18/cloud_earnings_event_calendar.csv,No event provider enabled in safe mode.,FALSE,2026-05-25T18:47:36
PLUG,CANDIDATE,MEDIUM_TREND_DATA,TRUE,TRUE,NOT_UPDATED_NO_PROVIDER_IN_SAFE_MODE,BASIC_EVENT_CHECK,state/v18/event_cache/PLUG.csv,,state/v18/cloud_earnings_event_calendar.csv,No event provider enabled in safe mode.,FALSE,2026-05-25T18:47:36
PUMP,CANDIDATE,MEDIUM_TREND_DATA,TRUE,TRUE,NOT_UPDATED_NO_PROVIDER_IN_SAFE_MODE,BASIC_EVENT_CHECK,state/v18/event_cache/PUMP.csv,,state/v18/cloud_earnings_event_calendar.csv,No event provider enabled in safe mode.,FALSE,2026-05-25T18:47:36
QSR,CANDIDATE,MEDIUM_TREND_DATA,TRUE,TRUE,NOT_UPDATED_NO_PROVIDER_IN_SAFE_MODE,BASIC_EVENT_CHECK,state/v18/event_cache/QSR.csv,,state/v18/cloud_earnings_event_calendar.csv,No event provider enabled in safe mode.,FALSE,2026-05-25T18:47:36
RVMD,CANDIDATE,MEDIUM_TREND_DATA,TRUE,TRUE,NOT_UPDATED_NO_PROVIDER_IN_SAFE_MODE,BASIC_EVENT_CHECK,state/v18/event_cache/RVMD.csv,,state/v18/cloud_earnings_event_calendar.csv,No event provider enabled in safe mode.,FALSE,2026-05-25T18:47:36
SATS,CANDIDATE,MEDIUM_TREND_DATA,TRUE,TRUE,NOT_UPDATED_NO_PROVIDER_IN_SAFE_MODE,BASIC_EVENT_CHECK,state/v18/event_cache/SATS.csv,,state/v18/cloud_earnings_event_calendar.csv,No event provider enabled in safe mode.,FALSE,2026-05-25T18:47:36
SEI,CANDIDATE,MEDIUM_TREND_DATA,TRUE,TRUE,NOT_UPDATED_NO_PROVIDER_IN_SAFE_MODE,BASIC_EVENT_CHECK,state/v18/event_cache/SEI.csv,,state/v18/cloud_earnings_event_calendar.csv,No event provider enabled in safe mode.,FALSE,2026-05-25T18:47:36
SMTC,CANDIDATE,MEDIUM_TREND_DATA,TRUE,TRUE,NOT_UPDATED_NO_PROVIDER_IN_SAFE_MODE,BASIC_EVENT_CHECK,state/v18/event_cache/SMTC.csv,,state/v18/cloud_earnings_event_calendar.csv,No event provider enabled in safe mode.,FALSE,2026-05-25T18:47:36
TTMI,CANDIDATE,MEDIUM_TREND_DATA,TRUE,TRUE,NOT_UPDATED_NO_PROVIDER_IN_SAFE_MODE,BASIC_EVENT_CHECK,state/v18/event_cache/TTMI.csv,,state/v18/cloud_earnings_event_calendar.csv,No event provider enabled in safe mode.,FALSE,2026-05-25T18:47:36
TWLO,CANDIDATE,MEDIUM_TREND_DATA,TRUE,TRUE,NOT_UPDATED_NO_PROVIDER_IN_SAFE_MODE,BASIC_EVENT_CHECK,state/v18/event_cache/TWLO.csv,,state/v18/cloud_earnings_event_calendar.csv,No event provider enabled in safe mode.,FALSE,2026-05-25T18:47:36
U,CANDIDATE,MEDIUM_TREND_DATA,TRUE,TRUE,NOT_UPDATED_NO_PROVIDER_IN_SAFE_MODE,BASIC_EVENT_CHECK,state/v18/event_cache/U.csv,,state/v18/cloud_earnings_event_calendar.csv,No event provider enabled in safe mode.,FALSE,2026-05-25T18:47:36
ALM,CANDIDATE,MEDIUM_TREND_DATA,TRUE,TRUE,NOT_UPDATED_NO_PROVIDER_IN_SAFE_MODE,BASIC_EVENT_CHECK,state/v18/event_cache/ALM.csv,,state/v18/cloud_earnings_event_calendar.csv,No event provider enabled in safe mode.,FALSE,2026-05-25T18:47:36
APLD,CANDIDATE,MEDIUM_TREND_DATA,TRUE,TRUE,NOT_UPDATED_NO_PROVIDER_IN_SAFE_MODE,BASIC_EVENT_CHECK,state/v18/event_cache/APLD.csv,,state/v18/cloud_earnings_event_calendar.csv,No event provider enabled in safe mode.,FALSE,2026-05-25T18:47:36
HTZ,CANDIDATE,MEDIUM_TREND_DATA,TRUE,TRUE,NOT_UPDATED_NO_PROVIDER_IN_SAFE_MODE,BASIC_EVENT_CHECK,state/v18/event_cache/HTZ.csv,,state/v18/cloud_earnings_event_calendar.csv,No event provider enabled in safe mode.,FALSE,2026-05-25T18:47:36
MTZ,CANDIDATE,MEDIUM_TREND_DATA,TRUE,TRUE,NOT_UPDATED_NO_PROVIDER_IN_SAFE_MODE,BASIC_EVENT_CHECK,state/v18/event_cache/MTZ.csv,,state/v18/cloud_earnings_event_calendar.csv,No event provider enabled in safe mode.,FALSE,2026-05-25T18:47:36
OC,CANDIDATE,MEDIUM_TREND_DATA,TRUE,TRUE,NOT_UPDATED_NO_PROVIDER_IN_SAFE_MODE,BASIC_EVENT_CHECK,state/v18/event_cache/OC.csv,,state/v18/cloud_earnings_event_calendar.csv,No event provider enabled in safe mode.,FALSE,2026-05-25T18:47:36
RDDT,CANDIDATE,MEDIUM_TREND_DATA,TRUE,TRUE,NOT_UPDATED_NO_PROVIDER_IN_SAFE_MODE,BASIC_EVENT_CHECK,state/v18/event_cache/RDDT.csv,,state/v18/cloud_earnings_event_calendar.csv,No event provider enabled in safe mode.,FALSE,2026-05-25T18:47:36
TLN,CANDIDATE,MEDIUM_TREND_DATA,TRUE,TRUE,NOT_UPDATED_NO_PROVIDER_IN_SAFE_MODE,BASIC_EVENT_CHECK,state/v18/event_cache/TLN.csv,,state/v18/cloud_earnings_event_calendar.csv,No event provider enabled in safe mode.,FALSE,2026-05-25T18:47:36
WULF,CANDIDATE,MEDIUM_TREND_DATA,TRUE,TRUE,NOT_UPDATED_NO_PROVIDER_IN_SAFE_MODE,BASIC_EVENT_CHECK,state/v18/event_cache/WULF.csv,,state/v18/cloud_earnings_event_calendar.csv,No event provider enabled in safe mode.,FALSE,2026-05-25T18:47:36
XYZ,CANDIDATE,MEDIUM_TREND_DATA,TRUE,TRUE,NOT_UPDATED_NO_PROVIDER_IN_SAFE_MODE,BASIC_EVENT_CHECK,state/v18/event_cache/XYZ.csv,,state/v18/cloud_earnings_event_calendar.csv,No event provider enabled in safe mode.,FALSE,2026-05-25T18:47:36
ACMR,CANDIDATE,MEDIUM_TREND_DATA,TRUE,TRUE,NOT_UPDATED_NO_PROVIDER_IN_SAFE_MODE,BASIC_EVENT_CHECK,state/v18/event_cache/ACMR.csv,,state/v18/cloud_earnings_event_calendar.csv,No event provider enabled in safe mode.,FALSE,2026-05-25T18:47:36
CLH,CANDIDATE,MEDIUM_TREND_DATA,TRUE,TRUE,NOT_UPDATED_NO_PROVIDER_IN_SAFE_MODE,BASIC_EVENT_CHECK,state/v18/event_cache/CLH.csv,,state/v18/cloud_earnings_event_calendar.csv,No event provider enabled in safe mode.,FALSE,2026-05-25T18:47:36
MU,CANDIDATE,MEDIUM_TREND_DATA,TRUE,TRUE,NOT_UPDATED_NO_PROVIDER_IN_SAFE_MODE,BASIC_EVENT_CHECK,state/v18/event_cache/MU.csv,,state/v18/cloud_earnings_event_calendar.csv,No event provider enabled in safe mode.,FALSE,2026-05-25T18:47:36
KEYS,CANDIDATE,MEDIUM_TREND_DATA,TRUE,TRUE,NOT_UPDATED_NO_PROVIDER_IN_SAFE_MODE,BASIC_EVENT_CHECK,state/v18/event_cache/KEYS.csv,,state/v18/cloud_earnings_event_calendar.csv,No event provider enabled in safe mode.,FALSE,2026-05-25T18:47:37
MOD,CANDIDATE,MEDIUM_TREND_DATA,TRUE,TRUE,NOT_UPDATED_NO_PROVIDER_IN_SAFE_MODE,BASIC_EVENT_CHECK,state/v18/event_cache/MOD.csv,,state/v18/cloud_earnings_event_calendar.csv,No event provider enabled in safe mode.,FALSE,2026-05-25T18:47:37
OKTA,CANDIDATE,MEDIUM_TREND_DATA,TRUE,TRUE,NOT_UPDATED_NO_PROVIDER_IN_SAFE_MODE,BASIC_EVENT_CHECK,state/v18/event_cache/OKTA.csv,,state/v18/cloud_earnings_event_calendar.csv,No event provider enabled in safe mode.,FALSE,2026-05-25T18:47:37
OLMA,CANDIDATE,MEDIUM_TREND_DATA,TRUE,TRUE,NOT_UPDATED_NO_PROVIDER_IN_SAFE_MODE,BASIC_EVENT_CHECK,state/v18/event_cache/OLMA.csv,,state/v18/cloud_earnings_event_calendar.csv,No event provider enabled in safe mode.,FALSE,2026-05-25T18:47:37
OPCH,CANDIDATE,MEDIUM_TREND_DATA,TRUE,TRUE,NOT_UPDATED_NO_PROVIDER_IN_SAFE_MODE,BASIC_EVENT_CHECK,state/v18/event_cache/OPCH.csv,,state/v18/cloud_earnings_event_calendar.csv,No event provider enabled in safe mode.,FALSE,2026-05-25T18:47:37
PATH,CANDIDATE,MEDIUM_TREND_DATA,TRUE,TRUE,NOT_UPDATED_NO_PROVIDER_IN_SAFE_MODE,BASIC_EVENT_CHECK,state/v18/event_cache/PATH.csv,,state/v18/cloud_earnings_event_calendar.csv,No event provider enabled in safe mode.,FALSE,2026-05-25T18:47:37
PCOR,CANDIDATE,MEDIUM_TREND_DATA,TRUE,TRUE,NOT_UPDATED_NO_PROVIDER_IN_SAFE_MODE,BASIC_EVENT_CHECK,state/v18/event_cache/PCOR.csv,,state/v18/cloud_earnings_event_calendar.csv,No event provider enabled in safe mode.,FALSE,2026-05-25T18:47:37
PCT,CANDIDATE,MEDIUM_TREND_DATA,TRUE,TRUE,NOT_UPDATED_NO_PROVIDER_IN_SAFE_MODE,BASIC_EVENT_CHECK,state/v18/event_cache/PCT.csv,,state/v18/cloud_earnings_event_calendar.csv,No event provider enabled in safe mode.,FALSE,2026-05-25T18:47:37
PDD,CANDIDATE,MEDIUM_TREND_DATA,TRUE,TRUE,NOT_UPDATED_NO_PROVIDER_IN_SAFE_MODE,BASIC_EVENT_CHECK,state/v18/event_cache/PDD.csv,,state/v18/cloud_earnings_event_calendar.csv,No event provider enabled in safe mode.,FALSE,2026-05-25T18:47:37
PFGC,CANDIDATE,MEDIUM_TREND_DATA,TRUE,TRUE,NOT_UPDATED_NO_PROVIDER_IN_SAFE_MODE,BASIC_EVENT_CHECK,state/v18/event_cache/PFGC.csv,,state/v18/cloud_earnings_event_calendar.csv,No event provider enabled in safe mode.,FALSE,2026-05-25T18:47:37
PGNY,CANDIDATE,MEDIUM_TREND_DATA,TRUE,TRUE,NOT_UPDATED_NO_PROVIDER_IN_SAFE_MODE,BASIC_EVENT_CHECK,state/v18/event_cache/PGNY.csv,,state/v18/cloud_earnings_event_calendar.csv,No event provider enabled in safe mode.,FALSE,2026-05-25T18:47:37
PI,CANDIDATE,MEDIUM_TREND_DATA,TRUE,TRUE,NOT_UPDATED_NO_PROVIDER_IN_SAFE_MODE,BASIC_EVENT_CHECK,state/v18/event_cache/PI.csv,,state/v18/cloud_earnings_event_calendar.csv,No event provider enabled in safe mode.,FALSE,2026-05-25T18:47:37
PINS,CANDIDATE,MEDIUM_TREND_DATA,TRUE,TRUE,NOT_UPDATED_NO_PROVIDER_IN_SAFE_MODE,BASIC_EVENT_CHECK,state/v18/event_cache/PINS.csv,,state/v18/cloud_earnings_event_calendar.csv,No event provider enabled in safe mode.,FALSE,2026-05-25T18:47:37
PM,CANDIDATE,MEDIUM_TREND_DATA,TRUE,TRUE,NOT_UPDATED_NO_PROVIDER_IN_SAFE_MODE,BASIC_EVENT_CHECK,state/v18/event_cache/PM.csv,,state/v18/cloud_earnings_event_calendar.csv,No event provider enabled in safe mode.,FALSE,2026-05-25T18:47:37
POWL,CANDIDATE,MEDIUM_TREND_DATA,TRUE,TRUE,NOT_UPDATED_NO_PROVIDER_IN_SAFE_MODE,BASIC_EVENT_CHECK,state/v18/event_cache/POWL.csv,,state/v18/cloud_earnings_event_calendar.csv,No event provider enabled in safe mode.,FALSE,2026-05-25T18:47:37
PSIX,CANDIDATE,MEDIUM_TREND_DATA,TRUE,TRUE,NOT_UPDATED_NO_PROVIDER_IN_SAFE_MODE,BASIC_EVENT_CHECK,state/v18/event_cache/PSIX.csv,,state/v18/cloud_earnings_event_calendar.csv,No event provider enabled in safe mode.,FALSE,2026-05-25T18:47:37
PTGX,CANDIDATE,MEDIUM_TREND_DATA,TRUE,TRUE,NOT_UPDATED_NO_PROVIDER_IN_SAFE_MODE,BASIC_EVENT_CHECK,state/v18/event_cache/PTGX.csv,,state/v18/cloud_earnings_event_calendar.csv,No event provider enabled in safe mode.,FALSE,2026-05-25T18:47:37
PTON,CANDIDATE,MEDIUM_TREND_DATA,TRUE,TRUE,NOT_UPDATED_NO_PROVIDER_IN_SAFE_MODE,BASIC_EVENT_CHECK,state/v18/event_cache/PTON.csv,,state/v18/cloud_earnings_event_calendar.csv,No event provider enabled in safe mode.,FALSE,2026-05-25T18:47:37
PYPL,CANDIDATE,MEDIUM_TREND_DATA,TRUE,TRUE,NOT_UPDATED_NO_PROVIDER_IN_SAFE_MODE,BASIC_EVENT_CHECK,state/v18/event_cache/PYPL.csv,,state/v18/cloud_earnings_event_calendar.csv,No event provider enabled in safe mode.,FALSE,2026-05-25T18:47:37
QS,CANDIDATE,MEDIUM_TREND_DATA,TRUE,TRUE,NOT_UPDATED_NO_PROVIDER_IN_SAFE_MODE,BASIC_EVENT_CHECK,state/v18/event_cache/QS.csv,,state/v18/cloud_earnings_event_calendar.csv,No event provider enabled in safe mode.,FALSE,2026-05-25T18:47:37
RBLX,CANDIDATE,MEDIUM_TREND_DATA,TRUE,TRUE,NOT_UPDATED_NO_PROVIDER_IN_SAFE_MODE,BASIC_EVENT_CHECK,state/v18/event_cache/RBLX.csv,,state/v18/cloud_earnings_event_calendar.csv,No event provider enabled in safe mode.,FALSE,2026-05-25T18:47:37
RERE,CANDIDATE,MEDIUM_TREND_DATA,TRUE,TRUE,NOT_UPDATED_NO_PROVIDER_IN_SAFE_MODE,BASIC_EVENT_CHECK,state/v18/event_cache/RERE.csv,,state/v18/cloud_earnings_event_calendar.csv,No event provider enabled in safe mode.,FALSE,2026-05-25T18:47:37
RH,CANDIDATE,MEDIUM_TREND_DATA,TRUE,TRUE,NOT_UPDATED_NO_PROVIDER_IN_SAFE_MODE,BASIC_EVENT_CHECK,state/v18/event_cache/RH.csv,,state/v18/cloud_earnings_event_calendar.csv,No event provider enabled in safe mode.,FALSE,2026-05-25T18:47:37
RIOT,CANDIDATE,MEDIUM_TREND_DATA,TRUE,TRUE,NOT_UPDATED_NO_PROVIDER_IN_SAFE_MODE,BASIC_EVENT_CHECK,state/v18/event_cache/RIOT.csv,,state/v18/cloud_earnings_event_calendar.csv,No event provider enabled in safe mode.,FALSE,2026-05-25T18:47:37
RKT,CANDIDATE,MEDIUM_TREND_DATA,TRUE,TRUE,NOT_UPDATED_NO_PROVIDER_IN_SAFE_MODE,BASIC_EVENT_CHECK,state/v18/event_cache/RKT.csv,,state/v18/cloud_earnings_event_calendar.csv,No event provider enabled in safe mode.,FALSE,2026-05-25T18:47:37
RNG,CANDIDATE,MEDIUM_TREND_DATA,TRUE,TRUE,NOT_UPDATED_NO_PROVIDER_IN_SAFE_MODE,BASIC_EVENT_CHECK,state/v18/event_cache/RNG.csv,,state/v18/cloud_earnings_event_calendar.csv,No event provider enabled in safe mode.,FALSE,2026-05-25T18:47:37
ROKU,CANDIDATE,MEDIUM_TREND_DATA,TRUE,TRUE,NOT_UPDATED_NO_PROVIDER_IN_SAFE_MODE,BASIC_EVENT_CHECK,state/v18/event_cache/ROKU.csv,,state/v18/cloud_earnings_event_calendar.csv,No event provider enabled in safe mode.,FALSE,2026-05-25T18:47:37
RSP,CANDIDATE,MEDIUM_TREND_DATA,TRUE,TRUE,NOT_UPDATED_NO_PROVIDER_IN_SAFE_MODE,BASIC_EVENT_CHECK,state/v18/event_cache/RSP.csv,,state/v18/cloud_earnings_event_calendar.csv,No event provider enabled in safe mode.,FALSE,2026-05-25T18:47:37
RTX,CANDIDATE,MEDIUM_TREND_DATA,TRUE,TRUE,NOT_UPDATED_NO_PROVIDER_IN_SAFE_MODE,BASIC_EVENT_CHECK,state/v18/event_cache/RTX.csv,,state/v18/cloud_earnings_event_calendar.csv,No event provider enabled in safe mode.,FALSE,2026-05-25T18:47:37
SCCO,CANDIDATE,MEDIUM_TREND_DATA,TRUE,TRUE,NOT_UPDATED_NO_PROVIDER_IN_SAFE_MODE,BASIC_EVENT_CHECK,state/v18/event_cache/SCCO.csv,,state/v18/cloud_earnings_event_calendar.csv,No event provider enabled in safe mode.,FALSE,2026-05-25T18:47:37
SCHW,CANDIDATE,MEDIUM_TREND_DATA,TRUE,TRUE,NOT_UPDATED_NO_PROVIDER_IN_SAFE_MODE,BASIC_EVENT_CHECK,state/v18/event_cache/SCHW.csv,,state/v18/cloud_earnings_event_calendar.csv,No event provider enabled in safe mode.,FALSE,2026-05-25T18:47:37
SE,CANDIDATE,MEDIUM_TREND_DATA,TRUE,TRUE,NOT_UPDATED_NO_PROVIDER_IN_SAFE_MODE,BASIC_EVENT_CHECK,state/v18/event_cache/SE.csv,,state/v18/cloud_earnings_event_calendar.csv,No event provider enabled in safe mode.,FALSE,2026-05-25T18:47:37
SFIX,CANDIDATE,MEDIUM_TREND_DATA,TRUE,TRUE,NOT_UPDATED_NO_PROVIDER_IN_SAFE_MODE,BASIC_EVENT_CHECK,state/v18/event_cache/SFIX.csv,,state/v18/cloud_earnings_event_calendar.csv,No event provider enabled in safe mode.,FALSE,2026-05-25T18:47:37
SFM,CANDIDATE,MEDIUM_TREND_DATA,TRUE,TRUE,NOT_UPDATED_NO_PROVIDER_IN_SAFE_MODE,BASIC_EVENT_CHECK,state/v18/event_cache/SFM.csv,,state/v18/cloud_earnings_event_calendar.csv,No event provider enabled in safe mode.,FALSE,2026-05-25T18:47:37
SHOP,CANDIDATE,MEDIUM_TREND_DATA,TRUE,TRUE,NOT_UPDATED_NO_PROVIDER_IN_SAFE_MODE,BASIC_EVENT_CHECK,state/v18/event_cache/SHOP.csv,,state/v18/cloud_earnings_event_calendar.csv,No event provider enabled in safe mode.,FALSE,2026-05-25T18:47:37
SHW,CANDIDATE,MEDIUM_TREND_DATA,TRUE,TRUE,NOT_UPDATED_NO_PROVIDER_IN_SAFE_MODE,BASIC_EVENT_CHECK,state/v18/event_cache/SHW.csv,,state/v18/cloud_earnings_event_calendar.csv,No event provider enabled in safe mode.,FALSE,2026-05-25T18:47:37
SNPS,CANDIDATE,MEDIUM_TREND_DATA,TRUE,TRUE,NOT_UPDATED_NO_PROVIDER_IN_SAFE_MODE,BASIC_EVENT_CHECK,state/v18/event_cache/SNPS.csv,,state/v18/cloud_earnings_event_calendar.csv,No event provider enabled in safe mode.,FALSE,2026-05-25T18:47:37
SPOT,CANDIDATE,MEDIUM_TREND_DATA,TRUE,TRUE,NOT_UPDATED_NO_PROVIDER_IN_SAFE_MODE,BASIC_EVENT_CHECK,state/v18/event_cache/SPOT.csv,,state/v18/cloud_earnings_event_calendar.csv,No event provider enabled in safe mode.,FALSE,2026-05-25T18:47:37
STG,CANDIDATE,MEDIUM_TREND_DATA,TRUE,TRUE,NOT_UPDATED_NO_PROVIDER_IN_SAFE_MODE,BASIC_EVENT_CHECK,state/v18/event_cache/STG.csv,,state/v18/cloud_earnings_event_calendar.csv,No event provider enabled in safe mode.,FALSE,2026-05-25T18:47:37
TEAM,CANDIDATE,MEDIUM_TREND_DATA,TRUE,TRUE,NOT_UPDATED_NO_PROVIDER_IN_SAFE_MODE,BASIC_EVENT_CHECK,state/v18/event_cache/TEAM.csv,,state/v18/cloud_earnings_event_calendar.csv,No event provider enabled in safe mode.,FALSE,2026-05-25T18:47:37
TEVA,CANDIDATE,MEDIUM_TREND_DATA,TRUE,TRUE,NOT_UPDATED_NO_PROVIDER_IN_SAFE_MODE,BASIC_EVENT_CHECK,state/v18/event_cache/TEVA.csv,,state/v18/cloud_earnings_event_calendar.csv,No event provider enabled in safe mode.,FALSE,2026-05-25T18:47:37
TIGR,CANDIDATE,MEDIUM_TREND_DATA,TRUE,TRUE,NOT_UPDATED_NO_PROVIDER_IN_SAFE_MODE,BASIC_EVENT_CHECK,state/v18/event_cache/TIGR.csv,,state/v18/cloud_earnings_event_calendar.csv,No event provider enabled in safe mode.,FALSE,2026-05-25T18:47:37
TTD,CANDIDATE,MEDIUM_TREND_DATA,TRUE,TRUE,NOT_UPDATED_NO_PROVIDER_IN_SAFE_MODE,BASIC_EVENT_CHECK,state/v18/event_cache/TTD.csv,,state/v18/cloud_earnings_event_calendar.csv,No event provider enabled in safe mode.,FALSE,2026-05-25T18:47:37
TTWO,CANDIDATE,MEDIUM_TREND_DATA,TRUE,TRUE,NOT_UPDATED_NO_PROVIDER_IN_SAFE_MODE,BASIC_EVENT_CHECK,state/v18/event_cache/TTWO.csv,,state/v18/cloud_earnings_event_calendar.csv,No event provider enabled in safe mode.,FALSE,2026-05-25T18:47:37
TWST,CANDIDATE,MEDIUM_TREND_DATA,TRUE,TRUE,NOT_UPDATED_NO_PROVIDER_IN_SAFE_MODE,BASIC_EVENT_CHECK,state/v18/event_cache/TWST.csv,,state/v18/cloud_earnings_event_calendar.csv,No event provider enabled in safe mode.,FALSE,2026-05-25T18:47:37
UAL,CANDIDATE,MEDIUM_TREND_DATA,TRUE,TRUE,NOT_UPDATED_NO_PROVIDER_IN_SAFE_MODE,BASIC_EVENT_CHECK,state/v18/event_cache/UAL.csv,,state/v18/cloud_earnings_event_calendar.csv,No event provider enabled in safe mode.,FALSE,2026-05-25T18:47:37
UBER,CANDIDATE,MEDIUM_TREND_DATA,TRUE,TRUE,NOT_UPDATED_NO_PROVIDER_IN_SAFE_MODE,BASIC_EVENT_CHECK,state/v18/event_cache/UBER.csv,,state/v18/cloud_earnings_event_calendar.csv,No event provider enabled in safe mode.,FALSE,2026-05-25T18:47:37
UNH,CANDIDATE,MEDIUM_TREND_DATA,TRUE,TRUE,NOT_UPDATED_NO_PROVIDER_IN_SAFE_MODE,BASIC_EVENT_CHECK,state/v18/event_cache/UNH.csv,,state/v18/cloud_earnings_event_calendar.csv,No event provider enabled in safe mode.,FALSE,2026-05-25T18:47:37
UPST,CANDIDATE,MEDIUM_TREND_DATA,TRUE,TRUE,NOT_UPDATED_NO_PROVIDER_IN_SAFE_MODE,BASIC_EVENT_CHECK,state/v18/event_cache/UPST.csv,,state/v18/cloud_earnings_event_calendar.csv,No event provider enabled in safe mode.,FALSE,2026-05-25T18:47:37
AMC,CANDIDATE,MEDIUM_TREND_DATA,TRUE,TRUE,NOT_UPDATED_NO_PROVIDER_IN_SAFE_MODE,BASIC_EVENT_CHECK,state/v18/event_cache/AMC.csv,,state/v18/cloud_earnings_event_calendar.csv,No event provider enabled in safe mode.,FALSE,2026-05-25T18:47:37
BAC,CANDIDATE,MEDIUM_TREND_DATA,TRUE,TRUE,NOT_UPDATED_NO_PROVIDER_IN_SAFE_MODE,BASIC_EVENT_CHECK,state/v18/event_cache/BAC.csv,,state/v18/cloud_earnings_event_calendar.csv,No event provider enabled in safe mode.,FALSE,2026-05-25T18:47:37
BYND,CANDIDATE,MEDIUM_TREND_DATA,TRUE,TRUE,NOT_UPDATED_NO_PROVIDER_IN_SAFE_MODE,BASIC_EVENT_CHECK,state/v18/event_cache/BYND.csv,,state/v18/cloud_earnings_event_calendar.csv,No event provider enabled in safe mode.,FALSE,2026-05-25T18:47:37
COGT,CANDIDATE,MEDIUM_TREND_DATA,TRUE,TRUE,NOT_UPDATED_NO_PROVIDER_IN_SAFE_MODE,BASIC_EVENT_CHECK,state/v18/event_cache/COGT.csv,,state/v18/cloud_earnings_event_calendar.csv,No event provider enabled in safe mode.,FALSE,2026-05-25T18:47:37
COHU,CANDIDATE,MEDIUM_TREND_DATA,TRUE,TRUE,NOT_UPDATED_NO_PROVIDER_IN_SAFE_MODE,BASIC_EVENT_CHECK,state/v18/event_cache/COHU.csv,,state/v18/cloud_earnings_event_calendar.csv,No event provider enabled in safe mode.,FALSE,2026-05-25T18:47:37
CRWV,CANDIDATE,MEDIUM_TREND_DATA,TRUE,TRUE,NOT_UPDATED_NO_PROVIDER_IN_SAFE_MODE,BASIC_EVENT_CHECK,state/v18/event_cache/CRWV.csv,,state/v18/cloud_earnings_event_calendar.csv,No event provider enabled in safe mode.,FALSE,2026-05-25T18:47:37
CVNA,CANDIDATE,MEDIUM_TREND_DATA,TRUE,TRUE,NOT_UPDATED_NO_PROVIDER_IN_SAFE_MODE,BASIC_EVENT_CHECK,state/v18/event_cache/CVNA.csv,,state/v18/cloud_earnings_event_calendar.csv,No event provider enabled in safe mode.,FALSE,2026-05-25T18:47:37
DBVT,CANDIDATE,MEDIUM_TREND_DATA,TRUE,TRUE,NOT_UPDATED_NO_PROVIDER_IN_SAFE_MODE,BASIC_EVENT_CHECK,state/v18/event_cache/DBVT.csv,,state/v18/cloud_earnings_event_calendar.csv,No event provider enabled in safe mode.,FALSE,2026-05-25T18:47:37
FCNCA,CANDIDATE,MEDIUM_TREND_DATA,TRUE,TRUE,NOT_UPDATED_NO_PROVIDER_IN_SAFE_MODE,BASIC_EVENT_CHECK,state/v18/event_cache/FCNCA.csv,,state/v18/cloud_earnings_event_calendar.csv,No event provider enabled in safe mode.,FALSE,2026-05-25T18:47:37
HOOD,CANDIDATE,MEDIUM_TREND_DATA,TRUE,TRUE,NOT_UPDATED_NO_PROVIDER_IN_SAFE_MODE,BASIC_EVENT_CHECK,state/v18/event_cache/HOOD.csv,,state/v18/cloud_earnings_event_calendar.csv,No event provider enabled in safe mode.,FALSE,2026-05-25T18:47:37
INSM,CANDIDATE,MEDIUM_TREND_DATA,TRUE,TRUE,NOT_UPDATED_NO_PROVIDER_IN_SAFE_MODE,BASIC_EVENT_CHECK,state/v18/event_cache/INSM.csv,,state/v18/cloud_earnings_event_calendar.csv,No event provider enabled in safe mode.,FALSE,2026-05-25T18:47:37
NVAX,CANDIDATE,MEDIUM_TREND_DATA,TRUE,TRUE,NOT_UPDATED_NO_PROVIDER_IN_SAFE_MODE,BASIC_EVENT_CHECK,state/v18/event_cache/NVAX.csv,,state/v18/cloud_earnings_event_calendar.csv,No event provider enabled in safe mode.,FALSE,2026-05-25T18:47:37
SOXL,CANDIDATE,MEDIUM_TREND_DATA,TRUE,TRUE,NOT_UPDATED_NO_PROVIDER_IN_SAFE_MODE,BASIC_EVENT_CHECK,state/v18/event_cache/SOXL.csv,,state/v18/cloud_earnings_event_calendar.csv,No event provider enabled in safe mode.,FALSE,2026-05-25T18:47:37
USFD,CANDIDATE,MEDIUM_TREND_DATA,TRUE,TRUE,NOT_UPDATED_NO_PROVIDER_IN_SAFE_MODE,BASIC_EVENT_CHECK,state/v18/event_cache/USFD.csv,,state/v18/cloud_earnings_event_calendar.csv,No event provider enabled in safe mode.,FALSE,2026-05-25T18:47:37
V,CANDIDATE,MEDIUM_TREND_DATA,TRUE,TRUE,NOT_UPDATED_NO_PROVIDER_IN_SAFE_MODE,BASIC_EVENT_CHECK,state/v18/event_cache/V.csv,,state/v18/cloud_earnings_event_calendar.csv,No event provider enabled in safe mode.,FALSE,2026-05-25T18:47:37
VEEV,CANDIDATE,MEDIUM_TREND_DATA,TRUE,TRUE,NOT_UPDATED_NO_PROVIDER_IN_SAFE_MODE,BASIC_EVENT_CHECK,state/v18/event_cache/VEEV.csv,,state/v18/cloud_earnings_event_calendar.csv,No event provider enabled in safe mode.,FALSE,2026-05-25T18:47:37
VIST,CANDIDATE,MEDIUM_TREND_DATA,TRUE,TRUE,NOT_UPDATED_NO_PROVIDER_IN_SAFE_MODE,BASIC_EVENT_CHECK,state/v18/event_cache/VIST.csv,,state/v18/cloud_earnings_event_calendar.csv,No event provider enabled in safe mode.,FALSE,2026-05-25T18:47:38
VMC,CANDIDATE,MEDIUM_TREND_DATA,TRUE,TRUE,NOT_UPDATED_NO_PROVIDER_IN_SAFE_MODE,BASIC_EVENT_CHECK,state/v18/event_cache/VMC.csv,,state/v18/cloud_earnings_event_calendar.csv,No event provider enabled in safe mode.,FALSE,2026-05-25T18:47:38
WAB,CANDIDATE,MEDIUM_TREND_DATA,TRUE,TRUE,NOT_UPDATED_NO_PROVIDER_IN_SAFE_MODE,BASIC_EVENT_CHECK,state/v18/event_cache/WAB.csv,,state/v18/cloud_earnings_event_calendar.csv,No event provider enabled in safe mode.,FALSE,2026-05-25T18:47:38
WDAY,CANDIDATE,MEDIUM_TREND_DATA,TRUE,TRUE,NOT_UPDATED_NO_PROVIDER_IN_SAFE_MODE,BASIC_EVENT_CHECK,state/v18/event_cache/WDAY.csv,,state/v18/cloud_earnings_event_calendar.csv,No event provider enabled in safe mode.,FALSE,2026-05-25T18:47:38
WHR,CANDIDATE,MEDIUM_TREND_DATA,TRUE,TRUE,NOT_UPDATED_NO_PROVIDER_IN_SAFE_MODE,BASIC_EVENT_CHECK,state/v18/event_cache/WHR.csv,,state/v18/cloud_earnings_event_calendar.csv,No event provider enabled in safe mode.,FALSE,2026-05-25T18:47:38
WING,CANDIDATE,MEDIUM_TREND_DATA,TRUE,TRUE,NOT_UPDATED_NO_PROVIDER_IN_SAFE_MODE,BASIC_EVENT_CHECK,state/v18/event_cache/WING.csv,,state/v18/cloud_earnings_event_calendar.csv,No event provider enabled in safe mode.,FALSE,2026-05-25T18:47:38
WLK,CANDIDATE,MEDIUM_TREND_DATA,TRUE,TRUE,NOT_UPDATED_NO_PROVIDER_IN_SAFE_MODE,BASIC_EVENT_CHECK,state/v18/event_cache/WLK.csv,,state/v18/cloud_earnings_event_calendar.csv,No event provider enabled in safe mode.,FALSE,2026-05-25T18:47:38
WVE,CANDIDATE,MEDIUM_TREND_DATA,TRUE,TRUE,NOT_UPDATED_NO_PROVIDER_IN_SAFE_MODE,BASIC_EVENT_CHECK,state/v18/event_cache/WVE.csv,,state/v18/cloud_earnings_event_calendar.csv,No event provider enabled in safe mode.,FALSE,2026-05-25T18:47:38
WWD,CANDIDATE,MEDIUM_TREND_DATA,TRUE,TRUE,NOT_UPDATED_NO_PROVIDER_IN_SAFE_MODE,BASIC_EVENT_CHECK,state/v18/event_cache/WWD.csv,,state/v18/cloud_earnings_event_calendar.csv,No event provider enabled in safe mode.,FALSE,2026-05-25T18:47:38
XENE,CANDIDATE,MEDIUM_TREND_DATA,TRUE,TRUE,NOT_UPDATED_NO_PROVIDER_IN_SAFE_MODE,BASIC_EVENT_CHECK,state/v18/event_cache/XENE.csv,,state/v18/cloud_earnings_event_calendar.csv,No event provider enabled in safe mode.,FALSE,2026-05-25T18:47:38
XLF,CANDIDATE,MEDIUM_TREND_DATA,TRUE,TRUE,NOT_UPDATED_NO_PROVIDER_IN_SAFE_MODE,BASIC_EVENT_CHECK,state/v18/event_cache/XLF.csv,,state/v18/cloud_earnings_event_calendar.csv,No event provider enabled in safe mode.,FALSE,2026-05-25T18:47:38
XPO,CANDIDATE,MEDIUM_TREND_DATA,TRUE,TRUE,NOT_UPDATED_NO_PROVIDER_IN_SAFE_MODE,BASIC_EVENT_CHECK,state/v18/event_cache/XPO.csv,,state/v18/cloud_earnings_event_calendar.csv,No event provider enabled in safe mode.,FALSE,2026-05-25T18:47:38
YPF,CANDIDATE,MEDIUM_TREND_DATA,TRUE,TRUE,NOT_UPDATED_NO_PROVIDER_IN_SAFE_MODE,BASIC_EVENT_CHECK,state/v18/event_cache/YPF.csv,,state/v18/cloud_earnings_event_calendar.csv,No event provider enabled in safe mode.,FALSE,2026-05-25T18:47:38
Z,CANDIDATE,MEDIUM_TREND_DATA,TRUE,TRUE,NOT_UPDATED_NO_PROVIDER_IN_SAFE_MODE,BASIC_EVENT_CHECK,state/v18/event_cache/Z.csv,,state/v18/cloud_earnings_event_calendar.csv,No event provider enabled in safe mode.,FALSE,2026-05-25T18:47:38
ZG,CANDIDATE,MEDIUM_TREND_DATA,TRUE,TRUE,NOT_UPDATED_NO_PROVIDER_IN_SAFE_MODE,BASIC_EVENT_CHECK,state/v18/event_cache/ZG.csv,,state/v18/cloud_earnings_event_calendar.csv,No event provider enabled in safe mode.,FALSE,2026-05-25T18:47:38
AA,CANDIDATE,MEDIUM_TREND_DATA,TRUE,TRUE,NOT_UPDATED_NO_PROVIDER_IN_SAFE_MODE,BASIC_EVENT_CHECK,state/v18/event_cache/AA.csv,,state/v18/cloud_earnings_event_calendar.csv,No event provider enabled in safe mode.,FALSE,2026-05-25T18:47:38
AAL,CANDIDATE,MEDIUM_TREND_DATA,TRUE,TRUE,NOT_UPDATED_NO_PROVIDER_IN_SAFE_MODE,BASIC_EVENT_CHECK,state/v18/event_cache/AAL.csv,,state/v18/cloud_earnings_event_calendar.csv,No event provider enabled in safe mode.,FALSE,2026-05-25T18:47:38
ABR,CANDIDATE,MEDIUM_TREND_DATA,TRUE,TRUE,NOT_UPDATED_NO_PROVIDER_IN_SAFE_MODE,BASIC_EVENT_CHECK,state/v18/event_cache/ABR.csv,,state/v18/cloud_earnings_event_calendar.csv,No event provider enabled in safe mode.,FALSE,2026-05-25T18:47:38
ADBE,CANDIDATE,MEDIUM_TREND_DATA,TRUE,TRUE,NOT_UPDATED_NO_PROVIDER_IN_SAFE_MODE,BASIC_EVENT_CHECK,state/v18/event_cache/ADBE.csv,,state/v18/cloud_earnings_event_calendar.csv,No event provider enabled in safe mode.,FALSE,2026-05-25T18:47:38
ADMA,CANDIDATE,MEDIUM_TREND_DATA,TRUE,TRUE,NOT_UPDATED_NO_PROVIDER_IN_SAFE_MODE,BASIC_EVENT_CHECK,state/v18/event_cache/ADMA.csv,,state/v18/cloud_earnings_event_calendar.csv,No event provider enabled in safe mode.,FALSE,2026-05-25T18:47:38
ADSK,CANDIDATE,MEDIUM_TREND_DATA,TRUE,TRUE,NOT_UPDATED_NO_PROVIDER_IN_SAFE_MODE,BASIC_EVENT_CHECK,state/v18/event_cache/ADSK.csv,,state/v18/cloud_earnings_event_calendar.csv,No event provider enabled in safe mode.,FALSE,2026-05-25T18:47:38
AEVA,CANDIDATE,MEDIUM_TREND_DATA,TRUE,TRUE,NOT_UPDATED_NO_PROVIDER_IN_SAFE_MODE,BASIC_EVENT_CHECK,state/v18/event_cache/AEVA.csv,,state/v18/cloud_earnings_event_calendar.csv,No event provider enabled in safe mode.,FALSE,2026-05-25T18:47:38
AFRM,CANDIDATE,MEDIUM_TREND_DATA,TRUE,TRUE,NOT_UPDATED_NO_PROVIDER_IN_SAFE_MODE,BASIC_EVENT_CHECK,state/v18/event_cache/AFRM.csv,,state/v18/cloud_earnings_event_calendar.csv,No event provider enabled in safe mode.,FALSE,2026-05-25T18:47:38
APG,CANDIDATE,MEDIUM_TREND_DATA,TRUE,TRUE,NOT_UPDATED_NO_PROVIDER_IN_SAFE_MODE,BASIC_EVENT_CHECK,state/v18/event_cache/APG.csv,,state/v18/cloud_earnings_event_calendar.csv,No event provider enabled in safe mode.,FALSE,2026-05-25T18:47:38
APO,CANDIDATE,MEDIUM_TREND_DATA,TRUE,TRUE,NOT_UPDATED_NO_PROVIDER_IN_SAFE_MODE,BASIC_EVENT_CHECK,state/v18/event_cache/APO.csv,,state/v18/cloud_earnings_event_calendar.csv,No event provider enabled in safe mode.,FALSE,2026-05-25T18:47:38
APP,CANDIDATE,MEDIUM_TREND_DATA,TRUE,TRUE,NOT_UPDATED_NO_PROVIDER_IN_SAFE_MODE,BASIC_EVENT_CHECK,state/v18/event_cache/APP.csv,,state/v18/cloud_earnings_event_calendar.csv,No event provider enabled in safe mode.,FALSE,2026-05-25T18:47:38
ARGT,CANDIDATE,MEDIUM_TREND_DATA,TRUE,TRUE,NOT_UPDATED_NO_PROVIDER_IN_SAFE_MODE,BASIC_EVENT_CHECK,state/v18/event_cache/ARGT.csv,,state/v18/cloud_earnings_event_calendar.csv,No event provider enabled in safe mode.,FALSE,2026-05-25T18:47:38
AXON,CANDIDATE,MEDIUM_TREND_DATA,TRUE,TRUE,NOT_UPDATED_NO_PROVIDER_IN_SAFE_MODE,BASIC_EVENT_CHECK,state/v18/event_cache/AXON.csv,,state/v18/cloud_earnings_event_calendar.csv,No event provider enabled in safe mode.,FALSE,2026-05-25T18:47:38
BABA,CANDIDATE,MEDIUM_TREND_DATA,TRUE,TRUE,NOT_UPDATED_NO_PROVIDER_IN_SAFE_MODE,BASIC_EVENT_CHECK,state/v18/event_cache/BABA.csv,,state/v18/cloud_earnings_event_calendar.csv,No event provider enabled in safe mode.,FALSE,2026-05-25T18:47:38
BALL,CANDIDATE,MEDIUM_TREND_DATA,TRUE,TRUE,NOT_UPDATED_NO_PROVIDER_IN_SAFE_MODE,BASIC_EVENT_CHECK,state/v18/event_cache/BALL.csv,,state/v18/cloud_earnings_event_calendar.csv,No event provider enabled in safe mode.,FALSE,2026-05-25T18:47:38
BIDU,CANDIDATE,MEDIUM_TREND_DATA,TRUE,TRUE,NOT_UPDATED_NO_PROVIDER_IN_SAFE_MODE,BASIC_EVENT_CHECK,state/v18/event_cache/BIDU.csv,,state/v18/cloud_earnings_event_calendar.csv,No event provider enabled in safe mode.,FALSE,2026-05-25T18:47:38
BITF,CANDIDATE,MEDIUM_TREND_DATA,TRUE,TRUE,NOT_UPDATED_NO_PROVIDER_IN_SAFE_MODE,BASIC_EVENT_CHECK,state/v18/event_cache/BITF.csv,,state/v18/cloud_earnings_event_calendar.csv,No event provider enabled in safe mode.,FALSE,2026-05-25T18:47:38
BKNG,CANDIDATE,MEDIUM_TREND_DATA,TRUE,TRUE,NOT_UPDATED_NO_PROVIDER_IN_SAFE_MODE,BASIC_EVENT_CHECK,state/v18/event_cache/BKNG.csv,,state/v18/cloud_earnings_event_calendar.csv,No event provider enabled in safe mode.,FALSE,2026-05-25T18:47:38
BN,CANDIDATE,MEDIUM_TREND_DATA,TRUE,TRUE,NOT_UPDATED_NO_PROVIDER_IN_SAFE_MODE,BASIC_EVENT_CHECK,state/v18/event_cache/BN.csv,,state/v18/cloud_earnings_event_calendar.csv,No event provider enabled in safe mode.,FALSE,2026-05-25T18:47:38
BSX,CANDIDATE,MEDIUM_TREND_DATA,TRUE,TRUE,NOT_UPDATED_NO_PROVIDER_IN_SAFE_MODE,BASIC_EVENT_CHECK,state/v18/event_cache/BSX.csv,,state/v18/cloud_earnings_event_calendar.csv,No event provider enabled in safe mode.,FALSE,2026-05-25T18:47:38
CART,CANDIDATE,MEDIUM_TREND_DATA,TRUE,TRUE,NOT_UPDATED_NO_PROVIDER_IN_SAFE_MODE,BASIC_EVENT_CHECK,state/v18/event_cache/CART.csv,,state/v18/cloud_earnings_event_calendar.csv,No event provider enabled in safe mode.,FALSE,2026-05-25T18:47:38
CDNS,CANDIDATE,MEDIUM_TREND_DATA,TRUE,TRUE,NOT_UPDATED_NO_PROVIDER_IN_SAFE_MODE,BASIC_EVENT_CHECK,state/v18/event_cache/CDNS.csv,,state/v18/cloud_earnings_event_calendar.csv,No event provider enabled in safe mode.,FALSE,2026-05-25T18:47:38
CHPT,CANDIDATE,MEDIUM_TREND_DATA,TRUE,TRUE,NOT_UPDATED_NO_PROVIDER_IN_SAFE_MODE,BASIC_EVENT_CHECK,state/v18/event_cache/CHPT.csv,,state/v18/cloud_earnings_event_calendar.csv,No event provider enabled in safe mode.,FALSE,2026-05-25T18:47:38
CHRW,CANDIDATE,MEDIUM_TREND_DATA,TRUE,TRUE,NOT_UPDATED_NO_PROVIDER_IN_SAFE_MODE,BASIC_EVENT_CHECK,state/v18/event_cache/CHRW.csv,,state/v18/cloud_earnings_event_calendar.csv,No event provider enabled in safe mode.,FALSE,2026-05-25T18:47:38
CLF,CANDIDATE,MEDIUM_TREND_DATA,TRUE,TRUE,NOT_UPDATED_NO_PROVIDER_IN_SAFE_MODE,BASIC_EVENT_CHECK,state/v18/event_cache/CLF.csv,,state/v18/cloud_earnings_event_calendar.csv,No event provider enabled in safe mode.,FALSE,2026-05-25T18:47:38
CLSK,CANDIDATE,MEDIUM_TREND_DATA,TRUE,TRUE,NOT_UPDATED_NO_PROVIDER_IN_SAFE_MODE,BASIC_EVENT_CHECK,state/v18/event_cache/CLSK.csv,,state/v18/cloud_earnings_event_calendar.csv,No event provider enabled in safe mode.,FALSE,2026-05-25T18:47:38
CMG,CANDIDATE,MEDIUM_TREND_DATA,TRUE,TRUE,NOT_UPDATED_NO_PROVIDER_IN_SAFE_MODE,BASIC_EVENT_CHECK,state/v18/event_cache/CMG.csv,,state/v18/cloud_earnings_event_calendar.csv,No event provider enabled in safe mode.,FALSE,2026-05-25T18:47:38
ENTG,CANDIDATE,MEDIUM_TREND_DATA,TRUE,TRUE,NOT_UPDATED_NO_PROVIDER_IN_SAFE_MODE,BASIC_EVENT_CHECK,state/v18/event_cache/ENTG.csv,,state/v18/cloud_earnings_event_calendar.csv,No event provider enabled in safe mode.,FALSE,2026-05-25T18:47:38
ETN,CANDIDATE,MEDIUM_TREND_DATA,TRUE,TRUE,NOT_UPDATED_NO_PROVIDER_IN_SAFE_MODE,BASIC_EVENT_CHECK,state/v18/event_cache/ETN.csv,,state/v18/cloud_earnings_event_calendar.csv,No event provider enabled in safe mode.,FALSE,2026-05-25T18:47:38
JBL,CANDIDATE,MEDIUM_TREND_DATA,TRUE,TRUE,NOT_UPDATED_NO_PROVIDER_IN_SAFE_MODE,BASIC_EVENT_CHECK,state/v18/event_cache/JBL.csv,,state/v18/cloud_earnings_event_calendar.csv,No event provider enabled in safe mode.,FALSE,2026-05-25T18:47:38
LPLA,CANDIDATE,MEDIUM_TREND_DATA,TRUE,TRUE,NOT_UPDATED_NO_PROVIDER_IN_SAFE_MODE,BASIC_EVENT_CHECK,state/v18/event_cache/LPLA.csv,,state/v18/cloud_earnings_event_calendar.csv,No event provider enabled in safe mode.,FALSE,2026-05-25T18:47:38
LSCC,CANDIDATE,MEDIUM_TREND_DATA,TRUE,TRUE,NOT_UPDATED_NO_PROVIDER_IN_SAFE_MODE,BASIC_EVENT_CHECK,state/v18/event_cache/LSCC.csv,,state/v18/cloud_earnings_event_calendar.csv,No event provider enabled in safe mode.,FALSE,2026-05-25T18:47:38
LYB,CANDIDATE,MEDIUM_TREND_DATA,TRUE,TRUE,NOT_UPDATED_NO_PROVIDER_IN_SAFE_MODE,BASIC_EVENT_CHECK,state/v18/event_cache/LYB.csv,,state/v18/cloud_earnings_event_calendar.csv,No event provider enabled in safe mode.,FALSE,2026-05-25T18:47:38
LYFT,CANDIDATE,MEDIUM_TREND_DATA,TRUE,TRUE,NOT_UPDATED_NO_PROVIDER_IN_SAFE_MODE,BASIC_EVENT_CHECK,state/v18/event_cache/LYFT.csv,,state/v18/cloud_earnings_event_calendar.csv,No event provider enabled in safe mode.,FALSE,2026-05-25T18:47:38
MA,CANDIDATE,MEDIUM_TREND_DATA,TRUE,TRUE,NOT_UPDATED_NO_PROVIDER_IN_SAFE_MODE,BASIC_EVENT_CHECK,state/v18/event_cache/MA.csv,,state/v18/cloud_earnings_event_calendar.csv,No event provider enabled in safe mode.,FALSE,2026-05-25T18:47:38
MCK,CANDIDATE,MEDIUM_TREND_DATA,TRUE,TRUE,NOT_UPDATED_NO_PROVIDER_IN_SAFE_MODE,BASIC_EVENT_CHECK,state/v18/event_cache/MCK.csv,,state/v18/cloud_earnings_event_calendar.csv,No event provider enabled in safe mode.,FALSE,2026-05-25T18:47:38
MELI,CANDIDATE,MEDIUM_TREND_DATA,TRUE,TRUE,NOT_UPDATED_NO_PROVIDER_IN_SAFE_MODE,BASIC_EVENT_CHECK,state/v18/event_cache/MELI.csv,,state/v18/cloud_earnings_event_calendar.csv,No event provider enabled in safe mode.,FALSE,2026-05-25T18:47:38
MOH,CANDIDATE,MEDIUM_TREND_DATA,TRUE,TRUE,NOT_UPDATED_NO_PROVIDER_IN_SAFE_MODE,BASIC_EVENT_CHECK,state/v18/event_cache/MOH.csv,,state/v18/cloud_earnings_event_calendar.csv,No event provider enabled in safe mode.,FALSE,2026-05-25T18:47:38
MPLX,CANDIDATE,MEDIUM_TREND_DATA,TRUE,TRUE,NOT_UPDATED_NO_PROVIDER_IN_SAFE_MODE,BASIC_EVENT_CHECK,state/v18/event_cache/MPLX.csv,,state/v18/cloud_earnings_event_calendar.csv,No event provider enabled in safe mode.,FALSE,2026-05-25T18:47:38
MTSI,CANDIDATE,MEDIUM_TREND_DATA,TRUE,TRUE,NOT_UPDATED_NO_PROVIDER_IN_SAFE_MODE,BASIC_EVENT_CHECK,state/v18/event_cache/MTSI.csv,,state/v18/cloud_earnings_event_calendar.csv,No event provider enabled in safe mode.,FALSE,2026-05-25T18:47:38
NAMS,CANDIDATE,MEDIUM_TREND_DATA,TRUE,TRUE,NOT_UPDATED_NO_PROVIDER_IN_SAFE_MODE,BASIC_EVENT_CHECK,state/v18/event_cache/NAMS.csv,,state/v18/cloud_earnings_event_calendar.csv,No event provider enabled in safe mode.,FALSE,2026-05-25T18:47:38
NFLX,CANDIDATE,MEDIUM_TREND_DATA,TRUE,TRUE,NOT_UPDATED_NO_PROVIDER_IN_SAFE_MODE,BASIC_EVENT_CHECK,state/v18/event_cache/NFLX.csv,,state/v18/cloud_earnings_event_calendar.csv,No event provider enabled in safe mode.,FALSE,2026-05-25T18:47:38
NI,CANDIDATE,MEDIUM_TREND_DATA,TRUE,TRUE,NOT_UPDATED_NO_PROVIDER_IN_SAFE_MODE,BASIC_EVENT_CHECK,state/v18/event_cache/NI.csv,,state/v18/cloud_earnings_event_calendar.csv,No event provider enabled in safe mode.,FALSE,2026-05-25T18:47:38
NRG,CANDIDATE,MEDIUM_TREND_DATA,TRUE,TRUE,NOT_UPDATED_NO_PROVIDER_IN_SAFE_MODE,BASIC_EVENT_CHECK,state/v18/event_cache/NRG.csv,,state/v18/cloud_earnings_event_calendar.csv,No event provider enabled in safe mode.,FALSE,2026-05-25T18:47:38
NTRA,CANDIDATE,MEDIUM_TREND_DATA,TRUE,TRUE,NOT_UPDATED_NO_PROVIDER_IN_SAFE_MODE,BASIC_EVENT_CHECK,state/v18/event_cache/NTRA.csv,,state/v18/cloud_earnings_event_calendar.csv,No event provider enabled in safe mode.,FALSE,2026-05-25T18:47:38
NU,CANDIDATE,MEDIUM_TREND_DATA,TRUE,TRUE,NOT_UPDATED_NO_PROVIDER_IN_SAFE_MODE,BASIC_EVENT_CHECK,state/v18/event_cache/NU.csv,,state/v18/cloud_earnings_event_calendar.csv,No event provider enabled in safe mode.,FALSE,2026-05-25T18:47:38
NUVB,CANDIDATE,MEDIUM_TREND_DATA,TRUE,TRUE,NOT_UPDATED_NO_PROVIDER_IN_SAFE_MODE,BASIC_EVENT_CHECK,state/v18/event_cache/NUVB.csv,,state/v18/cloud_earnings_event_calendar.csv,No event provider enabled in safe mode.,FALSE,2026-05-25T18:47:38
VST,CANDIDATE,MEDIUM_TREND_DATA,TRUE,TRUE,NOT_UPDATED_NO_PROVIDER_IN_SAFE_MODE,BASIC_EVENT_CHECK,state/v18/event_cache/VST.csv,,state/v18/cloud_earnings_event_calendar.csv,No event provider enabled in safe mode.,FALSE,2026-05-25T18:47:38
ZS,CANDIDATE,MEDIUM_TREND_DATA,TRUE,TRUE,NOT_UPDATED_NO_PROVIDER_IN_SAFE_MODE,BASIC_EVENT_CHECK,state/v18/event_cache/ZS.csv,,state/v18/cloud_earnings_event_calendar.csv,No event provider enabled in safe mode.,FALSE,2026-05-25T18:47:38
CRDO,CANDIDATE,MEDIUM_TREND_DATA,TRUE,TRUE,NOT_UPDATED_NO_PROVIDER_IN_SAFE_MODE,BASIC_EVENT_CHECK,state/v18/event_cache/CRDO.csv,,state/v18/cloud_earnings_event_calendar.csv,No event provider enabled in safe mode.,FALSE,2026-05-25T18:47:38
INTC,CANDIDATE,MEDIUM_TREND_DATA,TRUE,TRUE,NOT_UPDATED_NO_PROVIDER_IN_SAFE_MODE,BASIC_EVENT_CHECK,state/v18/event_cache/INTC.csv,,state/v18/cloud_earnings_event_calendar.csv,No event provider enabled in safe mode.,FALSE,2026-05-25T18:47:38
MKSI,CANDIDATE,MEDIUM_TREND_DATA,TRUE,TRUE,NOT_UPDATED_NO_PROVIDER_IN_SAFE_MODE,BASIC_EVENT_CHECK,state/v18/event_cache/MKSI.csv,,state/v18/cloud_earnings_event_calendar.csv,No event provider enabled in safe mode.,FALSE,2026-05-25T18:47:38
SNDK,CANDIDATE,MEDIUM_TREND_DATA,TRUE,TRUE,NOT_UPDATED_NO_PROVIDER_IN_SAFE_MODE,BASIC_EVENT_CHECK,state/v18/event_cache/SNDK.csv,,state/v18/cloud_earnings_event_calendar.csv,No event provider enabled in safe mode.,FALSE,2026-05-25T18:47:38
STX,CANDIDATE,MEDIUM_TREND_DATA,TRUE,TRUE,NOT_UPDATED_NO_PROVIDER_IN_SAFE_MODE,BASIC_EVENT_CHECK,state/v18/event_cache/STX.csv,,state/v18/cloud_earnings_event_calendar.csv,No event provider enabled in safe mode.,FALSE,2026-05-25T18:47:38
VRT,CANDIDATE,MEDIUM_TREND_DATA,TRUE,TRUE,NOT_UPDATED_NO_PROVIDER_IN_SAFE_MODE,BASIC_EVENT_CHECK,state/v18/event_cache/VRT.csv,,state/v18/cloud_earnings_event_calendar.csv,No event provider enabled in safe mode.,FALSE,2026-05-25T18:47:38
WDC,CANDIDATE,MEDIUM_TREND_DATA,TRUE,TRUE,NOT_UPDATED_NO_PROVIDER_IN_SAFE_MODE,BASIC_EVENT_CHECK,state/v18/event_cache/WDC.csv,,state/v18/cloud_earnings_event_calendar.csv,No event provider enabled in safe mode.,FALSE,2026-05-25T18:47:38
CLS,CANDIDATE,MEDIUM_TREND_DATA,TRUE,TRUE,NOT_UPDATED_NO_PROVIDER_IN_SAFE_MODE,BASIC_EVENT_CHECK,state/v18/event_cache/CLS.csv,,state/v18/cloud_earnings_event_calendar.csv,No event provider enabled in safe mode.,FALSE,2026-05-25T18:47:38
CRM,CANDIDATE,MEDIUM_TREND_DATA,TRUE,TRUE,NOT_UPDATED_NO_PROVIDER_IN_SAFE_MODE,BASIC_EVENT_CHECK,state/v18/event_cache/CRM.csv,2026-05-27,state/v18/cloud_earnings_event_calendar.csv,No event provider enabled in safe mode.,FALSE,2026-05-25T18:47:38
D,CANDIDATE,MEDIUM_TREND_DATA,TRUE,TRUE,NOT_UPDATED_NO_PROVIDER_IN_SAFE_MODE,BASIC_EVENT_CHECK,state/v18/event_cache/D.csv,,state/v18/cloud_earnings_event_calendar.csv,No event provider enabled in safe mode.,FALSE,2026-05-25T18:47:38
ECL,CANDIDATE,MEDIUM_TREND_DATA,TRUE,TRUE,NOT_UPDATED_NO_PROVIDER_IN_SAFE_MODE,BASIC_EVENT_CHECK,state/v18/event_cache/ECL.csv,,state/v18/cloud_earnings_event_calendar.csv,No event provider enabled in safe mode.,FALSE,2026-05-25T18:47:38
ETR,CANDIDATE,MEDIUM_TREND_DATA,TRUE,TRUE,NOT_UPDATED_NO_PROVIDER_IN_SAFE_MODE,BASIC_EVENT_CHECK,state/v18/event_cache/ETR.csv,,state/v18/cloud_earnings_event_calendar.csv,No event provider enabled in safe mode.,FALSE,2026-05-25T18:47:38
FLR,CANDIDATE,MEDIUM_TREND_DATA,TRUE,TRUE,NOT_UPDATED_NO_PROVIDER_IN_SAFE_MODE,BASIC_EVENT_CHECK,state/v18/event_cache/FLR.csv,,state/v18/cloud_earnings_event_calendar.csv,No event provider enabled in safe mode.,FALSE,2026-05-25T18:47:38
GEV,CANDIDATE,MEDIUM_TREND_DATA,TRUE,TRUE,NOT_UPDATED_NO_PROVIDER_IN_SAFE_MODE,BASIC_EVENT_CHECK,state/v18/event_cache/GEV.csv,,state/v18/cloud_earnings_event_calendar.csv,No event provider enabled in safe mode.,FALSE,2026-05-25T18:47:38
HUBB,CANDIDATE,MEDIUM_TREND_DATA,TRUE,TRUE,NOT_UPDATED_NO_PROVIDER_IN_SAFE_MODE,BASIC_EVENT_CHECK,state/v18/event_cache/HUBB.csv,,state/v18/cloud_earnings_event_calendar.csv,No event provider enabled in safe mode.,FALSE,2026-05-25T18:47:38
IREN,CANDIDATE,MEDIUM_TREND_DATA,TRUE,TRUE,NOT_UPDATED_NO_PROVIDER_IN_SAFE_MODE,BASIC_EVENT_CHECK,state/v18/event_cache/IREN.csv,,state/v18/cloud_earnings_event_calendar.csv,No event provider enabled in safe mode.,FALSE,2026-05-25T18:47:38
KLAC,CANDIDATE,MEDIUM_TREND_DATA,TRUE,TRUE,NOT_UPDATED_NO_PROVIDER_IN_SAFE_MODE,BASIC_EVENT_CHECK,state/v18/event_cache/KLAC.csv,,state/v18/cloud_earnings_event_calendar.csv,No event provider enabled in safe mode.,FALSE,2026-05-25T18:47:38
LRCX,CANDIDATE,MEDIUM_TREND_DATA,TRUE,TRUE,NOT_UPDATED_NO_PROVIDER_IN_SAFE_MODE,BASIC_EVENT_CHECK,state/v18/event_cache/LRCX.csv,,state/v18/cloud_earnings_event_calendar.csv,No event provider enabled in safe mode.,FALSE,2026-05-25T18:47:38
MDB,CANDIDATE,MEDIUM_TREND_DATA,TRUE,TRUE,NOT_UPDATED_NO_PROVIDER_IN_SAFE_MODE,BASIC_EVENT_CHECK,state/v18/event_cache/MDB.csv,,state/v18/cloud_earnings_event_calendar.csv,No event provider enabled in safe mode.,FALSE,2026-05-25T18:47:38
META,CANDIDATE,MEDIUM_TREND_DATA,TRUE,TRUE,NOT_UPDATED_NO_PROVIDER_IN_SAFE_MODE,BASIC_EVENT_CHECK,state/v18/event_cache/META.csv,,state/v18/cloud_earnings_event_calendar.csv,No event provider enabled in safe mode.,FALSE,2026-05-25T18:47:38
MSFT,CANDIDATE,MEDIUM_TREND_DATA,TRUE,TRUE,NOT_UPDATED_NO_PROVIDER_IN_SAFE_MODE,BASIC_EVENT_CHECK,state/v18/event_cache/MSFT.csv,2026-07-29,state/v18/cloud_earnings_event_calendar.csv,No event provider enabled in safe mode.,FALSE,2026-05-25T18:47:38
NET,CANDIDATE,MEDIUM_TREND_DATA,TRUE,TRUE,NOT_UPDATED_NO_PROVIDER_IN_SAFE_MODE,BASIC_EVENT_CHECK,state/v18/event_cache/NET.csv,,state/v18/cloud_earnings_event_calendar.csv,No event provider enabled in safe mode.,FALSE,2026-05-25T18:47:38
NOW,CANDIDATE,MEDIUM_TREND_DATA,TRUE,TRUE,NOT_UPDATED_NO_PROVIDER_IN_SAFE_MODE,BASIC_EVENT_CHECK,state/v18/event_cache/NOW.csv,,state/v18/cloud_earnings_event_calendar.csv,No event provider enabled in safe mode.,FALSE,2026-05-25T18:47:38
NTAP,CANDIDATE,MEDIUM_TREND_DATA,TRUE,TRUE,NOT_UPDATED_NO_PROVIDER_IN_SAFE_MODE,BASIC_EVENT_CHECK,state/v18/event_cache/NTAP.csv,,state/v18/cloud_earnings_event_calendar.csv,No event provider enabled in safe mode.,FALSE,2026-05-25T18:47:38
NVDA,CANDIDATE,MEDIUM_TREND_DATA,TRUE,TRUE,NOT_UPDATED_NO_PROVIDER_IN_SAFE_MODE,BASIC_EVENT_CHECK,state/v18/event_cache/NVDA.csv,,state/v18/cloud_earnings_event_calendar.csv,No event provider enabled in safe mode.,FALSE,2026-05-25T18:47:38
ON,CANDIDATE,MEDIUM_TREND_DATA,TRUE,TRUE,NOT_UPDATED_NO_PROVIDER_IN_SAFE_MODE,BASIC_EVENT_CHECK,state/v18/event_cache/ON.csv,,state/v18/cloud_earnings_event_calendar.csv,No event provider enabled in safe mode.,FALSE,2026-05-25T18:47:39
ORCL,CANDIDATE,MEDIUM_TREND_DATA,TRUE,TRUE,NOT_UPDATED_NO_PROVIDER_IN_SAFE_MODE,BASIC_EVENT_CHECK,state/v18/event_cache/ORCL.csv,2026-06-15,state/v18/cloud_earnings_event_calendar.csv,No event provider enabled in safe mode.,FALSE,2026-05-25T18:47:39
PANW,CANDIDATE,MEDIUM_TREND_DATA,TRUE,TRUE,NOT_UPDATED_NO_PROVIDER_IN_SAFE_MODE,BASIC_EVENT_CHECK,state/v18/event_cache/PANW.csv,,state/v18/cloud_earnings_event_calendar.csv,No event provider enabled in safe mode.,FALSE,2026-05-25T18:47:39
PLTR,CANDIDATE,MEDIUM_TREND_DATA,TRUE,TRUE,NOT_UPDATED_NO_PROVIDER_IN_SAFE_MODE,BASIC_EVENT_CHECK,state/v18/event_cache/PLTR.csv,,state/v18/cloud_earnings_event_calendar.csv,No event provider enabled in safe mode.,FALSE,2026-05-25T18:47:39
QCOM,CANDIDATE,MEDIUM_TREND_DATA,TRUE,TRUE,NOT_UPDATED_NO_PROVIDER_IN_SAFE_MODE,BASIC_EVENT_CHECK,state/v18/event_cache/QCOM.csv,,state/v18/cloud_earnings_event_calendar.csv,No event provider enabled in safe mode.,FALSE,2026-05-25T18:47:39
QQQ,CANDIDATE,MEDIUM_TREND_DATA,TRUE,TRUE,NOT_UPDATED_NO_PROVIDER_IN_SAFE_MODE,BASIC_EVENT_CHECK,state/v18/event_cache/QQQ.csv,,state/v18/cloud_earnings_event_calendar.csv,No event provider enabled in safe mode.,FALSE,2026-05-25T18:47:39
SMH,CANDIDATE,MEDIUM_TREND_DATA,TRUE,TRUE,NOT_UPDATED_NO_PROVIDER_IN_SAFE_MODE,BASIC_EVENT_CHECK,state/v18/event_cache/SMH.csv,,state/v18/cloud_earnings_event_calendar.csv,No event provider enabled in safe mode.,FALSE,2026-05-25T18:47:39
SNOW,CANDIDATE,MEDIUM_TREND_DATA,TRUE,TRUE,NOT_UPDATED_NO_PROVIDER_IN_SAFE_MODE,BASIC_EVENT_CHECK,state/v18/event_cache/SNOW.csv,,state/v18/cloud_earnings_event_calendar.csv,No event provider enabled in safe mode.,FALSE,2026-05-25T18:47:39
SPY,CANDIDATE,MEDIUM_TREND_DATA,TRUE,TRUE,NOT_UPDATED_NO_PROVIDER_IN_SAFE_MODE,BASIC_EVENT_CHECK,state/v18/event_cache/SPY.csv,,state/v18/cloud_earnings_event_calendar.csv,No event provider enabled in safe mode.,FALSE,2026-05-25T18:47:39
TER,CANDIDATE,MEDIUM_TREND_DATA,TRUE,TRUE,NOT_UPDATED_NO_PROVIDER_IN_SAFE_MODE,BASIC_EVENT_CHECK,state/v18/event_cache/TER.csv,,state/v18/cloud_earnings_event_calendar.csv,No event provider enabled in safe mode.,FALSE,2026-05-25T18:47:39
TSLA,CANDIDATE,MEDIUM_TREND_DATA,TRUE,TRUE,NOT_UPDATED_NO_PROVIDER_IN_SAFE_MODE,BASIC_EVENT_CHECK,state/v18/event_cache/TSLA.csv,,state/v18/cloud_earnings_event_calendar.csv,No event provider enabled in safe mode.,FALSE,2026-05-25T18:47:39
TSM,CANDIDATE,MEDIUM_TREND_DATA,TRUE,TRUE,NOT_UPDATED_NO_PROVIDER_IN_SAFE_MODE,BASIC_EVENT_CHECK,state/v18/event_cache/TSM.csv,,state/v18/cloud_earnings_event_calendar.csv,No event provider enabled in safe mode.,FALSE,2026-05-25T18:47:39
TXN,CANDIDATE,MEDIUM_TREND_DATA,TRUE,TRUE,NOT_UPDATED_NO_PROVIDER_IN_SAFE_MODE,BASIC_EVENT_CHECK,state/v18/event_cache/TXN.csv,,state/v18/cloud_earnings_event_calendar.csv,No event provider enabled in safe mode.,FALSE,2026-05-25T18:47:39
FIX,CANDIDATE,MEDIUM_TREND_DATA,TRUE,TRUE,NOT_UPDATED_NO_PROVIDER_IN_SAFE_MODE,BASIC_EVENT_CHECK,state/v18/event_cache/FIX.csv,,state/v18/cloud_earnings_event_calendar.csv,No event provider enabled in safe mode.,FALSE,2026-05-25T18:47:39
MPWR,CANDIDATE,MEDIUM_TREND_DATA,TRUE,TRUE,NOT_UPDATED_NO_PROVIDER_IN_SAFE_MODE,BASIC_EVENT_CHECK,state/v18/event_cache/MPWR.csv,,state/v18/cloud_earnings_event_calendar.csv,No event provider enabled in safe mode.,FALSE,2026-05-25T18:47:39
SOXX,CANDIDATE,MEDIUM_TREND_DATA,TRUE,TRUE,NOT_UPDATED_NO_PROVIDER_IN_SAFE_MODE,BASIC_EVENT_CHECK,state/v18/event_cache/SOXX.csv,,state/v18/cloud_earnings_event_calendar.csv,No event provider enabled in safe mode.,FALSE,2026-05-25T18:47:39
TQQQ,CANDIDATE,MEDIUM_TREND_DATA,TRUE,TRUE,NOT_UPDATED_NO_PROVIDER_IN_SAFE_MODE,BASIC_EVENT_CHECK,state/v18/event_cache/TQQQ.csv,,state/v18/cloud_earnings_event_calendar.csv,No event provider enabled in safe mode.,FALSE,2026-05-25T18:47:39
VECO,CANDIDATE,MEDIUM_TREND_DATA,TRUE,TRUE,NOT_UPDATED_NO_PROVIDER_IN_SAFE_MODE,BASIC_EVENT_CHECK,state/v18/event_cache/VECO.csv,,state/v18/cloud_earnings_event_calendar.csv,No event provider enabled in safe mode.,FALSE,2026-05-25T18:47:39
XLK,CANDIDATE,MEDIUM_TREND_DATA,TRUE,TRUE,NOT_UPDATED_NO_PROVIDER_IN_SAFE_MODE,BASIC_EVENT_CHECK,state/v18/event_cache/XLK.csv,,state/v18/cloud_earnings_event_calendar.csv,No event provider enabled in safe mode.,FALSE,2026-05-25T18:47:39
DELL,CANDIDATE,MEDIUM_TREND_DATA,TRUE,TRUE,NOT_UPDATED_NO_PROVIDER_IN_SAFE_MODE,BASIC_EVENT_CHECK,state/v18/event_cache/DELL.csv,,state/v18/cloud_earnings_event_calendar.csv,No event provider enabled in safe mode.,FALSE,2026-05-25T18:47:39
IGV,CANDIDATE,MEDIUM_TREND_DATA,TRUE,TRUE,NOT_UPDATED_NO_PROVIDER_IN_SAFE_MODE,BASIC_EVENT_CHECK,state/v18/event_cache/IGV.csv,,state/v18/cloud_earnings_event_calendar.csv,No event provider enabled in safe mode.,FALSE,2026-05-25T18:47:39
IRDM,CANDIDATE,MEDIUM_TREND_DATA,TRUE,TRUE,NOT_UPDATED_NO_PROVIDER_IN_SAFE_MODE,BASIC_EVENT_CHECK,state/v18/event_cache/IRDM.csv,,state/v18/cloud_earnings_event_calendar.csv,No event provider enabled in safe mode.,FALSE,2026-05-25T18:47:39
IYW,CANDIDATE,MEDIUM_TREND_DATA,TRUE,TRUE,NOT_UPDATED_NO_PROVIDER_IN_SAFE_MODE,BASIC_EVENT_CHECK,state/v18/event_cache/IYW.csv,,state/v18/cloud_earnings_event_calendar.csv,No event provider enabled in safe mode.,FALSE,2026-05-25T18:47:39
KLIC,CANDIDATE,MEDIUM_TREND_DATA,TRUE,TRUE,NOT_UPDATED_NO_PROVIDER_IN_SAFE_MODE,BASIC_EVENT_CHECK,state/v18/event_cache/KLIC.csv,,state/v18/cloud_earnings_event_calendar.csv,No event provider enabled in safe mode.,FALSE,2026-05-25T18:47:39
MCHP,CANDIDATE,MEDIUM_TREND_DATA,TRUE,TRUE,NOT_UPDATED_NO_PROVIDER_IN_SAFE_MODE,BASIC_EVENT_CHECK,state/v18/event_cache/MCHP.csv,,state/v18/cloud_earnings_event_calendar.csv,No event provider enabled in safe mode.,FALSE,2026-05-25T18:47:39
MRVL,CANDIDATE,MEDIUM_TREND_DATA,TRUE,TRUE,NOT_UPDATED_NO_PROVIDER_IN_SAFE_MODE,BASIC_EVENT_CHECK,state/v18/event_cache/MRVL.csv,,state/v18/cloud_earnings_event_calendar.csv,No event provider enabled in safe mode.,FALSE,2026-05-25T18:47:39
NVT,CANDIDATE,MEDIUM_TREND_DATA,TRUE,TRUE,NOT_UPDATED_NO_PROVIDER_IN_SAFE_MODE,BASIC_EVENT_CHECK,state/v18/event_cache/NVT.csv,,state/v18/cloud_earnings_event_calendar.csv,No event provider enabled in safe mode.,FALSE,2026-05-25T18:47:39
NXPI,CANDIDATE,MEDIUM_TREND_DATA,TRUE,TRUE,NOT_UPDATED_NO_PROVIDER_IN_SAFE_MODE,BASIC_EVENT_CHECK,state/v18/event_cache/NXPI.csv,,state/v18/cloud_earnings_event_calendar.csv,No event provider enabled in safe mode.,FALSE,2026-05-25T18:47:39
PONY,CANDIDATE,MEDIUM_TREND_DATA,TRUE,TRUE,NOT_UPDATED_NO_PROVIDER_IN_SAFE_MODE,BASIC_EVENT_CHECK,state/v18/event_cache/PONY.csv,,state/v18/cloud_earnings_event_calendar.csv,No event provider enabled in safe mode.,FALSE,2026-05-25T18:47:39
PSTG,CANDIDATE,MEDIUM_TREND_DATA,TRUE,TRUE,NOT_UPDATED_NO_PROVIDER_IN_SAFE_MODE,BASIC_EVENT_CHECK,state/v18/event_cache/PSTG.csv,,state/v18/cloud_earnings_event_calendar.csv,No event provider enabled in safe mode.,FALSE,2026-05-25T18:47:39
PWR,CANDIDATE,MEDIUM_TREND_DATA,TRUE,TRUE,NOT_UPDATED_NO_PROVIDER_IN_SAFE_MODE,BASIC_EVENT_CHECK,state/v18/event_cache/PWR.csv,,state/v18/cloud_earnings_event_calendar.csv,No event provider enabled in safe mode.,FALSE,2026-05-25T18:47:39
SANM,CANDIDATE,MEDIUM_TREND_DATA,TRUE,TRUE,NOT_UPDATED_NO_PROVIDER_IN_SAFE_MODE,BASIC_EVENT_CHECK,state/v18/event_cache/SANM.csv,,state/v18/cloud_earnings_event_calendar.csv,No event provider enabled in safe mode.,FALSE,2026-05-25T18:47:39
SMCI,CANDIDATE,MEDIUM_TREND_DATA,TRUE,TRUE,NOT_UPDATED_NO_PROVIDER_IN_SAFE_MODE,BASIC_EVENT_CHECK,state/v18/event_cache/SMCI.csv,,state/v18/cloud_earnings_event_calendar.csv,No event provider enabled in safe mode.,FALSE,2026-05-25T18:47:39
CRCL,CANDIDATE,MEDIUM_TREND_DATA,TRUE,TRUE,NOT_UPDATED_NO_PROVIDER_IN_SAFE_MODE,BASIC_EVENT_CHECK,state/v18/event_cache/CRCL.csv,,state/v18/cloud_earnings_event_calendar.csv,No event provider enabled in safe mode.,FALSE,2026-05-25T18:47:39
FIGR,CANDIDATE,MEDIUM_TREND_DATA,TRUE,TRUE,NOT_UPDATED_NO_PROVIDER_IN_SAFE_MODE,BASIC_EVENT_CHECK,state/v18/event_cache/FIGR.csv,,state/v18/cloud_earnings_event_calendar.csv,No event provider enabled in safe mode.,FALSE,2026-05-25T18:47:39
GEMI,CANDIDATE,MEDIUM_TREND_DATA,TRUE,TRUE,NOT_UPDATED_NO_PROVIDER_IN_SAFE_MODE,BASIC_EVENT_CHECK,state/v18/event_cache/GEMI.csv,,state/v18/cloud_earnings_event_calendar.csv,No event provider enabled in safe mode.,FALSE,2026-05-25T18:47:39
HUT,CANDIDATE,MEDIUM_TREND_DATA,TRUE,TRUE,NOT_UPDATED_NO_PROVIDER_IN_SAFE_MODE,BASIC_EVENT_CHECK,state/v18/event_cache/HUT.csv,,state/v18/cloud_earnings_event_calendar.csv,No event provider enabled in safe mode.,FALSE,2026-05-25T18:47:39
JBS,CANDIDATE,MEDIUM_TREND_DATA,TRUE,TRUE,NOT_UPDATED_NO_PROVIDER_IN_SAFE_MODE,BASIC_EVENT_CHECK,state/v18/event_cache/JBS.csv,,state/v18/cloud_earnings_event_calendar.csv,No event provider enabled in safe mode.,FALSE,2026-05-25T18:47:39
KLAR,CANDIDATE,MEDIUM_TREND_DATA,TRUE,TRUE,NOT_UPDATED_NO_PROVIDER_IN_SAFE_MODE,BASIC_EVENT_CHECK,state/v18/event_cache/KLAR.csv,,state/v18/cloud_earnings_event_calendar.csv,No event provider enabled in safe mode.,FALSE,2026-05-25T18:47:39
LINE,CANDIDATE,MEDIUM_TREND_DATA,TRUE,TRUE,NOT_UPDATED_NO_PROVIDER_IN_SAFE_MODE,BASIC_EVENT_CHECK,state/v18/event_cache/LINE.csv,,state/v18/cloud_earnings_event_calendar.csv,No event provider enabled in safe mode.,FALSE,2026-05-25T18:47:39
SOLS,CANDIDATE,MEDIUM_TREND_DATA,TRUE,TRUE,NOT_UPDATED_NO_PROVIDER_IN_SAFE_MODE,BASIC_EVENT_CHECK,state/v18/event_cache/SOLS.csv,,state/v18/cloud_earnings_event_calendar.csv,No event provider enabled in safe mode.,FALSE,2026-05-25T18:47:39
STUB,CANDIDATE,MEDIUM_TREND_DATA,TRUE,TRUE,NOT_UPDATED_NO_PROVIDER_IN_SAFE_MODE,BASIC_EVENT_CHECK,state/v18/event_cache/STUB.csv,,state/v18/cloud_earnings_event_calendar.csv,No event provider enabled in safe mode.,FALSE,2026-05-25T18:47:39
BLSH,CANDIDATE,MEDIUM_TREND_DATA,TRUE,TRUE,NOT_UPDATED_NO_PROVIDER_IN_SAFE_MODE,BASIC_EVENT_CHECK,state/v18/event_cache/BLSH.csv,,state/v18/cloud_earnings_event_calendar.csv,No event provider enabled in safe mode.,FALSE,2026-05-25T18:47:39
CAI,CANDIDATE,MEDIUM_TREND_DATA,TRUE,TRUE,NOT_UPDATED_NO_PROVIDER_IN_SAFE_MODE,BASIC_EVENT_CHECK,state/v18/event_cache/CAI.csv,,state/v18/cloud_earnings_event_calendar.csv,No event provider enabled in safe mode.,FALSE,2026-05-25T18:47:39
CHYM,CANDIDATE,MEDIUM_TREND_DATA,TRUE,TRUE,NOT_UPDATED_NO_PROVIDER_IN_SAFE_MODE,BASIC_EVENT_CHECK,state/v18/event_cache/CHYM.csv,,state/v18/cloud_earnings_event_calendar.csv,No event provider enabled in safe mode.,FALSE,2026-05-25T18:47:39
CNM,CANDIDATE,MEDIUM_TREND_DATA,TRUE,TRUE,NOT_UPDATED_NO_PROVIDER_IN_SAFE_MODE,BASIC_EVENT_CHECK,state/v18/event_cache/CNM.csv,,state/v18/cloud_earnings_event_calendar.csv,No event provider enabled in safe mode.,FALSE,2026-05-25T18:47:39
COF,CANDIDATE,MEDIUM_TREND_DATA,TRUE,TRUE,NOT_UPDATED_NO_PROVIDER_IN_SAFE_MODE,BASIC_EVENT_CHECK,state/v18/event_cache/COF.csv,,state/v18/cloud_earnings_event_calendar.csv,No event provider enabled in safe mode.,FALSE,2026-05-25T18:47:39
CPAY,CANDIDATE,MEDIUM_TREND_DATA,TRUE,TRUE,NOT_UPDATED_NO_PROVIDER_IN_SAFE_MODE,BASIC_EVENT_CHECK,state/v18/event_cache/CPAY.csv,,state/v18/cloud_earnings_event_calendar.csv,No event provider enabled in safe mode.,FALSE,2026-05-25T18:47:39
CPNG,CANDIDATE,MEDIUM_TREND_DATA,TRUE,TRUE,NOT_UPDATED_NO_PROVIDER_IN_SAFE_MODE,BASIC_EVENT_CHECK,state/v18/event_cache/CPNG.csv,,state/v18/cloud_earnings_event_calendar.csv,No event provider enabled in safe mode.,FALSE,2026-05-25T18:47:39
CRH,CANDIDATE,MEDIUM_TREND_DATA,TRUE,TRUE,NOT_UPDATED_NO_PROVIDER_IN_SAFE_MODE,BASIC_EVENT_CHECK,state/v18/event_cache/CRH.csv,,state/v18/cloud_earnings_event_calendar.csv,No event provider enabled in safe mode.,FALSE,2026-05-25T18:47:39
CRS,CANDIDATE,MEDIUM_TREND_DATA,TRUE,TRUE,NOT_UPDATED_NO_PROVIDER_IN_SAFE_MODE,BASIC_EVENT_CHECK,state/v18/event_cache/CRS.csv,,state/v18/cloud_earnings_event_calendar.csv,No event provider enabled in safe mode.,FALSE,2026-05-25T18:47:39
CSGP,CANDIDATE,MEDIUM_TREND_DATA,TRUE,TRUE,NOT_UPDATED_NO_PROVIDER_IN_SAFE_MODE,BASIC_EVENT_CHECK,state/v18/event_cache/CSGP.csv,,state/v18/cloud_earnings_event_calendar.csv,No event provider enabled in safe mode.,FALSE,2026-05-25T18:47:39
DAKT,CANDIDATE,MEDIUM_TREND_DATA,TRUE,TRUE,NOT_UPDATED_NO_PROVIDER_IN_SAFE_MODE,BASIC_EVENT_CHECK,state/v18/event_cache/DAKT.csv,,state/v18/cloud_earnings_event_calendar.csv,No event provider enabled in safe mode.,FALSE,2026-05-25T18:47:39
DAL,CANDIDATE,MEDIUM_TREND_DATA,TRUE,TRUE,NOT_UPDATED_NO_PROVIDER_IN_SAFE_MODE,BASIC_EVENT_CHECK,state/v18/event_cache/DAL.csv,,state/v18/cloud_earnings_event_calendar.csv,No event provider enabled in safe mode.,FALSE,2026-05-25T18:47:39
DASH,CANDIDATE,MEDIUM_TREND_DATA,TRUE,TRUE,NOT_UPDATED_NO_PROVIDER_IN_SAFE_MODE,BASIC_EVENT_CHECK,state/v18/event_cache/DASH.csv,,state/v18/cloud_earnings_event_calendar.csv,No event provider enabled in safe mode.,FALSE,2026-05-25T18:47:39
DB,CANDIDATE,MEDIUM_TREND_DATA,TRUE,TRUE,NOT_UPDATED_NO_PROVIDER_IN_SAFE_MODE,BASIC_EVENT_CHECK,state/v18/event_cache/DB.csv,,state/v18/cloud_earnings_event_calendar.csv,No event provider enabled in safe mode.,FALSE,2026-05-25T18:47:39
DIS,CANDIDATE,MEDIUM_TREND_DATA,TRUE,TRUE,NOT_UPDATED_NO_PROVIDER_IN_SAFE_MODE,BASIC_EVENT_CHECK,state/v18/event_cache/DIS.csv,,state/v18/cloud_earnings_event_calendar.csv,No event provider enabled in safe mode.,FALSE,2026-05-25T18:47:39
DOCU,CANDIDATE,MEDIUM_TREND_DATA,TRUE,TRUE,NOT_UPDATED_NO_PROVIDER_IN_SAFE_MODE,BASIC_EVENT_CHECK,state/v18/event_cache/DOCU.csv,,state/v18/cloud_earnings_event_calendar.csv,No event provider enabled in safe mode.,FALSE,2026-05-25T18:47:39
DUOL,CANDIDATE,MEDIUM_TREND_DATA,TRUE,TRUE,NOT_UPDATED_NO_PROVIDER_IN_SAFE_MODE,BASIC_EVENT_CHECK,state/v18/event_cache/DUOL.csv,,state/v18/cloud_earnings_event_calendar.csv,No event provider enabled in safe mode.,FALSE,2026-05-25T18:47:39
EEM,CANDIDATE,MEDIUM_TREND_DATA,TRUE,TRUE,NOT_UPDATED_NO_PROVIDER_IN_SAFE_MODE,BASIC_EVENT_CHECK,state/v18/event_cache/EEM.csv,,state/v18/cloud_earnings_event_calendar.csv,No event provider enabled in safe mode.,FALSE,2026-05-25T18:47:39
ENPH,CANDIDATE,MEDIUM_TREND_DATA,TRUE,TRUE,NOT_UPDATED_NO_PROVIDER_IN_SAFE_MODE,BASIC_EVENT_CHECK,state/v18/event_cache/ENPH.csv,,state/v18/cloud_earnings_event_calendar.csv,No event provider enabled in safe mode.,FALSE,2026-05-25T18:47:39
EQIX,CANDIDATE,MEDIUM_TREND_DATA,TRUE,TRUE,NOT_UPDATED_NO_PROVIDER_IN_SAFE_MODE,BASIC_EVENT_CHECK,state/v18/event_cache/EQIX.csv,,state/v18/cloud_earnings_event_calendar.csv,No event provider enabled in safe mode.,FALSE,2026-05-25T18:47:39
EQT,CANDIDATE,MEDIUM_TREND_DATA,TRUE,TRUE,NOT_UPDATED_NO_PROVIDER_IN_SAFE_MODE,BASIC_EVENT_CHECK,state/v18/event_cache/EQT.csv,,state/v18/cloud_earnings_event_calendar.csv,No event provider enabled in safe mode.,FALSE,2026-05-25T18:47:39
ET,CANDIDATE,MEDIUM_TREND_DATA,TRUE,TRUE,NOT_UPDATED_NO_PROVIDER_IN_SAFE_MODE,BASIC_EVENT_CHECK,state/v18/event_cache/ET.csv,,state/v18/cloud_earnings_event_calendar.csv,No event provider enabled in safe mode.,FALSE,2026-05-25T18:47:39
EWY,CANDIDATE,MEDIUM_TREND_DATA,TRUE,TRUE,NOT_UPDATED_NO_PROVIDER_IN_SAFE_MODE,BASIC_EVENT_CHECK,state/v18/event_cache/EWY.csv,,state/v18/cloud_earnings_event_calendar.csv,No event provider enabled in safe mode.,FALSE,2026-05-25T18:47:39
EWZ,CANDIDATE,MEDIUM_TREND_DATA,TRUE,TRUE,NOT_UPDATED_NO_PROVIDER_IN_SAFE_MODE,BASIC_EVENT_CHECK,state/v18/event_cache/EWZ.csv,,state/v18/cloud_earnings_event_calendar.csv,No event provider enabled in safe mode.,FALSE,2026-05-25T18:47:39
FLS,CANDIDATE,MEDIUM_TREND_DATA,TRUE,TRUE,NOT_UPDATED_NO_PROVIDER_IN_SAFE_MODE,BASIC_EVENT_CHECK,state/v18/event_cache/FLS.csv,,state/v18/cloud_earnings_event_calendar.csv,No event provider enabled in safe mode.,FALSE,2026-05-25T18:47:39
FLUT,CANDIDATE,MEDIUM_TREND_DATA,TRUE,TRUE,NOT_UPDATED_NO_PROVIDER_IN_SAFE_MODE,BASIC_EVENT_CHECK,state/v18/event_cache/FLUT.csv,,state/v18/cloud_earnings_event_calendar.csv,No event provider enabled in safe mode.,FALSE,2026-05-25T18:47:39
FWONK,CANDIDATE,MEDIUM_TREND_DATA,TRUE,TRUE,NOT_UPDATED_NO_PROVIDER_IN_SAFE_MODE,BASIC_EVENT_CHECK,state/v18/event_cache/FWONK.csv,,state/v18/cloud_earnings_event_calendar.csv,No event provider enabled in safe mode.,FALSE,2026-05-25T18:47:39
GEHC,CANDIDATE,MEDIUM_TREND_DATA,TRUE,TRUE,NOT_UPDATED_NO_PROVIDER_IN_SAFE_MODE,BASIC_EVENT_CHECK,state/v18/event_cache/GEHC.csv,,state/v18/cloud_earnings_event_calendar.csv,No event provider enabled in safe mode.,FALSE,2026-05-25T18:47:39
GOOG,CANDIDATE,MEDIUM_TREND_DATA,TRUE,TRUE,NOT_UPDATED_NO_PROVIDER_IN_SAFE_MODE,BASIC_EVENT_CHECK,state/v18/event_cache/GOOG.csv,,state/v18/cloud_earnings_event_calendar.csv,No event provider enabled in safe mode.,FALSE,2026-05-25T18:47:39
GRAB,CANDIDATE,MEDIUM_TREND_DATA,TRUE,TRUE,NOT_UPDATED_NO_PROVIDER_IN_SAFE_MODE,BASIC_EVENT_CHECK,state/v18/event_cache/GRAB.csv,,state/v18/cloud_earnings_event_calendar.csv,No event provider enabled in safe mode.,FALSE,2026-05-25T18:47:39
GS,CANDIDATE,MEDIUM_TREND_DATA,TRUE,TRUE,NOT_UPDATED_NO_PROVIDER_IN_SAFE_MODE,BASIC_EVENT_CHECK,state/v18/event_cache/GS.csv,,state/v18/cloud_earnings_event_calendar.csv,No event provider enabled in safe mode.,FALSE,2026-05-25T18:47:39
GSG,CANDIDATE,MEDIUM_TREND_DATA,TRUE,TRUE,NOT_UPDATED_NO_PROVIDER_IN_SAFE_MODE,BASIC_EVENT_CHECK,state/v18/event_cache/GSG.csv,,state/v18/cloud_earnings_event_calendar.csv,No event provider enabled in safe mode.,FALSE,2026-05-25T18:47:39
GT,CANDIDATE,MEDIUM_TREND_DATA,TRUE,TRUE,NOT_UPDATED_NO_PROVIDER_IN_SAFE_MODE,BASIC_EVENT_CHECK,state/v18/event_cache/GT.csv,,state/v18/cloud_earnings_event_calendar.csv,No event provider enabled in safe mode.,FALSE,2026-05-25T18:47:39
HIVE,CANDIDATE,MEDIUM_TREND_DATA,TRUE,TRUE,NOT_UPDATED_NO_PROVIDER_IN_SAFE_MODE,BASIC_EVENT_CHECK,state/v18/event_cache/HIVE.csv,,state/v18/cloud_earnings_event_calendar.csv,No event provider enabled in safe mode.,FALSE,2026-05-25T18:47:39
HLT,CANDIDATE,MEDIUM_TREND_DATA,TRUE,TRUE,NOT_UPDATED_NO_PROVIDER_IN_SAFE_MODE,BASIC_EVENT_CHECK,state/v18/event_cache/HLT.csv,,state/v18/cloud_earnings_event_calendar.csv,No event provider enabled in safe mode.,FALSE,2026-05-25T18:47:39
HUBS,CANDIDATE,MEDIUM_TREND_DATA,TRUE,TRUE,NOT_UPDATED_NO_PROVIDER_IN_SAFE_MODE,BASIC_EVENT_CHECK,state/v18/event_cache/HUBS.csv,,state/v18/cloud_earnings_event_calendar.csv,No event provider enabled in safe mode.,FALSE,2026-05-25T18:47:39
HUM,CANDIDATE,MEDIUM_TREND_DATA,TRUE,TRUE,NOT_UPDATED_NO_PROVIDER_IN_SAFE_MODE,BASIC_EVENT_CHECK,state/v18/event_cache/HUM.csv,,state/v18/cloud_earnings_event_calendar.csv,No event provider enabled in safe mode.,FALSE,2026-05-25T18:47:39
IBIT,CANDIDATE,MEDIUM_TREND_DATA,TRUE,TRUE,NOT_UPDATED_NO_PROVIDER_IN_SAFE_MODE,BASIC_EVENT_CHECK,state/v18/event_cache/IBIT.csv,,state/v18/cloud_earnings_event_calendar.csv,No event provider enabled in safe mode.,FALSE,2026-05-25T18:47:39
INFY,CANDIDATE,MEDIUM_TREND_DATA,TRUE,TRUE,NOT_UPDATED_NO_PROVIDER_IN_SAFE_MODE,BASIC_EVENT_CHECK,state/v18/event_cache/INFY.csv,,state/v18/cloud_earnings_event_calendar.csv,No event provider enabled in safe mode.,FALSE,2026-05-25T18:47:39
ISRG,CANDIDATE,MEDIUM_TREND_DATA,TRUE,TRUE,NOT_UPDATED_NO_PROVIDER_IN_SAFE_MODE,BASIC_EVENT_CHECK,state/v18/event_cache/ISRG.csv,,state/v18/cloud_earnings_event_calendar.csv,No event provider enabled in safe mode.,FALSE,2026-05-25T18:47:39
IWM,CANDIDATE,MEDIUM_TREND_DATA,TRUE,TRUE,NOT_UPDATED_NO_PROVIDER_IN_SAFE_MODE,BASIC_EVENT_CHECK,state/v18/event_cache/IWM.csv,,state/v18/cloud_earnings_event_calendar.csv,No event provider enabled in safe mode.,FALSE,2026-05-25T18:47:39
JCI,CANDIDATE,MEDIUM_TREND_DATA,TRUE,TRUE,NOT_UPDATED_NO_PROVIDER_IN_SAFE_MODE,BASIC_EVENT_CHECK,state/v18/event_cache/JCI.csv,,state/v18/cloud_earnings_event_calendar.csv,No event provider enabled in safe mode.,FALSE,2026-05-25T18:47:39
JD,CANDIDATE,MEDIUM_TREND_DATA,TRUE,TRUE,NOT_UPDATED_NO_PROVIDER_IN_SAFE_MODE,BASIC_EVENT_CHECK,state/v18/event_cache/JD.csv,,state/v18/cloud_earnings_event_calendar.csv,No event provider enabled in safe mode.,FALSE,2026-05-25T18:47:39
JHX,CANDIDATE,MEDIUM_TREND_DATA,TRUE,TRUE,NOT_UPDATED_NO_PROVIDER_IN_SAFE_MODE,BASIC_EVENT_CHECK,state/v18/event_cache/JHX.csv,,state/v18/cloud_earnings_event_calendar.csv,No event provider enabled in safe mode.,FALSE,2026-05-25T18:47:39
KKR,CANDIDATE,MEDIUM_TREND_DATA,TRUE,TRUE,NOT_UPDATED_NO_PROVIDER_IN_SAFE_MODE,BASIC_EVENT_CHECK,state/v18/event_cache/KKR.csv,,state/v18/cloud_earnings_event_calendar.csv,No event provider enabled in safe mode.,FALSE,2026-05-25T18:47:39
KNX,CANDIDATE,MEDIUM_TREND_DATA,TRUE,TRUE,NOT_UPDATED_NO_PROVIDER_IN_SAFE_MODE,BASIC_EVENT_CHECK,state/v18/event_cache/KNX.csv,,state/v18/cloud_earnings_event_calendar.csv,No event provider enabled in safe mode.,FALSE,2026-05-25T18:47:39
KRC,CANDIDATE,MEDIUM_TREND_DATA,TRUE,TRUE,NOT_UPDATED_NO_PROVIDER_IN_SAFE_MODE,BASIC_EVENT_CHECK,state/v18/event_cache/KRC.csv,,state/v18/cloud_earnings_event_calendar.csv,No event provider enabled in safe mode.,FALSE,2026-05-25T18:47:39
KVYO,CANDIDATE,MEDIUM_TREND_DATA,TRUE,TRUE,NOT_UPDATED_NO_PROVIDER_IN_SAFE_MODE,BASIC_EVENT_CHECK,state/v18/event_cache/KVYO.csv,,state/v18/cloud_earnings_event_calendar.csv,No event provider enabled in safe mode.,FALSE,2026-05-25T18:47:39
KWEB,CANDIDATE,MEDIUM_TREND_DATA,TRUE,TRUE,NOT_UPDATED_NO_PROVIDER_IN_SAFE_MODE,BASIC_EVENT_CHECK,state/v18/event_cache/KWEB.csv,,state/v18/cloud_earnings_event_calendar.csv,No event provider enabled in safe mode.,FALSE,2026-05-25T18:47:39
LBRT,CANDIDATE,MEDIUM_TREND_DATA,TRUE,TRUE,NOT_UPDATED_NO_PROVIDER_IN_SAFE_MODE,BASIC_EVENT_CHECK,state/v18/event_cache/LBRT.csv,,state/v18/cloud_earnings_event_calendar.csv,No event provider enabled in safe mode.,FALSE,2026-05-25T18:47:39
LCID,CANDIDATE,MEDIUM_TREND_DATA,TRUE,TRUE,NOT_UPDATED_NO_PROVIDER_IN_SAFE_MODE,BASIC_EVENT_CHECK,state/v18/event_cache/LCID.csv,,state/v18/cloud_earnings_event_calendar.csv,No event provider enabled in safe mode.,FALSE,2026-05-25T18:47:39
LHX,CANDIDATE,MEDIUM_TREND_DATA,TRUE,TRUE,NOT_UPDATED_NO_PROVIDER_IN_SAFE_MODE,BASIC_EVENT_CHECK,state/v18/event_cache/LHX.csv,,state/v18/cloud_earnings_event_calendar.csv,No event provider enabled in safe mode.,FALSE,2026-05-25T18:47:39
LIN,CANDIDATE,MEDIUM_TREND_DATA,TRUE,TRUE,NOT_UPDATED_NO_PROVIDER_IN_SAFE_MODE,BASIC_EVENT_CHECK,state/v18/event_cache/LIN.csv,,state/v18/cloud_earnings_event_calendar.csv,No event provider enabled in safe mode.,FALSE,2026-05-25T18:47:39
MNTN,CANDIDATE,MEDIUM_TREND_DATA,TRUE,TRUE,NOT_UPDATED_NO_PROVIDER_IN_SAFE_MODE,BASIC_EVENT_CHECK,state/v18/event_cache/MNTN.csv,,state/v18/cloud_earnings_event_calendar.csv,No event provider enabled in safe mode.,FALSE,2026-05-25T18:47:39
WOLF,CANDIDATE,MEDIUM_TREND_DATA,TRUE,TRUE,NOT_UPDATED_NO_PROVIDER_IN_SAFE_MODE,BASIC_EVENT_CHECK,state/v18/event_cache/WOLF.csv,,state/v18/cloud_earnings_event_calendar.csv,No event provider enabled in safe mode.,FALSE,2026-05-25T18:47:39
WYFI,CANDIDATE,MEDIUM_TREND_DATA,TRUE,TRUE,NOT_UPDATED_NO_PROVIDER_IN_SAFE_MODE,BASIC_EVENT_CHECK,state/v18/event_cache/WYFI.csv,,state/v18/cloud_earnings_event_calendar.csv,No event provider enabled in safe mode.,FALSE,2026-05-25T18:47:39
