signal_snapshot_id,ticker,snapshot_date,simulation_link_key,forward_tracker_link_key,best_available_match_method,best_match_confidence,matched_forward_source_path,matched_horizons,unmatched_reason,required_key_to_improve_match,recommended_resolution
V18_21B-2026-05-20-AA-A31348FB92CC,AA,2026-05-20,,,none,UNMATCHED_OR_AMBIGUOUS,,,No usable local forward outcome matched this signal row.,ticker_and_signal_date_or_signal_snapshot_id,ADD_SIGNAL_DATE_TO_FORWARD_OUTCOMES
V18_21B-2026-05-20-AAL-DBC19D4C5248,AAL,2026-05-20,,,none,UNMATCHED_OR_AMBIGUOUS,,,No usable local forward outcome matched this signal row.,ticker_and_signal_date_or_signal_snapshot_id,ADD_SIGNAL_DATE_TO_FORWARD_OUTCOMES
V18_21B-2026-05-20-AAPL-5613A530AF73,AAPL,2026-05-20,simulation|2026-05-20|AAPL,forward_tracker|2026-05-20|AAPL,ticker_only,LOW_CONFIDENCE_MATCH,D:\us-tech-quant\outputs\v18\candidates\V18_CURRENT_RANKED_CANDIDATE_FORWARD_TRACKER.csv,1D,Ticker-only forward outcome match; date/link key absent or not aligned.,signal_snapshot_id_or_forward_tracker_link_key,ALREADY_MATCHED_LOW_CONFIDENCE
V18_21B-2026-05-20-ABR-D8C2ECA2C3A3,ABR,2026-05-20,,,none,UNMATCHED_OR_AMBIGUOUS,,,No usable local forward outcome matched this signal row.,ticker_and_signal_date_or_signal_snapshot_id,ADD_SIGNAL_DATE_TO_FORWARD_OUTCOMES
V18_21B-2026-05-20-ACLS-45712EF7C798,ACLS,2026-05-20,,forward_tracker|2026-05-20|ACLS,ticker_only,LOW_CONFIDENCE_MATCH,D:\us-tech-quant\outputs\v18\candidates\V18_CURRENT_RANKED_CANDIDATE_FORWARD_TRACKER.csv,1D,Ticker-only forward outcome match; date/link key absent or not aligned.,signal_snapshot_id_or_forward_tracker_link_key,ALREADY_MATCHED_LOW_CONFIDENCE
V18_21B-2026-05-20-ACM-72785AD50410,ACM,2026-05-20,simulation|2026-05-20|ACM,forward_tracker|2026-05-20|ACM,ticker_only,LOW_CONFIDENCE_MATCH,D:\us-tech-quant\outputs\v18\candidates\V18_CURRENT_RANKED_CANDIDATE_FORWARD_TRACKER.csv,1D,Ticker-only forward outcome match; date/link key absent or not aligned.,signal_snapshot_id_or_forward_tracker_link_key,ALREADY_MATCHED_LOW_CONFIDENCE
V18_21B-2026-05-20-ACMR-D037B213F266,ACMR,2026-05-20,,forward_tracker|2026-05-20|ACMR,ticker_only,LOW_CONFIDENCE_MATCH,D:\us-tech-quant\outputs\v18\candidates\V18_CURRENT_RANKED_CANDIDATE_FORWARD_TRACKER.csv,1D,Ticker-only forward outcome match; date/link key absent or not aligned.,signal_snapshot_id_or_forward_tracker_link_key,ALREADY_MATCHED_LOW_CONFIDENCE
V18_21B-2026-05-20-ADBE-CB82AA2FAB52,ADBE,2026-05-20,,,none,UNMATCHED_OR_AMBIGUOUS,,,No usable local forward outcome matched this signal row.,ticker_and_signal_date_or_signal_snapshot_id,ADD_SIGNAL_DATE_TO_FORWARD_OUTCOMES
V18_21B-2026-05-20-ADMA-D6EC5EBD73A3,ADMA,2026-05-20,,,none,UNMATCHED_OR_AMBIGUOUS,,,No usable local forward outcome matched this signal row.,ticker_and_signal_date_or_signal_snapshot_id,ADD_SIGNAL_DATE_TO_FORWARD_OUTCOMES
V18_21B-2026-05-20-ADSK-8DF2B6E3EA27,ADSK,2026-05-20,,,none,UNMATCHED_OR_AMBIGUOUS,,,No usable local forward outcome matched this signal row.,ticker_and_signal_date_or_signal_snapshot_id,ADD_SIGNAL_DATE_TO_FORWARD_OUTCOMES
V18_21B-2026-05-20-AEHR-0734B067E793,AEHR,2026-05-20,simulation|2026-05-20|AEHR,forward_tracker|2026-05-20|AEHR,ticker_only,LOW_CONFIDENCE_MATCH,D:\us-tech-quant\outputs\v18\candidates\V18_CURRENT_RANKED_CANDIDATE_FORWARD_TRACKER.csv,1D,Ticker-only forward outcome match; date/link key absent or not aligned.,signal_snapshot_id_or_forward_tracker_link_key,ALREADY_MATCHED_LOW_CONFIDENCE
V18_21B-2026-05-20-AEIS-757436875728,AEIS,2026-05-20,,,none,UNMATCHED_OR_AMBIGUOUS,,,No usable local forward outcome matched this signal row.,ticker_and_signal_date_or_signal_snapshot_id,ADD_SIGNAL_DATE_TO_FORWARD_OUTCOMES
V18_21B-2026-05-20-AEVA-D751A6945F4F,AEVA,2026-05-20,,,none,UNMATCHED_OR_AMBIGUOUS,,,No usable local forward outcome matched this signal row.,ticker_and_signal_date_or_signal_snapshot_id,ADD_SIGNAL_DATE_TO_FORWARD_OUTCOMES
V18_21B-2026-05-20-AFRM-4C9760042FC5,AFRM,2026-05-20,,,none,UNMATCHED_OR_AMBIGUOUS,,,No usable local forward outcome matched this signal row.,ticker_and_signal_date_or_signal_snapshot_id,ADD_SIGNAL_DATE_TO_FORWARD_OUTCOMES
V18_21B-2026-05-20-AGX-3970A3E2E5F2,AGX,2026-05-20,,,none,UNMATCHED_OR_AMBIGUOUS,,,No usable local forward outcome matched this signal row.,ticker_and_signal_date_or_signal_snapshot_id,ADD_SIGNAL_DATE_TO_FORWARD_OUTCOMES
V18_21B-2026-05-20-ALAB-D169EFF0EBDB,ALAB,2026-05-20,,forward_tracker|2026-05-20|ALAB,ticker_only,LOW_CONFIDENCE_MATCH,D:\us-tech-quant\outputs\v18\candidates\V18_CURRENT_RANKED_CANDIDATE_FORWARD_TRACKER.csv,1D,Ticker-only forward outcome match; date/link key absent or not aligned.,signal_snapshot_id_or_forward_tracker_link_key,ALREADY_MATCHED_LOW_CONFIDENCE
V18_21B-2026-05-20-ALM-0183CE7D3202,ALM,2026-05-20,,,none,UNMATCHED_OR_AMBIGUOUS,,,No usable local forward outcome matched this signal row.,ticker_and_signal_date_or_signal_snapshot_id,ADD_SIGNAL_DATE_TO_FORWARD_OUTCOMES
V18_21B-2026-05-20-AMAT-09675EEC2458,AMAT,2026-05-20,,forward_tracker|2026-05-20|AMAT,ticker_only,LOW_CONFIDENCE_MATCH,D:\us-tech-quant\outputs\v18\candidates\V18_CURRENT_RANKED_CANDIDATE_FORWARD_TRACKER.csv,1D,Ticker-only forward outcome match; date/link key absent or not aligned.,signal_snapshot_id_or_forward_tracker_link_key,ALREADY_MATCHED_LOW_CONFIDENCE
V18_21B-2026-05-20-AMC-0B3358A7744F,AMC,2026-05-20,,,none,UNMATCHED_OR_AMBIGUOUS,,,No usable local forward outcome matched this signal row.,ticker_and_signal_date_or_signal_snapshot_id,ADD_SIGNAL_DATE_TO_FORWARD_OUTCOMES
V18_21B-2026-05-20-AMD-1DAEBC9A2E24,AMD,2026-05-20,,forward_tracker|2026-05-20|AMD,ticker_only,LOW_CONFIDENCE_MATCH,D:\us-tech-quant\outputs\v18\candidates\V18_CURRENT_RANKED_CANDIDATE_FORWARD_TRACKER.csv,1D,Ticker-only forward outcome match; date/link key absent or not aligned.,signal_snapshot_id_or_forward_tracker_link_key,ALREADY_MATCHED_LOW_CONFIDENCE
V18_21B-2026-05-20-AMKR-7B6DCD487014,AMKR,2026-05-20,simulation|2026-05-20|AMKR,forward_tracker|2026-05-20|AMKR,ticker_only,LOW_CONFIDENCE_MATCH,D:\us-tech-quant\outputs\v18\candidates\V18_CURRENT_RANKED_CANDIDATE_FORWARD_TRACKER.csv,1D,Ticker-only forward outcome match; date/link key absent or not aligned.,signal_snapshot_id_or_forward_tracker_link_key,ALREADY_MATCHED_LOW_CONFIDENCE
V18_21B-2026-05-20-AMZN-0F2A17E8FF4F,AMZN,2026-05-20,,forward_tracker|2026-05-20|AMZN,ticker_only,LOW_CONFIDENCE_MATCH,D:\us-tech-quant\outputs\v18\candidates\V18_CURRENT_RANKED_CANDIDATE_FORWARD_TRACKER.csv,1D,Ticker-only forward outcome match; date/link key absent or not aligned.,signal_snapshot_id_or_forward_tracker_link_key,ALREADY_MATCHED_LOW_CONFIDENCE
V18_21B-2026-05-20-ANET-90E719EDBE91,ANET,2026-05-20,simulation|2026-05-20|ANET,forward_tracker|2026-05-20|ANET,ticker_only,LOW_CONFIDENCE_MATCH,D:\us-tech-quant\outputs\v18\candidates\V18_CURRENT_RANKED_CANDIDATE_FORWARD_TRACKER.csv,1D,Ticker-only forward outcome match; date/link key absent or not aligned.,signal_snapshot_id_or_forward_tracker_link_key,ALREADY_MATCHED_LOW_CONFIDENCE
V18_21B-2026-05-20-APG-9742BE4F951F,APG,2026-05-20,,,none,UNMATCHED_OR_AMBIGUOUS,,,No usable local forward outcome matched this signal row.,ticker_and_signal_date_or_signal_snapshot_id,ADD_SIGNAL_DATE_TO_FORWARD_OUTCOMES
V18_21B-2026-05-20-APH-76EE8B86E458,APH,2026-05-20,simulation|2026-05-20|APH,forward_tracker|2026-05-20|APH,ticker_only,LOW_CONFIDENCE_MATCH,D:\us-tech-quant\outputs\v18\candidates\V18_CURRENT_RANKED_CANDIDATE_FORWARD_TRACKER.csv,1D,Ticker-only forward outcome match; date/link key absent or not aligned.,signal_snapshot_id_or_forward_tracker_link_key,ALREADY_MATCHED_LOW_CONFIDENCE
V18_21B-2026-05-20-APLD-D87323848D7E,APLD,2026-05-20,,,none,UNMATCHED_OR_AMBIGUOUS,,,No usable local forward outcome matched this signal row.,ticker_and_signal_date_or_signal_snapshot_id,ADD_SIGNAL_DATE_TO_FORWARD_OUTCOMES
V18_21B-2026-05-20-APO-F6665EDD3EC8,APO,2026-05-20,,,none,UNMATCHED_OR_AMBIGUOUS,,,No usable local forward outcome matched this signal row.,ticker_and_signal_date_or_signal_snapshot_id,ADD_SIGNAL_DATE_TO_FORWARD_OUTCOMES
V18_21B-2026-05-20-APP-C768F264BD2E,APP,2026-05-20,,,none,UNMATCHED_OR_AMBIGUOUS,,,No usable local forward outcome matched this signal row.,ticker_and_signal_date_or_signal_snapshot_id,ADD_SIGNAL_DATE_TO_FORWARD_OUTCOMES
V18_21B-2026-05-20-ARGT-2E13A5835A0C,ARGT,2026-05-20,,,none,UNMATCHED_OR_AMBIGUOUS,,,No usable local forward outcome matched this signal row.,ticker_and_signal_date_or_signal_snapshot_id,ADD_SIGNAL_DATE_TO_FORWARD_OUTCOMES
V18_21B-2026-05-20-ARM-5AA1A6CDD7D8,ARM,2026-05-20,,forward_tracker|2026-05-20|ARM,ticker_only,LOW_CONFIDENCE_MATCH,D:\us-tech-quant\outputs\v18\candidates\V18_CURRENT_RANKED_CANDIDATE_FORWARD_TRACKER.csv,1D,Ticker-only forward outcome match; date/link key absent or not aligned.,signal_snapshot_id_or_forward_tracker_link_key,ALREADY_MATCHED_LOW_CONFIDENCE
V18_21B-2026-05-20-ASML-8114217A271C,ASML,2026-05-20,,forward_tracker|2026-05-20|ASML,ticker_only,LOW_CONFIDENCE_MATCH,D:\us-tech-quant\outputs\v18\candidates\V18_CURRENT_RANKED_CANDIDATE_FORWARD_TRACKER.csv,1D,Ticker-only forward outcome match; date/link key absent or not aligned.,signal_snapshot_id_or_forward_tracker_link_key,ALREADY_MATCHED_LOW_CONFIDENCE
V18_21B-2026-05-20-AVGO-CA04A2376CCA,AVGO,2026-05-20,simulation|2026-05-20|AVGO,forward_tracker|2026-05-20|AVGO,ticker_only,LOW_CONFIDENCE_MATCH,D:\us-tech-quant\outputs\v18\candidates\V18_CURRENT_RANKED_CANDIDATE_FORWARD_TRACKER.csv,1D,Ticker-only forward outcome match; date/link key absent or not aligned.,signal_snapshot_id_or_forward_tracker_link_key,ALREADY_MATCHED_LOW_CONFIDENCE
V18_21B-2026-05-20-AXON-619197D5A009,AXON,2026-05-20,,,none,UNMATCHED_OR_AMBIGUOUS,,,No usable local forward outcome matched this signal row.,ticker_and_signal_date_or_signal_snapshot_id,ADD_SIGNAL_DATE_TO_FORWARD_OUTCOMES
V18_21B-2026-05-20-BABA-C5C5E084C848,BABA,2026-05-20,,,none,UNMATCHED_OR_AMBIGUOUS,,,No usable local forward outcome matched this signal row.,ticker_and_signal_date_or_signal_snapshot_id,ADD_SIGNAL_DATE_TO_FORWARD_OUTCOMES
V18_21B-2026-05-20-BAC-0E105AD89329,BAC,2026-05-20,,,none,UNMATCHED_OR_AMBIGUOUS,,,No usable local forward outcome matched this signal row.,ticker_and_signal_date_or_signal_snapshot_id,ADD_SIGNAL_DATE_TO_FORWARD_OUTCOMES
V18_21B-2026-05-20-BALL-3A27B3EAD26A,BALL,2026-05-20,,,none,UNMATCHED_OR_AMBIGUOUS,,,No usable local forward outcome matched this signal row.,ticker_and_signal_date_or_signal_snapshot_id,ADD_SIGNAL_DATE_TO_FORWARD_OUTCOMES
V18_21B-2026-05-20-BE-216747B2B64F,BE,2026-05-20,,forward_tracker|2026-05-20|BE,ticker_only,LOW_CONFIDENCE_MATCH,D:\us-tech-quant\outputs\v18\candidates\V18_CURRENT_RANKED_CANDIDATE_FORWARD_TRACKER.csv,1D,Ticker-only forward outcome match; date/link key absent or not aligned.,signal_snapshot_id_or_forward_tracker_link_key,ALREADY_MATCHED_LOW_CONFIDENCE
V18_21B-2026-05-20-BIDU-60CFAD7B34DE,BIDU,2026-05-20,,,none,UNMATCHED_OR_AMBIGUOUS,,,No usable local forward outcome matched this signal row.,ticker_and_signal_date_or_signal_snapshot_id,ADD_SIGNAL_DATE_TO_FORWARD_OUTCOMES
V18_21B-2026-05-20-BITF-57CB7BB5B8EE,BITF,2026-05-20,,,none,UNMATCHED_OR_AMBIGUOUS,,,No usable local forward outcome matched this signal row.,ticker_and_signal_date_or_signal_snapshot_id,ADD_SIGNAL_DATE_TO_FORWARD_OUTCOMES
V18_21B-2026-05-20-BKNG-4F4C7627E72B,BKNG,2026-05-20,,,none,UNMATCHED_OR_AMBIGUOUS,,,No usable local forward outcome matched this signal row.,ticker_and_signal_date_or_signal_snapshot_id,ADD_SIGNAL_DATE_TO_FORWARD_OUTCOMES
V18_21B-2026-05-20-BLSH-3C542A12A165,BLSH,2026-05-20,,,none,UNMATCHED_OR_AMBIGUOUS,,,No usable local forward outcome matched this signal row.,ticker_and_signal_date_or_signal_snapshot_id,ADD_SIGNAL_DATE_TO_FORWARD_OUTCOMES
V18_21B-2026-05-20-BLTE-3A4900237416,BLTE,2026-05-20,,,none,UNMATCHED_OR_AMBIGUOUS,,,No usable local forward outcome matched this signal row.,ticker_and_signal_date_or_signal_snapshot_id,ADD_SIGNAL_DATE_TO_FORWARD_OUTCOMES
V18_21B-2026-05-20-BN-769A91B58BF3,BN,2026-05-20,,,none,UNMATCHED_OR_AMBIGUOUS,,,No usable local forward outcome matched this signal row.,ticker_and_signal_date_or_signal_snapshot_id,ADD_SIGNAL_DATE_TO_FORWARD_OUTCOMES
V18_21B-2026-05-20-BSX-40930E7D61F4,BSX,2026-05-20,,,none,UNMATCHED_OR_AMBIGUOUS,,,No usable local forward outcome matched this signal row.,ticker_and_signal_date_or_signal_snapshot_id,ADD_SIGNAL_DATE_TO_FORWARD_OUTCOMES
V18_21B-2026-05-20-BTDR-190250B62F65,BTDR,2026-05-20,,forward_tracker|2026-05-20|BTDR,ticker_only,LOW_CONFIDENCE_MATCH,D:\us-tech-quant\outputs\v18\candidates\V18_CURRENT_RANKED_CANDIDATE_FORWARD_TRACKER.csv,1D,Ticker-only forward outcome match; date/link key absent or not aligned.,signal_snapshot_id_or_forward_tracker_link_key,ALREADY_MATCHED_LOW_CONFIDENCE
V18_21B-2026-05-20-BW-D6CB68EB9AFD,BW,2026-05-20,,,none,UNMATCHED_OR_AMBIGUOUS,,,No usable local forward outcome matched this signal row.,ticker_and_signal_date_or_signal_snapshot_id,ADD_SIGNAL_DATE_TO_FORWARD_OUTCOMES
V18_21B-2026-05-20-BYND-467E92368F6E,BYND,2026-05-20,,,none,UNMATCHED_OR_AMBIGUOUS,,,No usable local forward outcome matched this signal row.,ticker_and_signal_date_or_signal_snapshot_id,ADD_SIGNAL_DATE_TO_FORWARD_OUTCOMES
V18_21B-2026-05-20-CAI-032C61F7C1BC,CAI,2026-05-20,,,none,UNMATCHED_OR_AMBIGUOUS,,,No usable local forward outcome matched this signal row.,ticker_and_signal_date_or_signal_snapshot_id,ADD_SIGNAL_DATE_TO_FORWARD_OUTCOMES
V18_21B-2026-05-20-CAMT-371D42EFA519,CAMT,2026-05-20,simulation|2026-05-20|CAMT,forward_tracker|2026-05-20|CAMT,ticker_only,LOW_CONFIDENCE_MATCH,D:\us-tech-quant\outputs\v18\candidates\V18_CURRENT_RANKED_CANDIDATE_FORWARD_TRACKER.csv,1D,Ticker-only forward outcome match; date/link key absent or not aligned.,signal_snapshot_id_or_forward_tracker_link_key,ALREADY_MATCHED_LOW_CONFIDENCE
V18_21B-2026-05-20-CARR-A9653B47AFB5,CARR,2026-05-20,,forward_tracker|2026-05-20|CARR,ticker_only,LOW_CONFIDENCE_MATCH,D:\us-tech-quant\outputs\v18\candidates\V18_CURRENT_RANKED_CANDIDATE_FORWARD_TRACKER.csv,1D,Ticker-only forward outcome match; date/link key absent or not aligned.,signal_snapshot_id_or_forward_tracker_link_key,ALREADY_MATCHED_LOW_CONFIDENCE
V18_21B-2026-05-20-CART-2D1AD375959C,CART,2026-05-20,,,none,UNMATCHED_OR_AMBIGUOUS,,,No usable local forward outcome matched this signal row.,ticker_and_signal_date_or_signal_snapshot_id,ADD_SIGNAL_DATE_TO_FORWARD_OUTCOMES
V18_21B-2026-05-20-CDNS-469BD41F4CDD,CDNS,2026-05-20,,,none,UNMATCHED_OR_AMBIGUOUS,,,No usable local forward outcome matched this signal row.,ticker_and_signal_date_or_signal_snapshot_id,ADD_SIGNAL_DATE_TO_FORWARD_OUTCOMES
V18_21B-2026-05-20-CDTX-B94D104C09FB,CDTX,2026-05-20,,,none,UNMATCHED_OR_AMBIGUOUS,,,No usable local forward outcome matched this signal row.,ticker_and_signal_date_or_signal_snapshot_id,ADD_SIGNAL_DATE_TO_FORWARD_OUTCOMES
V18_21B-2026-05-20-CEG-FEB3E6E8D4C3,CEG,2026-05-20,simulation|2026-05-20|CEG,forward_tracker|2026-05-20|CEG,ticker_only,LOW_CONFIDENCE_MATCH,D:\us-tech-quant\outputs\v18\candidates\V18_CURRENT_RANKED_CANDIDATE_FORWARD_TRACKER.csv,1D,Ticker-only forward outcome match; date/link key absent or not aligned.,signal_snapshot_id_or_forward_tracker_link_key,ALREADY_MATCHED_LOW_CONFIDENCE
V18_21B-2026-05-20-CFLT-4C682448874B,CFLT,2026-05-20,,,none,UNMATCHED_OR_AMBIGUOUS,,,No usable local forward outcome matched this signal row.,ticker_and_signal_date_or_signal_snapshot_id,ADD_SIGNAL_DATE_TO_FORWARD_OUTCOMES
V18_21B-2026-05-20-CHPT-E4FA4721B087,CHPT,2026-05-20,,,none,UNMATCHED_OR_AMBIGUOUS,,,No usable local forward outcome matched this signal row.,ticker_and_signal_date_or_signal_snapshot_id,ADD_SIGNAL_DATE_TO_FORWARD_OUTCOMES
V18_21B-2026-05-20-CHRW-851193C265FF,CHRW,2026-05-20,,,none,UNMATCHED_OR_AMBIGUOUS,,,No usable local forward outcome matched this signal row.,ticker_and_signal_date_or_signal_snapshot_id,ADD_SIGNAL_DATE_TO_FORWARD_OUTCOMES
V18_21B-2026-05-20-CHYM-6691A6F0BC6E,CHYM,2026-05-20,,,none,UNMATCHED_OR_AMBIGUOUS,,,No usable local forward outcome matched this signal row.,ticker_and_signal_date_or_signal_snapshot_id,ADD_SIGNAL_DATE_TO_FORWARD_OUTCOMES
V18_21B-2026-05-20-CIEN-3040C7BA0445,CIEN,2026-05-20,,,none,UNMATCHED_OR_AMBIGUOUS,,,No usable local forward outcome matched this signal row.,ticker_and_signal_date_or_signal_snapshot_id,ADD_SIGNAL_DATE_TO_FORWARD_OUTCOMES
V18_21B-2026-05-20-CIFR-D75FBB021A8F,CIFR,2026-05-20,,,none,UNMATCHED_OR_AMBIGUOUS,,,No usable local forward outcome matched this signal row.,ticker_and_signal_date_or_signal_snapshot_id,ADD_SIGNAL_DATE_TO_FORWARD_OUTCOMES
V18_21B-2026-05-20-CLF-EEFB27FB9FCA,CLF,2026-05-20,,,none,UNMATCHED_OR_AMBIGUOUS,,,No usable local forward outcome matched this signal row.,ticker_and_signal_date_or_signal_snapshot_id,ADD_SIGNAL_DATE_TO_FORWARD_OUTCOMES
V18_21B-2026-05-20-CLH-5437B070D1AD,CLH,2026-05-20,,,none,UNMATCHED_OR_AMBIGUOUS,,,No usable local forward outcome matched this signal row.,ticker_and_signal_date_or_signal_snapshot_id,ADD_SIGNAL_DATE_TO_FORWARD_OUTCOMES
V18_21B-2026-05-20-CLS-E64ACBCE649E,CLS,2026-05-20,,,none,UNMATCHED_OR_AMBIGUOUS,,,No usable local forward outcome matched this signal row.,ticker_and_signal_date_or_signal_snapshot_id,ADD_SIGNAL_DATE_TO_FORWARD_OUTCOMES
V18_21B-2026-05-20-CLSK-274B527CBFD2,CLSK,2026-05-20,,,none,UNMATCHED_OR_AMBIGUOUS,,,No usable local forward outcome matched this signal row.,ticker_and_signal_date_or_signal_snapshot_id,ADD_SIGNAL_DATE_TO_FORWARD_OUTCOMES
V18_21B-2026-05-20-CMG-66AB95ED72E7,CMG,2026-05-20,,,none,UNMATCHED_OR_AMBIGUOUS,,,No usable local forward outcome matched this signal row.,ticker_and_signal_date_or_signal_snapshot_id,ADD_SIGNAL_DATE_TO_FORWARD_OUTCOMES
V18_21B-2026-05-20-CNM-B692729F5C30,CNM,2026-05-20,,,none,UNMATCHED_OR_AMBIGUOUS,,,No usable local forward outcome matched this signal row.,ticker_and_signal_date_or_signal_snapshot_id,ADD_SIGNAL_DATE_TO_FORWARD_OUTCOMES
V18_21B-2026-05-20-COF-B0084DAD3C97,COF,2026-05-20,,,none,UNMATCHED_OR_AMBIGUOUS,,,No usable local forward outcome matched this signal row.,ticker_and_signal_date_or_signal_snapshot_id,ADD_SIGNAL_DATE_TO_FORWARD_OUTCOMES
V18_21B-2026-05-20-COG-4EB07F886567,COG,2026-05-20,,,none,UNMATCHED_OR_AMBIGUOUS,,,No usable local forward outcome matched this signal row.,ticker_and_signal_date_or_signal_snapshot_id,ADD_SIGNAL_DATE_TO_FORWARD_OUTCOMES
V18_21B-2026-05-20-COGT-27D0B729F4EF,COGT,2026-05-20,,,none,UNMATCHED_OR_AMBIGUOUS,,,No usable local forward outcome matched this signal row.,ticker_and_signal_date_or_signal_snapshot_id,ADD_SIGNAL_DATE_TO_FORWARD_OUTCOMES
V18_21B-2026-05-20-COHR-0FC5B461D5EF,COHR,2026-05-20,,,none,UNMATCHED_OR_AMBIGUOUS,,,No usable local forward outcome matched this signal row.,ticker_and_signal_date_or_signal_snapshot_id,ADD_SIGNAL_DATE_TO_FORWARD_OUTCOMES
V18_21B-2026-05-20-COHU-4021176BB824,COHU,2026-05-20,,,none,UNMATCHED_OR_AMBIGUOUS,,,No usable local forward outcome matched this signal row.,ticker_and_signal_date_or_signal_snapshot_id,ADD_SIGNAL_DATE_TO_FORWARD_OUTCOMES
V18_21B-2026-05-20-CORZ-5406C7C79BE6,CORZ,2026-05-20,,,none,UNMATCHED_OR_AMBIGUOUS,,,No usable local forward outcome matched this signal row.,ticker_and_signal_date_or_signal_snapshot_id,ADD_SIGNAL_DATE_TO_FORWARD_OUTCOMES
V18_21B-2026-05-20-CPAY-EAD725AAA38E,CPAY,2026-05-20,,,none,UNMATCHED_OR_AMBIGUOUS,,,No usable local forward outcome matched this signal row.,ticker_and_signal_date_or_signal_snapshot_id,ADD_SIGNAL_DATE_TO_FORWARD_OUTCOMES
V18_21B-2026-05-20-CPNG-BE65BAE5318F,CPNG,2026-05-20,,,none,UNMATCHED_OR_AMBIGUOUS,,,No usable local forward outcome matched this signal row.,ticker_and_signal_date_or_signal_snapshot_id,ADD_SIGNAL_DATE_TO_FORWARD_OUTCOMES
V18_21B-2026-05-20-CRCL-7A5D937A90D5,CRCL,2026-05-20,,,none,UNMATCHED_OR_AMBIGUOUS,,,No usable local forward outcome matched this signal row.,ticker_and_signal_date_or_signal_snapshot_id,ADD_SIGNAL_DATE_TO_FORWARD_OUTCOMES
V18_21B-2026-05-20-CRDO-90622F171966,CRDO,2026-05-20,simulation|2026-05-20|CRDO,,none,UNMATCHED_OR_AMBIGUOUS,,,No usable local forward outcome matched this signal row.,ticker_and_signal_date_or_signal_snapshot_id,ADD_SIGNAL_DATE_TO_FORWARD_OUTCOMES
V18_21B-2026-05-20-CRH-7890046E78C6,CRH,2026-05-20,,,none,UNMATCHED_OR_AMBIGUOUS,,,No usable local forward outcome matched this signal row.,ticker_and_signal_date_or_signal_snapshot_id,ADD_SIGNAL_DATE_TO_FORWARD_OUTCOMES
V18_21B-2026-05-20-CRM-4B6A8A9822DB,CRM,2026-05-20,simulation|2026-05-20|CRM,,none,UNMATCHED_OR_AMBIGUOUS,,,No usable local forward outcome matched this signal row.,ticker_and_signal_date_or_signal_snapshot_id,ADD_SIGNAL_DATE_TO_FORWARD_OUTCOMES
V18_21B-2026-05-20-CRS-9E8411A2D7B5,CRS,2026-05-20,,,none,UNMATCHED_OR_AMBIGUOUS,,,No usable local forward outcome matched this signal row.,ticker_and_signal_date_or_signal_snapshot_id,ADD_SIGNAL_DATE_TO_FORWARD_OUTCOMES
V18_21B-2026-05-20-CRWD-217E2A06257A,CRWD,2026-05-20,simulation|2026-05-20|CRWD,,none,UNMATCHED_OR_AMBIGUOUS,,,No usable local forward outcome matched this signal row.,ticker_and_signal_date_or_signal_snapshot_id,ADD_SIGNAL_DATE_TO_FORWARD_OUTCOMES
V18_21B-2026-05-20-CRWV-F83F6F4BDF71,CRWV,2026-05-20,simulation|2026-05-20|CRWV,,none,UNMATCHED_OR_AMBIGUOUS,,,No usable local forward outcome matched this signal row.,ticker_and_signal_date_or_signal_snapshot_id,ADD_SIGNAL_DATE_TO_FORWARD_OUTCOMES
V18_21B-2026-05-20-CSCO-20A34533A3CF,CSCO,2026-05-20,simulation|2026-05-20|CSCO,,none,UNMATCHED_OR_AMBIGUOUS,,,No usable local forward outcome matched this signal row.,ticker_and_signal_date_or_signal_snapshot_id,ADD_SIGNAL_DATE_TO_FORWARD_OUTCOMES
V18_21B-2026-05-20-CSGP-63C03BF03D3D,CSGP,2026-05-20,,,none,UNMATCHED_OR_AMBIGUOUS,,,No usable local forward outcome matched this signal row.,ticker_and_signal_date_or_signal_snapshot_id,ADD_SIGNAL_DATE_TO_FORWARD_OUTCOMES
V18_21B-2026-05-20-CVNA-D41B603B553F,CVNA,2026-05-20,,,none,UNMATCHED_OR_AMBIGUOUS,,,No usable local forward outcome matched this signal row.,ticker_and_signal_date_or_signal_snapshot_id,ADD_SIGNAL_DATE_TO_FORWARD_OUTCOMES
V18_21B-2026-05-20-D-8FA06CFDC51A,D,2026-05-20,simulation|2026-05-20|D,,none,UNMATCHED_OR_AMBIGUOUS,,,No usable local forward outcome matched this signal row.,ticker_and_signal_date_or_signal_snapshot_id,ADD_SIGNAL_DATE_TO_FORWARD_OUTCOMES
V18_21B-2026-05-20-DAKT-7B017EC411F6,DAKT,2026-05-20,,,none,UNMATCHED_OR_AMBIGUOUS,,,No usable local forward outcome matched this signal row.,ticker_and_signal_date_or_signal_snapshot_id,ADD_SIGNAL_DATE_TO_FORWARD_OUTCOMES
V18_21B-2026-05-20-DAL-256C6763B8D0,DAL,2026-05-20,,,none,UNMATCHED_OR_AMBIGUOUS,,,No usable local forward outcome matched this signal row.,ticker_and_signal_date_or_signal_snapshot_id,ADD_SIGNAL_DATE_TO_FORWARD_OUTCOMES
V18_21B-2026-05-20-DASH-DA2076EE28B8,DASH,2026-05-20,,,none,UNMATCHED_OR_AMBIGUOUS,,,No usable local forward outcome matched this signal row.,ticker_and_signal_date_or_signal_snapshot_id,ADD_SIGNAL_DATE_TO_FORWARD_OUTCOMES
V18_21B-2026-05-20-DB-98E909E40B65,DB,2026-05-20,,,none,UNMATCHED_OR_AMBIGUOUS,,,No usable local forward outcome matched this signal row.,ticker_and_signal_date_or_signal_snapshot_id,ADD_SIGNAL_DATE_TO_FORWARD_OUTCOMES
V18_21B-2026-05-20-DBVT-841DB34D7555,DBVT,2026-05-20,,,none,UNMATCHED_OR_AMBIGUOUS,,,No usable local forward outcome matched this signal row.,ticker_and_signal_date_or_signal_snapshot_id,ADD_SIGNAL_DATE_TO_FORWARD_OUTCOMES
V18_21B-2026-05-20-DDOG-EF40B882B19B,DDOG,2026-05-20,simulation|2026-05-20|DDOG,,none,UNMATCHED_OR_AMBIGUOUS,,,No usable local forward outcome matched this signal row.,ticker_and_signal_date_or_signal_snapshot_id,ADD_SIGNAL_DATE_TO_FORWARD_OUTCOMES
V18_21B-2026-05-20-DELL-84BFBA965B99,DELL,2026-05-20,,,none,UNMATCHED_OR_AMBIGUOUS,,,No usable local forward outcome matched this signal row.,ticker_and_signal_date_or_signal_snapshot_id,ADD_SIGNAL_DATE_TO_FORWARD_OUTCOMES
V18_21B-2026-05-20-DIS-E5AEA445E442,DIS,2026-05-20,,,none,UNMATCHED_OR_AMBIGUOUS,,,No usable local forward outcome matched this signal row.,ticker_and_signal_date_or_signal_snapshot_id,ADD_SIGNAL_DATE_TO_FORWARD_OUTCOMES
V18_21B-2026-05-20-DOCU-76640BE530A4,DOCU,2026-05-20,,,none,UNMATCHED_OR_AMBIGUOUS,,,No usable local forward outcome matched this signal row.,ticker_and_signal_date_or_signal_snapshot_id,ADD_SIGNAL_DATE_TO_FORWARD_OUTCOMES
V18_21B-2026-05-20-DUOL-4DBBE9C3BBDA,DUOL,2026-05-20,,,none,UNMATCHED_OR_AMBIGUOUS,,,No usable local forward outcome matched this signal row.,ticker_and_signal_date_or_signal_snapshot_id,ADD_SIGNAL_DATE_TO_FORWARD_OUTCOMES
V18_21B-2026-05-20-ECL-1B3F68EE3576,ECL,2026-05-20,simulation|2026-05-20|ECL,,none,UNMATCHED_OR_AMBIGUOUS,,,No usable local forward outcome matched this signal row.,ticker_and_signal_date_or_signal_snapshot_id,ADD_SIGNAL_DATE_TO_FORWARD_OUTCOMES
V18_21B-2026-05-20-EEM-995F96223AF3,EEM,2026-05-20,,,none,UNMATCHED_OR_AMBIGUOUS,,,No usable local forward outcome matched this signal row.,ticker_and_signal_date_or_signal_snapshot_id,ADD_SIGNAL_DATE_TO_FORWARD_OUTCOMES
V18_21B-2026-05-20-ENPH-C87029C190AA,ENPH,2026-05-20,,,none,UNMATCHED_OR_AMBIGUOUS,,,No usable local forward outcome matched this signal row.,ticker_and_signal_date_or_signal_snapshot_id,ADD_SIGNAL_DATE_TO_FORWARD_OUTCOMES
V18_21B-2026-05-20-ENTG-D0C150DB5398,ENTG,2026-05-20,simulation|2026-05-20|ENTG,,none,UNMATCHED_OR_AMBIGUOUS,,,No usable local forward outcome matched this signal row.,ticker_and_signal_date_or_signal_snapshot_id,ADD_SIGNAL_DATE_TO_FORWARD_OUTCOMES
V18_21B-2026-05-20-EQIX-32B573F7EC76,EQIX,2026-05-20,,,none,UNMATCHED_OR_AMBIGUOUS,,,No usable local forward outcome matched this signal row.,ticker_and_signal_date_or_signal_snapshot_id,ADD_SIGNAL_DATE_TO_FORWARD_OUTCOMES
V18_21B-2026-05-20-EQT-8AD583A259ED,EQT,2026-05-20,,,none,UNMATCHED_OR_AMBIGUOUS,,,No usable local forward outcome matched this signal row.,ticker_and_signal_date_or_signal_snapshot_id,ADD_SIGNAL_DATE_TO_FORWARD_OUTCOMES
V18_21B-2026-05-20-ET-FA7CDA33B163,ET,2026-05-20,,,none,UNMATCHED_OR_AMBIGUOUS,,,No usable local forward outcome matched this signal row.,ticker_and_signal_date_or_signal_snapshot_id,ADD_SIGNAL_DATE_TO_FORWARD_OUTCOMES
V18_21B-2026-05-20-ETN-432B86624181,ETN,2026-05-20,simulation|2026-05-20|ETN,,none,UNMATCHED_OR_AMBIGUOUS,,,No usable local forward outcome matched this signal row.,ticker_and_signal_date_or_signal_snapshot_id,ADD_SIGNAL_DATE_TO_FORWARD_OUTCOMES
V18_21B-2026-05-20-ETR-4B39A8BD89AF,ETR,2026-05-20,simulation|2026-05-20|ETR,,none,UNMATCHED_OR_AMBIGUOUS,,,No usable local forward outcome matched this signal row.,ticker_and_signal_date_or_signal_snapshot_id,ADD_SIGNAL_DATE_TO_FORWARD_OUTCOMES
V18_21B-2026-05-20-EWY-3E59EB66DB5B,EWY,2026-05-20,,,none,UNMATCHED_OR_AMBIGUOUS,,,No usable local forward outcome matched this signal row.,ticker_and_signal_date_or_signal_snapshot_id,ADD_SIGNAL_DATE_TO_FORWARD_OUTCOMES
V18_21B-2026-05-20-EWZ-D3EE9B607842,EWZ,2026-05-20,,,none,UNMATCHED_OR_AMBIGUOUS,,,No usable local forward outcome matched this signal row.,ticker_and_signal_date_or_signal_snapshot_id,ADD_SIGNAL_DATE_TO_FORWARD_OUTCOMES
V18_21B-2026-05-20-FCNCA-7E1A9C5A155C,FCNCA,2026-05-20,,,none,UNMATCHED_OR_AMBIGUOUS,,,No usable local forward outcome matched this signal row.,ticker_and_signal_date_or_signal_snapshot_id,ADD_SIGNAL_DATE_TO_FORWARD_OUTCOMES
V18_21B-2026-05-20-FIGR-06DF2FFFDE5D,FIGR,2026-05-20,,,none,UNMATCHED_OR_AMBIGUOUS,,,No usable local forward outcome matched this signal row.,ticker_and_signal_date_or_signal_snapshot_id,ADD_SIGNAL_DATE_TO_FORWARD_OUTCOMES
V18_21B-2026-05-20-FIX-88FD8DE27190,FIX,2026-05-20,,,none,UNMATCHED_OR_AMBIGUOUS,,,No usable local forward outcome matched this signal row.,ticker_and_signal_date_or_signal_snapshot_id,ADD_SIGNAL_DATE_TO_FORWARD_OUTCOMES
V18_21B-2026-05-20-FLEX-1900553CC0EA,FLEX,2026-05-20,simulation|2026-05-20|FLEX,,none,UNMATCHED_OR_AMBIGUOUS,,,No usable local forward outcome matched this signal row.,ticker_and_signal_date_or_signal_snapshot_id,ADD_SIGNAL_DATE_TO_FORWARD_OUTCOMES
V18_21B-2026-05-20-FLR-12C957FD2E47,FLR,2026-05-20,simulation|2026-05-20|FLR,,none,UNMATCHED_OR_AMBIGUOUS,,,No usable local forward outcome matched this signal row.,ticker_and_signal_date_or_signal_snapshot_id,ADD_SIGNAL_DATE_TO_FORWARD_OUTCOMES
V18_21B-2026-05-20-FLS-B56B568118D3,FLS,2026-05-20,,,none,UNMATCHED_OR_AMBIGUOUS,,,No usable local forward outcome matched this signal row.,ticker_and_signal_date_or_signal_snapshot_id,ADD_SIGNAL_DATE_TO_FORWARD_OUTCOMES
V18_21B-2026-05-20-FLUT-6ADDF4C5F4D8,FLUT,2026-05-20,,,none,UNMATCHED_OR_AMBIGUOUS,,,No usable local forward outcome matched this signal row.,ticker_and_signal_date_or_signal_snapshot_id,ADD_SIGNAL_DATE_TO_FORWARD_OUTCOMES
V18_21B-2026-05-20-FN-CCE620A7E46D,FN,2026-05-20,,,none,UNMATCHED_OR_AMBIGUOUS,,,No usable local forward outcome matched this signal row.,ticker_and_signal_date_or_signal_snapshot_id,ADD_SIGNAL_DATE_TO_FORWARD_OUTCOMES
V18_21B-2026-05-20-FORM-36013EC03F9F,FORM,2026-05-20,,,none,UNMATCHED_OR_AMBIGUOUS,,,No usable local forward outcome matched this signal row.,ticker_and_signal_date_or_signal_snapshot_id,ADD_SIGNAL_DATE_TO_FORWARD_OUTCOMES
V18_21B-2026-05-20-FWONK-45E6B1B6CF7F,FWONK,2026-05-20,,,none,UNMATCHED_OR_AMBIGUOUS,,,No usable local forward outcome matched this signal row.,ticker_and_signal_date_or_signal_snapshot_id,ADD_SIGNAL_DATE_TO_FORWARD_OUTCOMES
V18_21B-2026-05-20-GEHC-1E4BF8DCE0BA,GEHC,2026-05-20,,,none,UNMATCHED_OR_AMBIGUOUS,,,No usable local forward outcome matched this signal row.,ticker_and_signal_date_or_signal_snapshot_id,ADD_SIGNAL_DATE_TO_FORWARD_OUTCOMES
V18_21B-2026-05-20-GEMI-BB24A83E41F5,GEMI,2026-05-20,,,none,UNMATCHED_OR_AMBIGUOUS,,,No usable local forward outcome matched this signal row.,ticker_and_signal_date_or_signal_snapshot_id,ADD_SIGNAL_DATE_TO_FORWARD_OUTCOMES
V18_21B-2026-05-20-GEV-670E3C05DDCB,GEV,2026-05-20,,,none,UNMATCHED_OR_AMBIGUOUS,,,No usable local forward outcome matched this signal row.,ticker_and_signal_date_or_signal_snapshot_id,ADD_SIGNAL_DATE_TO_FORWARD_OUTCOMES
V18_21B-2026-05-20-GLW-F43BCB2E0657,GLW,2026-05-20,,,none,UNMATCHED_OR_AMBIGUOUS,,,No usable local forward outcome matched this signal row.,ticker_and_signal_date_or_signal_snapshot_id,ADD_SIGNAL_DATE_TO_FORWARD_OUTCOMES
V18_21B-2026-05-20-GNRC-9768DA674AA3,GNRC,2026-05-20,,,none,UNMATCHED_OR_AMBIGUOUS,,,No usable local forward outcome matched this signal row.,ticker_and_signal_date_or_signal_snapshot_id,ADD_SIGNAL_DATE_TO_FORWARD_OUTCOMES
V18_21B-2026-05-20-GOOG-BA75FD7E9DA9,GOOG,2026-05-20,,,none,UNMATCHED_OR_AMBIGUOUS,,,No usable local forward outcome matched this signal row.,ticker_and_signal_date_or_signal_snapshot_id,ADD_SIGNAL_DATE_TO_FORWARD_OUTCOMES
V18_21B-2026-05-20-GOOGL-5FEDE94FE694,GOOGL,2026-05-20,,,none,UNMATCHED_OR_AMBIGUOUS,,,No usable local forward outcome matched this signal row.,ticker_and_signal_date_or_signal_snapshot_id,ADD_SIGNAL_DATE_TO_FORWARD_OUTCOMES
V18_21B-2026-05-20-GRAB-62B0244632A2,GRAB,2026-05-20,,,none,UNMATCHED_OR_AMBIGUOUS,,,No usable local forward outcome matched this signal row.,ticker_and_signal_date_or_signal_snapshot_id,ADD_SIGNAL_DATE_TO_FORWARD_OUTCOMES
V18_21B-2026-05-20-GS-24FFD045CE77,GS,2026-05-20,,,none,UNMATCHED_OR_AMBIGUOUS,,,No usable local forward outcome matched this signal row.,ticker_and_signal_date_or_signal_snapshot_id,ADD_SIGNAL_DATE_TO_FORWARD_OUTCOMES
V18_21B-2026-05-20-GSG-71206336E12D,GSG,2026-05-20,,,none,UNMATCHED_OR_AMBIGUOUS,,,No usable local forward outcome matched this signal row.,ticker_and_signal_date_or_signal_snapshot_id,ADD_SIGNAL_DATE_TO_FORWARD_OUTCOMES
V18_21B-2026-05-20-GT-304C7AF68AC8,GT,2026-05-20,,,none,UNMATCHED_OR_AMBIGUOUS,,,No usable local forward outcome matched this signal row.,ticker_and_signal_date_or_signal_snapshot_id,ADD_SIGNAL_DATE_TO_FORWARD_OUTCOMES
V18_21B-2026-05-20-HIVE-095D9FAECCEE,HIVE,2026-05-20,,,none,UNMATCHED_OR_AMBIGUOUS,,,No usable local forward outcome matched this signal row.,ticker_and_signal_date_or_signal_snapshot_id,ADD_SIGNAL_DATE_TO_FORWARD_OUTCOMES
V18_21B-2026-05-20-HLT-0294AAB0B212,HLT,2026-05-20,,,none,UNMATCHED_OR_AMBIGUOUS,,,No usable local forward outcome matched this signal row.,ticker_and_signal_date_or_signal_snapshot_id,ADD_SIGNAL_DATE_TO_FORWARD_OUTCOMES
V18_21B-2026-05-20-HOOD-BBEDBE00D224,HOOD,2026-05-20,,,none,UNMATCHED_OR_AMBIGUOUS,,,No usable local forward outcome matched this signal row.,ticker_and_signal_date_or_signal_snapshot_id,ADD_SIGNAL_DATE_TO_FORWARD_OUTCOMES
V18_21B-2026-05-20-HPE-0CEDE2702EF7,HPE,2026-05-20,,,none,UNMATCHED_OR_AMBIGUOUS,,,No usable local forward outcome matched this signal row.,ticker_and_signal_date_or_signal_snapshot_id,ADD_SIGNAL_DATE_TO_FORWARD_OUTCOMES
V18_21B-2026-05-20-HTZ-7123F5C13FD6,HTZ,2026-05-20,,,none,UNMATCHED_OR_AMBIGUOUS,,,No usable local forward outcome matched this signal row.,ticker_and_signal_date_or_signal_snapshot_id,ADD_SIGNAL_DATE_TO_FORWARD_OUTCOMES
V18_21B-2026-05-20-HUBB-99E05C8267D6,HUBB,2026-05-20,simulation|2026-05-20|HUBB,,none,UNMATCHED_OR_AMBIGUOUS,,,No usable local forward outcome matched this signal row.,ticker_and_signal_date_or_signal_snapshot_id,ADD_SIGNAL_DATE_TO_FORWARD_OUTCOMES
V18_21B-2026-05-20-HUBS-66EA51D21D5C,HUBS,2026-05-20,,,none,UNMATCHED_OR_AMBIGUOUS,,,No usable local forward outcome matched this signal row.,ticker_and_signal_date_or_signal_snapshot_id,ADD_SIGNAL_DATE_TO_FORWARD_OUTCOMES
V18_21B-2026-05-20-HUM-8EFE5B89371E,HUM,2026-05-20,,,none,UNMATCHED_OR_AMBIGUOUS,,,No usable local forward outcome matched this signal row.,ticker_and_signal_date_or_signal_snapshot_id,ADD_SIGNAL_DATE_TO_FORWARD_OUTCOMES
V18_21B-2026-05-20-HUT-22A9959FE5DE,HUT,2026-05-20,,,none,UNMATCHED_OR_AMBIGUOUS,,,No usable local forward outcome matched this signal row.,ticker_and_signal_date_or_signal_snapshot_id,ADD_SIGNAL_DATE_TO_FORWARD_OUTCOMES
V18_21B-2026-05-20-IBIT-7C744E211EEC,IBIT,2026-05-20,,,none,UNMATCHED_OR_AMBIGUOUS,,,No usable local forward outcome matched this signal row.,ticker_and_signal_date_or_signal_snapshot_id,ADD_SIGNAL_DATE_TO_FORWARD_OUTCOMES
V18_21B-2026-05-20-ICHR-3E3B72ED9244,ICHR,2026-05-20,simulation|2026-05-20|ICHR,,none,UNMATCHED_OR_AMBIGUOUS,,,No usable local forward outcome matched this signal row.,ticker_and_signal_date_or_signal_snapshot_id,ADD_SIGNAL_DATE_TO_FORWARD_OUTCOMES
V18_21B-2026-05-20-IGV-8B52E8E64E89,IGV,2026-05-20,,,none,UNMATCHED_OR_AMBIGUOUS,,,No usable local forward outcome matched this signal row.,ticker_and_signal_date_or_signal_snapshot_id,ADD_SIGNAL_DATE_TO_FORWARD_OUTCOMES
V18_21B-2026-05-20-INFY-F6E46413BF68,INFY,2026-05-20,,,none,UNMATCHED_OR_AMBIGUOUS,,,No usable local forward outcome matched this signal row.,ticker_and_signal_date_or_signal_snapshot_id,ADD_SIGNAL_DATE_TO_FORWARD_OUTCOMES
V18_21B-2026-05-20-INSM-C3633A6A67A0,INSM,2026-05-20,,,none,UNMATCHED_OR_AMBIGUOUS,,,No usable local forward outcome matched this signal row.,ticker_and_signal_date_or_signal_snapshot_id,ADD_SIGNAL_DATE_TO_FORWARD_OUTCOMES
V18_21B-2026-05-20-INTC-FAEA37A837E0,INTC,2026-05-20,,,none,UNMATCHED_OR_AMBIGUOUS,,,No usable local forward outcome matched this signal row.,ticker_and_signal_date_or_signal_snapshot_id,ADD_SIGNAL_DATE_TO_FORWARD_OUTCOMES
V18_21B-2026-05-20-IRDM-10B4AA8B32CA,IRDM,2026-05-20,,,none,UNMATCHED_OR_AMBIGUOUS,,,No usable local forward outcome matched this signal row.,ticker_and_signal_date_or_signal_snapshot_id,ADD_SIGNAL_DATE_TO_FORWARD_OUTCOMES
V18_21B-2026-05-20-IREN-722E1611E9C4,IREN,2026-05-20,,,none,UNMATCHED_OR_AMBIGUOUS,,,No usable local forward outcome matched this signal row.,ticker_and_signal_date_or_signal_snapshot_id,ADD_SIGNAL_DATE_TO_FORWARD_OUTCOMES
V18_21B-2026-05-20-ISRG-75CAD4D6F72D,ISRG,2026-05-20,,,none,UNMATCHED_OR_AMBIGUOUS,,,No usable local forward outcome matched this signal row.,ticker_and_signal_date_or_signal_snapshot_id,ADD_SIGNAL_DATE_TO_FORWARD_OUTCOMES
V18_21B-2026-05-20-IWM-AFE08ED854E5,IWM,2026-05-20,,,none,UNMATCHED_OR_AMBIGUOUS,,,No usable local forward outcome matched this signal row.,ticker_and_signal_date_or_signal_snapshot_id,ADD_SIGNAL_DATE_TO_FORWARD_OUTCOMES
V18_21B-2026-05-20-IYW-7F2B80241086,IYW,2026-05-20,,,none,UNMATCHED_OR_AMBIGUOUS,,,No usable local forward outcome matched this signal row.,ticker_and_signal_date_or_signal_snapshot_id,ADD_SIGNAL_DATE_TO_FORWARD_OUTCOMES
V18_21B-2026-05-20-JBL-753E5D1B8832,JBL,2026-05-20,simulation|2026-05-20|JBL,,none,UNMATCHED_OR_AMBIGUOUS,,,No usable local forward outcome matched this signal row.,ticker_and_signal_date_or_signal_snapshot_id,ADD_SIGNAL_DATE_TO_FORWARD_OUTCOMES
V18_21B-2026-05-20-JBS-B85D47F9A648,JBS,2026-05-20,,,none,UNMATCHED_OR_AMBIGUOUS,,,No usable local forward outcome matched this signal row.,ticker_and_signal_date_or_signal_snapshot_id,ADD_SIGNAL_DATE_TO_FORWARD_OUTCOMES
V18_21B-2026-05-20-JCI-278ABE1831C7,JCI,2026-05-20,,,none,UNMATCHED_OR_AMBIGUOUS,,,No usable local forward outcome matched this signal row.,ticker_and_signal_date_or_signal_snapshot_id,ADD_SIGNAL_DATE_TO_FORWARD_OUTCOMES
V18_21B-2026-05-20-JD-83A80A4EBE04,JD,2026-05-20,,,none,UNMATCHED_OR_AMBIGUOUS,,,No usable local forward outcome matched this signal row.,ticker_and_signal_date_or_signal_snapshot_id,ADD_SIGNAL_DATE_TO_FORWARD_OUTCOMES
V18_21B-2026-05-20-JFROG-95E72BD815F9,JFROG,2026-05-20,,,none,UNMATCHED_OR_AMBIGUOUS,,,No usable local forward outcome matched this signal row.,ticker_and_signal_date_or_signal_snapshot_id,ADD_SIGNAL_DATE_TO_FORWARD_OUTCOMES
V18_21B-2026-05-20-JHX-8FE11F78C38F,JHX,2026-05-20,,,none,UNMATCHED_OR_AMBIGUOUS,,,No usable local forward outcome matched this signal row.,ticker_and_signal_date_or_signal_snapshot_id,ADD_SIGNAL_DATE_TO_FORWARD_OUTCOMES
V18_21B-2026-05-20-KEYS-8FFD5366174C,KEYS,2026-05-20,,,none,UNMATCHED_OR_AMBIGUOUS,,,No usable local forward outcome matched this signal row.,ticker_and_signal_date_or_signal_snapshot_id,ADD_SIGNAL_DATE_TO_FORWARD_OUTCOMES
V18_21B-2026-05-20-KKR-B92B8CC81222,KKR,2026-05-20,,,none,UNMATCHED_OR_AMBIGUOUS,,,No usable local forward outcome matched this signal row.,ticker_and_signal_date_or_signal_snapshot_id,ADD_SIGNAL_DATE_TO_FORWARD_OUTCOMES
V18_21B-2026-05-20-KLAC-381083A750BB,KLAC,2026-05-20,simulation|2026-05-20|KLAC,,none,UNMATCHED_OR_AMBIGUOUS,,,No usable local forward outcome matched this signal row.,ticker_and_signal_date_or_signal_snapshot_id,ADD_SIGNAL_DATE_TO_FORWARD_OUTCOMES
V18_21B-2026-05-20-KLAR-8BD1D293E45B,KLAR,2026-05-20,,,none,UNMATCHED_OR_AMBIGUOUS,,,No usable local forward outcome matched this signal row.,ticker_and_signal_date_or_signal_snapshot_id,ADD_SIGNAL_DATE_TO_FORWARD_OUTCOMES
V18_21B-2026-05-20-KLIC-DBB5C539ECFA,KLIC,2026-05-20,,,none,UNMATCHED_OR_AMBIGUOUS,,,No usable local forward outcome matched this signal row.,ticker_and_signal_date_or_signal_snapshot_id,ADD_SIGNAL_DATE_TO_FORWARD_OUTCOMES
V18_21B-2026-05-20-KNX-C109E092D25F,KNX,2026-05-20,,,none,UNMATCHED_OR_AMBIGUOUS,,,No usable local forward outcome matched this signal row.,ticker_and_signal_date_or_signal_snapshot_id,ADD_SIGNAL_DATE_TO_FORWARD_OUTCOMES
V18_21B-2026-05-20-KRC-6B2E4868A572,KRC,2026-05-20,,,none,UNMATCHED_OR_AMBIGUOUS,,,No usable local forward outcome matched this signal row.,ticker_and_signal_date_or_signal_snapshot_id,ADD_SIGNAL_DATE_TO_FORWARD_OUTCOMES
V18_21B-2026-05-20-KVYO-B033A43CCAEE,KVYO,2026-05-20,,,none,UNMATCHED_OR_AMBIGUOUS,,,No usable local forward outcome matched this signal row.,ticker_and_signal_date_or_signal_snapshot_id,ADD_SIGNAL_DATE_TO_FORWARD_OUTCOMES
V18_21B-2026-05-20-KWEB-F00CE7D8AC6E,KWEB,2026-05-20,,,none,UNMATCHED_OR_AMBIGUOUS,,,No usable local forward outcome matched this signal row.,ticker_and_signal_date_or_signal_snapshot_id,ADD_SIGNAL_DATE_TO_FORWARD_OUTCOMES
V18_21B-2026-05-20-LBRT-2C7093C10FA8,LBRT,2026-05-20,,,none,UNMATCHED_OR_AMBIGUOUS,,,No usable local forward outcome matched this signal row.,ticker_and_signal_date_or_signal_snapshot_id,ADD_SIGNAL_DATE_TO_FORWARD_OUTCOMES
V18_21B-2026-05-20-LCID-F844C1ED9AA4,LCID,2026-05-20,,,none,UNMATCHED_OR_AMBIGUOUS,,,No usable local forward outcome matched this signal row.,ticker_and_signal_date_or_signal_snapshot_id,ADD_SIGNAL_DATE_TO_FORWARD_OUTCOMES
V18_21B-2026-05-20-LHX-363DE5C2C5FA,LHX,2026-05-20,,,none,UNMATCHED_OR_AMBIGUOUS,,,No usable local forward outcome matched this signal row.,ticker_and_signal_date_or_signal_snapshot_id,ADD_SIGNAL_DATE_TO_FORWARD_OUTCOMES
V18_21B-2026-05-20-LIN-E7128460AA1A,LIN,2026-05-20,,,none,UNMATCHED_OR_AMBIGUOUS,,,No usable local forward outcome matched this signal row.,ticker_and_signal_date_or_signal_snapshot_id,ADD_SIGNAL_DATE_TO_FORWARD_OUTCOMES
V18_21B-2026-05-20-LINE-FBC99BAA92FE,LINE,2026-05-20,,,none,UNMATCHED_OR_AMBIGUOUS,,,No usable local forward outcome matched this signal row.,ticker_and_signal_date_or_signal_snapshot_id,ADD_SIGNAL_DATE_TO_FORWARD_OUTCOMES
V18_21B-2026-05-20-LITE-41CEEE771C84,LITE,2026-05-20,,,none,UNMATCHED_OR_AMBIGUOUS,,,No usable local forward outcome matched this signal row.,ticker_and_signal_date_or_signal_snapshot_id,ADD_SIGNAL_DATE_TO_FORWARD_OUTCOMES
V18_21B-2026-05-20-LPLA-57C6F6490467,LPLA,2026-05-20,,,none,UNMATCHED_OR_AMBIGUOUS,,,No usable local forward outcome matched this signal row.,ticker_and_signal_date_or_signal_snapshot_id,ADD_SIGNAL_DATE_TO_FORWARD_OUTCOMES
V18_21B-2026-05-20-LRCX-C66EDFB8C694,LRCX,2026-05-20,,,none,UNMATCHED_OR_AMBIGUOUS,,,No usable local forward outcome matched this signal row.,ticker_and_signal_date_or_signal_snapshot_id,ADD_SIGNAL_DATE_TO_FORWARD_OUTCOMES
V18_21B-2026-05-20-LSCC-6680AE75894F,LSCC,2026-05-20,,,none,UNMATCHED_OR_AMBIGUOUS,,,No usable local forward outcome matched this signal row.,ticker_and_signal_date_or_signal_snapshot_id,ADD_SIGNAL_DATE_TO_FORWARD_OUTCOMES
V18_21B-2026-05-20-LYB-70E5CE06DD2F,LYB,2026-05-20,,,none,UNMATCHED_OR_AMBIGUOUS,,,No usable local forward outcome matched this signal row.,ticker_and_signal_date_or_signal_snapshot_id,ADD_SIGNAL_DATE_TO_FORWARD_OUTCOMES
V18_21B-2026-05-20-LYFT-1A46E36BD8AB,LYFT,2026-05-20,,,none,UNMATCHED_OR_AMBIGUOUS,,,No usable local forward outcome matched this signal row.,ticker_and_signal_date_or_signal_snapshot_id,ADD_SIGNAL_DATE_TO_FORWARD_OUTCOMES
V18_21B-2026-05-20-MA-EE07FF155308,MA,2026-05-20,,,none,UNMATCHED_OR_AMBIGUOUS,,,No usable local forward outcome matched this signal row.,ticker_and_signal_date_or_signal_snapshot_id,ADD_SIGNAL_DATE_TO_FORWARD_OUTCOMES
V18_21B-2026-05-20-MCHP-2F02B4636718,MCHP,2026-05-20,,,none,UNMATCHED_OR_AMBIGUOUS,,,No usable local forward outcome matched this signal row.,ticker_and_signal_date_or_signal_snapshot_id,ADD_SIGNAL_DATE_TO_FORWARD_OUTCOMES
V18_21B-2026-05-20-MCK-3C130F20BD2C,MCK,2026-05-20,,,none,UNMATCHED_OR_AMBIGUOUS,,,No usable local forward outcome matched this signal row.,ticker_and_signal_date_or_signal_snapshot_id,ADD_SIGNAL_DATE_TO_FORWARD_OUTCOMES
V18_21B-2026-05-20-MDB-4F281837FADB,MDB,2026-05-20,,,none,UNMATCHED_OR_AMBIGUOUS,,,No usable local forward outcome matched this signal row.,ticker_and_signal_date_or_signal_snapshot_id,ADD_SIGNAL_DATE_TO_FORWARD_OUTCOMES
V18_21B-2026-05-20-MELI-13F4BFD69C5D,MELI,2026-05-20,,,none,UNMATCHED_OR_AMBIGUOUS,,,No usable local forward outcome matched this signal row.,ticker_and_signal_date_or_signal_snapshot_id,ADD_SIGNAL_DATE_TO_FORWARD_OUTCOMES
V18_21B-2026-05-20-META-B7E499BBEA0A,META,2026-05-20,,,none,UNMATCHED_OR_AMBIGUOUS,,,No usable local forward outcome matched this signal row.,ticker_and_signal_date_or_signal_snapshot_id,ADD_SIGNAL_DATE_TO_FORWARD_OUTCOMES
V18_21B-2026-05-20-MKSI-3C23281E838A,MKSI,2026-05-20,,,none,UNMATCHED_OR_AMBIGUOUS,,,No usable local forward outcome matched this signal row.,ticker_and_signal_date_or_signal_snapshot_id,ADD_SIGNAL_DATE_TO_FORWARD_OUTCOMES
V18_21B-2026-05-20-MNTN-4F755200E7EE,MNTN,2026-05-20,,,none,UNMATCHED_OR_AMBIGUOUS,,,No usable local forward outcome matched this signal row.,ticker_and_signal_date_or_signal_snapshot_id,ADD_SIGNAL_DATE_TO_FORWARD_OUTCOMES
V18_21B-2026-05-20-MOD-7E1C4DB822AA,MOD,2026-05-20,,,none,UNMATCHED_OR_AMBIGUOUS,,,No usable local forward outcome matched this signal row.,ticker_and_signal_date_or_signal_snapshot_id,ADD_SIGNAL_DATE_TO_FORWARD_OUTCOMES
V18_21B-2026-05-20-MOH-76B7DB8780B2,MOH,2026-05-20,,,none,UNMATCHED_OR_AMBIGUOUS,,,No usable local forward outcome matched this signal row.,ticker_and_signal_date_or_signal_snapshot_id,ADD_SIGNAL_DATE_TO_FORWARD_OUTCOMES
V18_21B-2026-05-20-MPLX-5566BEDA19E1,MPLX,2026-05-20,,,none,UNMATCHED_OR_AMBIGUOUS,,,No usable local forward outcome matched this signal row.,ticker_and_signal_date_or_signal_snapshot_id,ADD_SIGNAL_DATE_TO_FORWARD_OUTCOMES
V18_21B-2026-05-20-MPW-60DDC8176AAD,MPW,2026-05-20,,,none,UNMATCHED_OR_AMBIGUOUS,,,No usable local forward outcome matched this signal row.,ticker_and_signal_date_or_signal_snapshot_id,ADD_SIGNAL_DATE_TO_FORWARD_OUTCOMES
V18_21B-2026-05-20-MPWR-59CD18FA04BD,MPWR,2026-05-20,,,none,UNMATCHED_OR_AMBIGUOUS,,,No usable local forward outcome matched this signal row.,ticker_and_signal_date_or_signal_snapshot_id,ADD_SIGNAL_DATE_TO_FORWARD_OUTCOMES
V18_21B-2026-05-20-MRVL-0D1CC9F036B6,MRVL,2026-05-20,,,none,UNMATCHED_OR_AMBIGUOUS,,,No usable local forward outcome matched this signal row.,ticker_and_signal_date_or_signal_snapshot_id,ADD_SIGNAL_DATE_TO_FORWARD_OUTCOMES
V18_21B-2026-05-20-MSFT-260DAAA61EC9,MSFT,2026-05-20,,,none,UNMATCHED_OR_AMBIGUOUS,,,No usable local forward outcome matched this signal row.,ticker_and_signal_date_or_signal_snapshot_id,ADD_SIGNAL_DATE_TO_FORWARD_OUTCOMES
V18_21B-2026-05-20-MTSI-C25C09C818EB,MTSI,2026-05-20,,,none,UNMATCHED_OR_AMBIGUOUS,,,No usable local forward outcome matched this signal row.,ticker_and_signal_date_or_signal_snapshot_id,ADD_SIGNAL_DATE_TO_FORWARD_OUTCOMES
V18_21B-2026-05-20-MTZ-2CA4B1A428D8,MTZ,2026-05-20,,,none,UNMATCHED_OR_AMBIGUOUS,,,No usable local forward outcome matched this signal row.,ticker_and_signal_date_or_signal_snapshot_id,ADD_SIGNAL_DATE_TO_FORWARD_OUTCOMES
V18_21B-2026-05-20-MU-29ADFA427B57,MU,2026-05-20,,,none,UNMATCHED_OR_AMBIGUOUS,,,No usable local forward outcome matched this signal row.,ticker_and_signal_date_or_signal_snapshot_id,ADD_SIGNAL_DATE_TO_FORWARD_OUTCOMES
V18_21B-2026-05-20-NAMS-65CF00D9CC2A,NAMS,2026-05-20,,,none,UNMATCHED_OR_AMBIGUOUS,,,No usable local forward outcome matched this signal row.,ticker_and_signal_date_or_signal_snapshot_id,ADD_SIGNAL_DATE_TO_FORWARD_OUTCOMES
V18_21B-2026-05-20-NET-5018647F0154,NET,2026-05-20,,,none,UNMATCHED_OR_AMBIGUOUS,,,No usable local forward outcome matched this signal row.,ticker_and_signal_date_or_signal_snapshot_id,ADD_SIGNAL_DATE_TO_FORWARD_OUTCOMES
V18_21B-2026-05-20-NFLX-3C3166C98BE0,NFLX,2026-05-20,,,none,UNMATCHED_OR_AMBIGUOUS,,,No usable local forward outcome matched this signal row.,ticker_and_signal_date_or_signal_snapshot_id,ADD_SIGNAL_DATE_TO_FORWARD_OUTCOMES
V18_21B-2026-05-20-NI-F7F106EEE4BE,NI,2026-05-20,,,none,UNMATCHED_OR_AMBIGUOUS,,,No usable local forward outcome matched this signal row.,ticker_and_signal_date_or_signal_snapshot_id,ADD_SIGNAL_DATE_TO_FORWARD_OUTCOMES
V18_21B-2026-05-20-NOW-451BDC25716F,NOW,2026-05-20,,,none,UNMATCHED_OR_AMBIGUOUS,,,No usable local forward outcome matched this signal row.,ticker_and_signal_date_or_signal_snapshot_id,ADD_SIGNAL_DATE_TO_FORWARD_OUTCOMES
V18_21B-2026-05-20-NRG-EF06F9BE558E,NRG,2026-05-20,,,none,UNMATCHED_OR_AMBIGUOUS,,,No usable local forward outcome matched this signal row.,ticker_and_signal_date_or_signal_snapshot_id,ADD_SIGNAL_DATE_TO_FORWARD_OUTCOMES
V18_21B-2026-05-20-NTAP-18405EFEAC2A,NTAP,2026-05-20,simulation|2026-05-20|NTAP,,none,UNMATCHED_OR_AMBIGUOUS,,,No usable local forward outcome matched this signal row.,ticker_and_signal_date_or_signal_snapshot_id,ADD_SIGNAL_DATE_TO_FORWARD_OUTCOMES
V18_21B-2026-05-20-NTRA-C92AADDBCB70,NTRA,2026-05-20,,,none,UNMATCHED_OR_AMBIGUOUS,,,No usable local forward outcome matched this signal row.,ticker_and_signal_date_or_signal_snapshot_id,ADD_SIGNAL_DATE_TO_FORWARD_OUTCOMES
V18_21B-2026-05-20-NU-3A7751439375,NU,2026-05-20,,,none,UNMATCHED_OR_AMBIGUOUS,,,No usable local forward outcome matched this signal row.,ticker_and_signal_date_or_signal_snapshot_id,ADD_SIGNAL_DATE_TO_FORWARD_OUTCOMES
V18_21B-2026-05-20-NUVB-39E4813F4B0B,NUVB,2026-05-20,,,none,UNMATCHED_OR_AMBIGUOUS,,,No usable local forward outcome matched this signal row.,ticker_and_signal_date_or_signal_snapshot_id,ADD_SIGNAL_DATE_TO_FORWARD_OUTCOMES
V18_21B-2026-05-20-NVAX-458E2FE03CF5,NVAX,2026-05-20,,,none,UNMATCHED_OR_AMBIGUOUS,,,No usable local forward outcome matched this signal row.,ticker_and_signal_date_or_signal_snapshot_id,ADD_SIGNAL_DATE_TO_FORWARD_OUTCOMES
V18_21B-2026-05-20-NVDA-3EE409E2E52F,NVDA,2026-05-20,,,none,UNMATCHED_OR_AMBIGUOUS,,,No usable local forward outcome matched this signal row.,ticker_and_signal_date_or_signal_snapshot_id,ADD_SIGNAL_DATE_TO_FORWARD_OUTCOMES
V18_21B-2026-05-20-NVT-C81585F33275,NVT,2026-05-20,,,none,UNMATCHED_OR_AMBIGUOUS,,,No usable local forward outcome matched this signal row.,ticker_and_signal_date_or_signal_snapshot_id,ADD_SIGNAL_DATE_TO_FORWARD_OUTCOMES
V18_21B-2026-05-20-NXPI-E1E8E893CBA1,NXPI,2026-05-20,,,none,UNMATCHED_OR_AMBIGUOUS,,,No usable local forward outcome matched this signal row.,ticker_and_signal_date_or_signal_snapshot_id,ADD_SIGNAL_DATE_TO_FORWARD_OUTCOMES
V18_21B-2026-05-20-OC-054062F8E981,OC,2026-05-20,,,none,UNMATCHED_OR_AMBIGUOUS,,,No usable local forward outcome matched this signal row.,ticker_and_signal_date_or_signal_snapshot_id,ADD_SIGNAL_DATE_TO_FORWARD_OUTCOMES
V18_21B-2026-05-20-OKTA-210A42D29429,OKTA,2026-05-20,,,none,UNMATCHED_OR_AMBIGUOUS,,,No usable local forward outcome matched this signal row.,ticker_and_signal_date_or_signal_snapshot_id,ADD_SIGNAL_DATE_TO_FORWARD_OUTCOMES
V18_21B-2026-05-20-OLMA-DFF2D3D29AC9,OLMA,2026-05-20,,,none,UNMATCHED_OR_AMBIGUOUS,,,No usable local forward outcome matched this signal row.,ticker_and_signal_date_or_signal_snapshot_id,ADD_SIGNAL_DATE_TO_FORWARD_OUTCOMES
V18_21B-2026-05-20-OLPX-002EEA65CF15,OLPX,2026-05-20,,,none,UNMATCHED_OR_AMBIGUOUS,,,No usable local forward outcome matched this signal row.,ticker_and_signal_date_or_signal_snapshot_id,ADD_SIGNAL_DATE_TO_FORWARD_OUTCOMES
V18_21B-2026-05-20-ON-7E0A9A2D0842,ON,2026-05-20,,,none,UNMATCHED_OR_AMBIGUOUS,,,No usable local forward outcome matched this signal row.,ticker_and_signal_date_or_signal_snapshot_id,ADD_SIGNAL_DATE_TO_FORWARD_OUTCOMES
V18_21B-2026-05-20-OPCH-DD294B82C949,OPCH,2026-05-20,,,none,UNMATCHED_OR_AMBIGUOUS,,,No usable local forward outcome matched this signal row.,ticker_and_signal_date_or_signal_snapshot_id,ADD_SIGNAL_DATE_TO_FORWARD_OUTCOMES
V18_21B-2026-05-20-ORCL-6A23BF922299,ORCL,2026-05-20,,,none,UNMATCHED_OR_AMBIGUOUS,,,No usable local forward outcome matched this signal row.,ticker_and_signal_date_or_signal_snapshot_id,ADD_SIGNAL_DATE_TO_FORWARD_OUTCOMES
V18_21B-2026-05-20-PANW-6FFEEDC18DCA,PANW,2026-05-20,simulation|2026-05-20|PANW,,none,UNMATCHED_OR_AMBIGUOUS,,,No usable local forward outcome matched this signal row.,ticker_and_signal_date_or_signal_snapshot_id,ADD_SIGNAL_DATE_TO_FORWARD_OUTCOMES
V18_21B-2026-05-20-PATH-4C7D89AEFF42,PATH,2026-05-20,,,none,UNMATCHED_OR_AMBIGUOUS,,,No usable local forward outcome matched this signal row.,ticker_and_signal_date_or_signal_snapshot_id,ADD_SIGNAL_DATE_TO_FORWARD_OUTCOMES
V18_21B-2026-05-20-PCOR-C708877853BC,PCOR,2026-05-20,,,none,UNMATCHED_OR_AMBIGUOUS,,,No usable local forward outcome matched this signal row.,ticker_and_signal_date_or_signal_snapshot_id,ADD_SIGNAL_DATE_TO_FORWARD_OUTCOMES
V18_21B-2026-05-20-PCT-BBA91FD5072D,PCT,2026-05-20,,,none,UNMATCHED_OR_AMBIGUOUS,,,No usable local forward outcome matched this signal row.,ticker_and_signal_date_or_signal_snapshot_id,ADD_SIGNAL_DATE_TO_FORWARD_OUTCOMES
V18_21B-2026-05-20-PDD-584BAD60E9DD,PDD,2026-05-20,,,none,UNMATCHED_OR_AMBIGUOUS,,,No usable local forward outcome matched this signal row.,ticker_and_signal_date_or_signal_snapshot_id,ADD_SIGNAL_DATE_TO_FORWARD_OUTCOMES
V18_21B-2026-05-20-PFGC-2E1A10B8F494,PFGC,2026-05-20,,,none,UNMATCHED_OR_AMBIGUOUS,,,No usable local forward outcome matched this signal row.,ticker_and_signal_date_or_signal_snapshot_id,ADD_SIGNAL_DATE_TO_FORWARD_OUTCOMES
V18_21B-2026-05-20-PGNY-2AAF5A8D3031,PGNY,2026-05-20,,,none,UNMATCHED_OR_AMBIGUOUS,,,No usable local forward outcome matched this signal row.,ticker_and_signal_date_or_signal_snapshot_id,ADD_SIGNAL_DATE_TO_FORWARD_OUTCOMES
V18_21B-2026-05-20-PI-37E72DD8580B,PI,2026-05-20,,,none,UNMATCHED_OR_AMBIGUOUS,,,No usable local forward outcome matched this signal row.,ticker_and_signal_date_or_signal_snapshot_id,ADD_SIGNAL_DATE_TO_FORWARD_OUTCOMES
V18_21B-2026-05-20-PINS-9C819FFA6A63,PINS,2026-05-20,,,none,UNMATCHED_OR_AMBIGUOUS,,,No usable local forward outcome matched this signal row.,ticker_and_signal_date_or_signal_snapshot_id,ADD_SIGNAL_DATE_TO_FORWARD_OUTCOMES
V18_21B-2026-05-20-PLTR-D93C0227BAB3,PLTR,2026-05-20,simulation|2026-05-20|PLTR,,none,UNMATCHED_OR_AMBIGUOUS,,,No usable local forward outcome matched this signal row.,ticker_and_signal_date_or_signal_snapshot_id,ADD_SIGNAL_DATE_TO_FORWARD_OUTCOMES
V18_21B-2026-05-20-PLUG-ECBCC2309C39,PLUG,2026-05-20,,,none,UNMATCHED_OR_AMBIGUOUS,,,No usable local forward outcome matched this signal row.,ticker_and_signal_date_or_signal_snapshot_id,ADD_SIGNAL_DATE_TO_FORWARD_OUTCOMES
V18_21B-2026-05-20-PM-688A12BC1AC8,PM,2026-05-20,,,none,UNMATCHED_OR_AMBIGUOUS,,,No usable local forward outcome matched this signal row.,ticker_and_signal_date_or_signal_snapshot_id,ADD_SIGNAL_DATE_TO_FORWARD_OUTCOMES
V18_21B-2026-05-20-PONY-08A581E9CA13,PONY,2026-05-20,,,none,UNMATCHED_OR_AMBIGUOUS,,,No usable local forward outcome matched this signal row.,ticker_and_signal_date_or_signal_snapshot_id,ADD_SIGNAL_DATE_TO_FORWARD_OUTCOMES
V18_21B-2026-05-20-POWL-2DC1A0904824,POWL,2026-05-20,,,none,UNMATCHED_OR_AMBIGUOUS,,,No usable local forward outcome matched this signal row.,ticker_and_signal_date_or_signal_snapshot_id,ADD_SIGNAL_DATE_TO_FORWARD_OUTCOMES
V18_21B-2026-05-20-PSIX-5282C27B1839,PSIX,2026-05-20,,,none,UNMATCHED_OR_AMBIGUOUS,,,No usable local forward outcome matched this signal row.,ticker_and_signal_date_or_signal_snapshot_id,ADD_SIGNAL_DATE_TO_FORWARD_OUTCOMES
V18_21B-2026-05-20-PSTG-BB450CC1031A,PSTG,2026-05-20,,,none,UNMATCHED_OR_AMBIGUOUS,,,No usable local forward outcome matched this signal row.,ticker_and_signal_date_or_signal_snapshot_id,ADD_SIGNAL_DATE_TO_FORWARD_OUTCOMES
V18_21B-2026-05-20-PTGX-8EF4CCD66C44,PTGX,2026-05-20,,,none,UNMATCHED_OR_AMBIGUOUS,,,No usable local forward outcome matched this signal row.,ticker_and_signal_date_or_signal_snapshot_id,ADD_SIGNAL_DATE_TO_FORWARD_OUTCOMES
V18_21B-2026-05-20-PTON-55A017BE7EA5,PTON,2026-05-20,,,none,UNMATCHED_OR_AMBIGUOUS,,,No usable local forward outcome matched this signal row.,ticker_and_signal_date_or_signal_snapshot_id,ADD_SIGNAL_DATE_TO_FORWARD_OUTCOMES
V18_21B-2026-05-20-PUMP-F8C463A66151,PUMP,2026-05-20,,,none,UNMATCHED_OR_AMBIGUOUS,,,No usable local forward outcome matched this signal row.,ticker_and_signal_date_or_signal_snapshot_id,ADD_SIGNAL_DATE_TO_FORWARD_OUTCOMES
V18_21B-2026-05-20-PWR-CAF440470F76,PWR,2026-05-20,,,none,UNMATCHED_OR_AMBIGUOUS,,,No usable local forward outcome matched this signal row.,ticker_and_signal_date_or_signal_snapshot_id,ADD_SIGNAL_DATE_TO_FORWARD_OUTCOMES
V18_21B-2026-05-20-PYPL-A592D58DA1EB,PYPL,2026-05-20,,,none,UNMATCHED_OR_AMBIGUOUS,,,No usable local forward outcome matched this signal row.,ticker_and_signal_date_or_signal_snapshot_id,ADD_SIGNAL_DATE_TO_FORWARD_OUTCOMES
V18_21B-2026-05-20-QCOM-43DD7147E0E0,QCOM,2026-05-20,,,none,UNMATCHED_OR_AMBIGUOUS,,,No usable local forward outcome matched this signal row.,ticker_and_signal_date_or_signal_snapshot_id,ADD_SIGNAL_DATE_TO_FORWARD_OUTCOMES
V18_21B-2026-05-20-QQQ-4946D52EE1F4,QQQ,2026-05-20,,,none,UNMATCHED_OR_AMBIGUOUS,,,No usable local forward outcome matched this signal row.,ticker_and_signal_date_or_signal_snapshot_id,ADD_SIGNAL_DATE_TO_FORWARD_OUTCOMES
V18_21B-2026-05-20-QS-38DE9D1C6045,QS,2026-05-20,,,none,UNMATCHED_OR_AMBIGUOUS,,,No usable local forward outcome matched this signal row.,ticker_and_signal_date_or_signal_snapshot_id,ADD_SIGNAL_DATE_TO_FORWARD_OUTCOMES
V18_21B-2026-05-20-QSR-1EFD71C5FEAD,QSR,2026-05-20,,,none,UNMATCHED_OR_AMBIGUOUS,,,No usable local forward outcome matched this signal row.,ticker_and_signal_date_or_signal_snapshot_id,ADD_SIGNAL_DATE_TO_FORWARD_OUTCOMES
V18_21B-2026-05-20-RBLX-770668020CA1,RBLX,2026-05-20,,,none,UNMATCHED_OR_AMBIGUOUS,,,No usable local forward outcome matched this signal row.,ticker_and_signal_date_or_signal_snapshot_id,ADD_SIGNAL_DATE_TO_FORWARD_OUTCOMES
V18_21B-2026-05-20-RDDT-BB6DD8B8C963,RDDT,2026-05-20,,,none,UNMATCHED_OR_AMBIGUOUS,,,No usable local forward outcome matched this signal row.,ticker_and_signal_date_or_signal_snapshot_id,ADD_SIGNAL_DATE_TO_FORWARD_OUTCOMES
V18_21B-2026-05-20-RERE-188E05035115,RERE,2026-05-20,,,none,UNMATCHED_OR_AMBIGUOUS,,,No usable local forward outcome matched this signal row.,ticker_and_signal_date_or_signal_snapshot_id,ADD_SIGNAL_DATE_TO_FORWARD_OUTCOMES
V18_21B-2026-05-20-RH-4A2ACD5566A5,RH,2026-05-20,,,none,UNMATCHED_OR_AMBIGUOUS,,,No usable local forward outcome matched this signal row.,ticker_and_signal_date_or_signal_snapshot_id,ADD_SIGNAL_DATE_TO_FORWARD_OUTCOMES
V18_21B-2026-05-20-RIOT-1AB29D01EB7A,RIOT,2026-05-20,,,none,UNMATCHED_OR_AMBIGUOUS,,,No usable local forward outcome matched this signal row.,ticker_and_signal_date_or_signal_snapshot_id,ADD_SIGNAL_DATE_TO_FORWARD_OUTCOMES
V18_21B-2026-05-20-RKT-5F0FC002A8C0,RKT,2026-05-20,,,none,UNMATCHED_OR_AMBIGUOUS,,,No usable local forward outcome matched this signal row.,ticker_and_signal_date_or_signal_snapshot_id,ADD_SIGNAL_DATE_TO_FORWARD_OUTCOMES
V18_21B-2026-05-20-RNG-2127AB19BD80,RNG,2026-05-20,,,none,UNMATCHED_OR_AMBIGUOUS,,,No usable local forward outcome matched this signal row.,ticker_and_signal_date_or_signal_snapshot_id,ADD_SIGNAL_DATE_TO_FORWARD_OUTCOMES
V18_21B-2026-05-20-ROKU-A2E91172631A,ROKU,2026-05-20,,,none,UNMATCHED_OR_AMBIGUOUS,,,No usable local forward outcome matched this signal row.,ticker_and_signal_date_or_signal_snapshot_id,ADD_SIGNAL_DATE_TO_FORWARD_OUTCOMES
V18_21B-2026-05-20-RSP-924C968622DB,RSP,2026-05-20,,,none,UNMATCHED_OR_AMBIGUOUS,,,No usable local forward outcome matched this signal row.,ticker_and_signal_date_or_signal_snapshot_id,ADD_SIGNAL_DATE_TO_FORWARD_OUTCOMES
V18_21B-2026-05-20-RTX-F4A48BB09BEF,RTX,2026-05-20,,,none,UNMATCHED_OR_AMBIGUOUS,,,No usable local forward outcome matched this signal row.,ticker_and_signal_date_or_signal_snapshot_id,ADD_SIGNAL_DATE_TO_FORWARD_OUTCOMES
V18_21B-2026-05-20-RVMD-81A190217CF1,RVMD,2026-05-20,,,none,UNMATCHED_OR_AMBIGUOUS,,,No usable local forward outcome matched this signal row.,ticker_and_signal_date_or_signal_snapshot_id,ADD_SIGNAL_DATE_TO_FORWARD_OUTCOMES
V18_21B-2026-05-20-SANM-8BFF7C6EBBA4,SANM,2026-05-20,,,none,UNMATCHED_OR_AMBIGUOUS,,,No usable local forward outcome matched this signal row.,ticker_and_signal_date_or_signal_snapshot_id,ADD_SIGNAL_DATE_TO_FORWARD_OUTCOMES
V18_21B-2026-05-20-SATS-F09739F788F6,SATS,2026-05-20,,,none,UNMATCHED_OR_AMBIGUOUS,,,No usable local forward outcome matched this signal row.,ticker_and_signal_date_or_signal_snapshot_id,ADD_SIGNAL_DATE_TO_FORWARD_OUTCOMES
V18_21B-2026-05-20-SCCO-898C83869F01,SCCO,2026-05-20,,,none,UNMATCHED_OR_AMBIGUOUS,,,No usable local forward outcome matched this signal row.,ticker_and_signal_date_or_signal_snapshot_id,ADD_SIGNAL_DATE_TO_FORWARD_OUTCOMES
V18_21B-2026-05-20-SCHW-84E0B3D808DF,SCHW,2026-05-20,,,none,UNMATCHED_OR_AMBIGUOUS,,,No usable local forward outcome matched this signal row.,ticker_and_signal_date_or_signal_snapshot_id,ADD_SIGNAL_DATE_TO_FORWARD_OUTCOMES
V18_21B-2026-05-20-SE-C29A45A2B681,SE,2026-05-20,,,none,UNMATCHED_OR_AMBIGUOUS,,,No usable local forward outcome matched this signal row.,ticker_and_signal_date_or_signal_snapshot_id,ADD_SIGNAL_DATE_TO_FORWARD_OUTCOMES
V18_21B-2026-05-20-SEI-96437B7245CE,SEI,2026-05-20,,,none,UNMATCHED_OR_AMBIGUOUS,,,No usable local forward outcome matched this signal row.,ticker_and_signal_date_or_signal_snapshot_id,ADD_SIGNAL_DATE_TO_FORWARD_OUTCOMES
V18_21B-2026-05-20-SFIX-270819B40A37,SFIX,2026-05-20,,,none,UNMATCHED_OR_AMBIGUOUS,,,No usable local forward outcome matched this signal row.,ticker_and_signal_date_or_signal_snapshot_id,ADD_SIGNAL_DATE_TO_FORWARD_OUTCOMES
V18_21B-2026-05-20-SFM-3EEC7368E99C,SFM,2026-05-20,,,none,UNMATCHED_OR_AMBIGUOUS,,,No usable local forward outcome matched this signal row.,ticker_and_signal_date_or_signal_snapshot_id,ADD_SIGNAL_DATE_TO_FORWARD_OUTCOMES
V18_21B-2026-05-20-SHOP-B7A5FC7AE9C4,SHOP,2026-05-20,,,none,UNMATCHED_OR_AMBIGUOUS,,,No usable local forward outcome matched this signal row.,ticker_and_signal_date_or_signal_snapshot_id,ADD_SIGNAL_DATE_TO_FORWARD_OUTCOMES
V18_21B-2026-05-20-SHW-DB5A67F623D3,SHW,2026-05-20,,,none,UNMATCHED_OR_AMBIGUOUS,,,No usable local forward outcome matched this signal row.,ticker_and_signal_date_or_signal_snapshot_id,ADD_SIGNAL_DATE_TO_FORWARD_OUTCOMES
V18_21B-2026-05-20-SITM-F235E6909D2A,SITM,2026-05-20,,,none,UNMATCHED_OR_AMBIGUOUS,,,No usable local forward outcome matched this signal row.,ticker_and_signal_date_or_signal_snapshot_id,ADD_SIGNAL_DATE_TO_FORWARD_OUTCOMES
V18_21B-2026-05-20-SMCI-64EA72272F5B,SMCI,2026-05-20,,,none,UNMATCHED_OR_AMBIGUOUS,,,No usable local forward outcome matched this signal row.,ticker_and_signal_date_or_signal_snapshot_id,ADD_SIGNAL_DATE_TO_FORWARD_OUTCOMES
V18_21B-2026-05-20-SMH-02FDB2734F76,SMH,2026-05-20,,,none,UNMATCHED_OR_AMBIGUOUS,,,No usable local forward outcome matched this signal row.,ticker_and_signal_date_or_signal_snapshot_id,ADD_SIGNAL_DATE_TO_FORWARD_OUTCOMES
V18_21B-2026-05-20-SMTC-137EE5E7FBBA,SMTC,2026-05-20,,,none,UNMATCHED_OR_AMBIGUOUS,,,No usable local forward outcome matched this signal row.,ticker_and_signal_date_or_signal_snapshot_id,ADD_SIGNAL_DATE_TO_FORWARD_OUTCOMES
V18_21B-2026-05-20-SNDK-412342F4A841,SNDK,2026-05-20,,,none,UNMATCHED_OR_AMBIGUOUS,,,No usable local forward outcome matched this signal row.,ticker_and_signal_date_or_signal_snapshot_id,ADD_SIGNAL_DATE_TO_FORWARD_OUTCOMES
V18_21B-2026-05-20-SNOW-6008DCFB9596,SNOW,2026-05-20,,,none,UNMATCHED_OR_AMBIGUOUS,,,No usable local forward outcome matched this signal row.,ticker_and_signal_date_or_signal_snapshot_id,ADD_SIGNAL_DATE_TO_FORWARD_OUTCOMES
V18_21B-2026-05-20-SNPS-09C667CDEB61,SNPS,2026-05-20,,,none,UNMATCHED_OR_AMBIGUOUS,,,No usable local forward outcome matched this signal row.,ticker_and_signal_date_or_signal_snapshot_id,ADD_SIGNAL_DATE_TO_FORWARD_OUTCOMES
V18_21B-2026-05-20-SOLS-964477699129,SOLS,2026-05-20,,,none,UNMATCHED_OR_AMBIGUOUS,,,No usable local forward outcome matched this signal row.,ticker_and_signal_date_or_signal_snapshot_id,ADD_SIGNAL_DATE_TO_FORWARD_OUTCOMES
V18_21B-2026-05-20-SOXL-EDC3BC085A5D,SOXL,2026-05-20,,,none,UNMATCHED_OR_AMBIGUOUS,,,No usable local forward outcome matched this signal row.,ticker_and_signal_date_or_signal_snapshot_id,ADD_SIGNAL_DATE_TO_FORWARD_OUTCOMES
V18_21B-2026-05-20-SOXX-AD5982F0D605,SOXX,2026-05-20,,,none,UNMATCHED_OR_AMBIGUOUS,,,No usable local forward outcome matched this signal row.,ticker_and_signal_date_or_signal_snapshot_id,ADD_SIGNAL_DATE_TO_FORWARD_OUTCOMES
V18_21B-2026-05-20-SPOT-E3A315F3E49D,SPOT,2026-05-20,,,none,UNMATCHED_OR_AMBIGUOUS,,,No usable local forward outcome matched this signal row.,ticker_and_signal_date_or_signal_snapshot_id,ADD_SIGNAL_DATE_TO_FORWARD_OUTCOMES
V18_21B-2026-05-20-SPY-D5B5028746AF,SPY,2026-05-20,,,none,UNMATCHED_OR_AMBIGUOUS,,,No usable local forward outcome matched this signal row.,ticker_and_signal_date_or_signal_snapshot_id,ADD_SIGNAL_DATE_TO_FORWARD_OUTCOMES
V18_21B-2026-05-20-STG-763A6B0DCA76,STG,2026-05-20,,,none,UNMATCHED_OR_AMBIGUOUS,,,No usable local forward outcome matched this signal row.,ticker_and_signal_date_or_signal_snapshot_id,ADD_SIGNAL_DATE_TO_FORWARD_OUTCOMES
V18_21B-2026-05-20-STM-42C8E8840F87,STM,2026-05-20,,,none,UNMATCHED_OR_AMBIGUOUS,,,No usable local forward outcome matched this signal row.,ticker_and_signal_date_or_signal_snapshot_id,ADD_SIGNAL_DATE_TO_FORWARD_OUTCOMES
V18_21B-2026-05-20-STUB-FEF7CC89F3EE,STUB,2026-05-20,,,none,UNMATCHED_OR_AMBIGUOUS,,,No usable local forward outcome matched this signal row.,ticker_and_signal_date_or_signal_snapshot_id,ADD_SIGNAL_DATE_TO_FORWARD_OUTCOMES
V18_21B-2026-05-20-STX-EED970F20C9D,STX,2026-05-20,,,none,UNMATCHED_OR_AMBIGUOUS,,,No usable local forward outcome matched this signal row.,ticker_and_signal_date_or_signal_snapshot_id,ADD_SIGNAL_DATE_TO_FORWARD_OUTCOMES
V18_21B-2026-05-20-TEAM-FE672A2EB473,TEAM,2026-05-20,,,none,UNMATCHED_OR_AMBIGUOUS,,,No usable local forward outcome matched this signal row.,ticker_and_signal_date_or_signal_snapshot_id,ADD_SIGNAL_DATE_TO_FORWARD_OUTCOMES
V18_21B-2026-05-20-TER-B71C7F3AF13A,TER,2026-05-20,,,none,UNMATCHED_OR_AMBIGUOUS,,,No usable local forward outcome matched this signal row.,ticker_and_signal_date_or_signal_snapshot_id,ADD_SIGNAL_DATE_TO_FORWARD_OUTCOMES
V18_21B-2026-05-20-TEVA-88EB2D44EA51,TEVA,2026-05-20,,,none,UNMATCHED_OR_AMBIGUOUS,,,No usable local forward outcome matched this signal row.,ticker_and_signal_date_or_signal_snapshot_id,ADD_SIGNAL_DATE_TO_FORWARD_OUTCOMES
V18_21B-2026-05-20-TICKER-EC12F43495C0,TICKER,2026-05-20,,,none,UNMATCHED_OR_AMBIGUOUS,,,No usable local forward outcome matched this signal row.,ticker_and_signal_date_or_signal_snapshot_id,ADD_SIGNAL_DATE_TO_FORWARD_OUTCOMES
V18_21B-2026-05-20-TICKERS-25A71E95EA77,TICKERS,2026-05-20,,,none,UNMATCHED_OR_AMBIGUOUS,,,No usable local forward outcome matched this signal row.,ticker_and_signal_date_or_signal_snapshot_id,ADD_SIGNAL_DATE_TO_FORWARD_OUTCOMES
V18_21B-2026-05-20-TIGR-00FE2276791F,TIGR,2026-05-20,,,none,UNMATCHED_OR_AMBIGUOUS,,,No usable local forward outcome matched this signal row.,ticker_and_signal_date_or_signal_snapshot_id,ADD_SIGNAL_DATE_TO_FORWARD_OUTCOMES
V18_21B-2026-05-20-TLN-7FFEB1BF2EC4,TLN,2026-05-20,,,none,UNMATCHED_OR_AMBIGUOUS,,,No usable local forward outcome matched this signal row.,ticker_and_signal_date_or_signal_snapshot_id,ADD_SIGNAL_DATE_TO_FORWARD_OUTCOMES
V18_21B-2026-05-20-TQQQ-BD61F678FBF7,TQQQ,2026-05-20,,,none,UNMATCHED_OR_AMBIGUOUS,,,No usable local forward outcome matched this signal row.,ticker_and_signal_date_or_signal_snapshot_id,ADD_SIGNAL_DATE_TO_FORWARD_OUTCOMES
V18_21B-2026-05-20-TSEM-8C51E70939D1,TSEM,2026-05-20,,,none,UNMATCHED_OR_AMBIGUOUS,,,No usable local forward outcome matched this signal row.,ticker_and_signal_date_or_signal_snapshot_id,ADD_SIGNAL_DATE_TO_FORWARD_OUTCOMES
V18_21B-2026-05-20-TSLA-F4092AF5BF4B,TSLA,2026-05-20,,,none,UNMATCHED_OR_AMBIGUOUS,,,No usable local forward outcome matched this signal row.,ticker_and_signal_date_or_signal_snapshot_id,ADD_SIGNAL_DATE_TO_FORWARD_OUTCOMES
V18_21B-2026-05-20-TSM-9F9937DBFEF6,TSM,2026-05-20,,,none,UNMATCHED_OR_AMBIGUOUS,,,No usable local forward outcome matched this signal row.,ticker_and_signal_date_or_signal_snapshot_id,ADD_SIGNAL_DATE_TO_FORWARD_OUTCOMES
V18_21B-2026-05-20-TTD-6CFF75A85587,TTD,2026-05-20,,,none,UNMATCHED_OR_AMBIGUOUS,,,No usable local forward outcome matched this signal row.,ticker_and_signal_date_or_signal_snapshot_id,ADD_SIGNAL_DATE_TO_FORWARD_OUTCOMES
V18_21B-2026-05-20-TTMI-80829D5A03C5,TTMI,2026-05-20,,,none,UNMATCHED_OR_AMBIGUOUS,,,No usable local forward outcome matched this signal row.,ticker_and_signal_date_or_signal_snapshot_id,ADD_SIGNAL_DATE_TO_FORWARD_OUTCOMES
V18_21B-2026-05-20-TTWO-76D215301F1A,TTWO,2026-05-20,,,none,UNMATCHED_OR_AMBIGUOUS,,,No usable local forward outcome matched this signal row.,ticker_and_signal_date_or_signal_snapshot_id,ADD_SIGNAL_DATE_TO_FORWARD_OUTCOMES
V18_21B-2026-05-20-TWLO-00BCD019006B,TWLO,2026-05-20,,,none,UNMATCHED_OR_AMBIGUOUS,,,No usable local forward outcome matched this signal row.,ticker_and_signal_date_or_signal_snapshot_id,ADD_SIGNAL_DATE_TO_FORWARD_OUTCOMES
V18_21B-2026-05-20-TWST-65C9E26CE7F5,TWST,2026-05-20,,,none,UNMATCHED_OR_AMBIGUOUS,,,No usable local forward outcome matched this signal row.,ticker_and_signal_date_or_signal_snapshot_id,ADD_SIGNAL_DATE_TO_FORWARD_OUTCOMES
V18_21B-2026-05-20-TXN-7176FD48E288,TXN,2026-05-20,,,none,UNMATCHED_OR_AMBIGUOUS,,,No usable local forward outcome matched this signal row.,ticker_and_signal_date_or_signal_snapshot_id,ADD_SIGNAL_DATE_TO_FORWARD_OUTCOMES
V18_21B-2026-05-20-U-DC5F72E436A2,U,2026-05-20,,,none,UNMATCHED_OR_AMBIGUOUS,,,No usable local forward outcome matched this signal row.,ticker_and_signal_date_or_signal_snapshot_id,ADD_SIGNAL_DATE_TO_FORWARD_OUTCOMES
V18_21B-2026-05-20-UAL-6527B40F463D,UAL,2026-05-20,,,none,UNMATCHED_OR_AMBIGUOUS,,,No usable local forward outcome matched this signal row.,ticker_and_signal_date_or_signal_snapshot_id,ADD_SIGNAL_DATE_TO_FORWARD_OUTCOMES
V18_21B-2026-05-20-UBER-90559F41D932,UBER,2026-05-20,,,none,UNMATCHED_OR_AMBIGUOUS,,,No usable local forward outcome matched this signal row.,ticker_and_signal_date_or_signal_snapshot_id,ADD_SIGNAL_DATE_TO_FORWARD_OUTCOMES
V18_21B-2026-05-20-UNH-5D63EEC41FB7,UNH,2026-05-20,,,none,UNMATCHED_OR_AMBIGUOUS,,,No usable local forward outcome matched this signal row.,ticker_and_signal_date_or_signal_snapshot_id,ADD_SIGNAL_DATE_TO_FORWARD_OUTCOMES
V18_21B-2026-05-20-UPST-C109C9050D12,UPST,2026-05-20,,,none,UNMATCHED_OR_AMBIGUOUS,,,No usable local forward outcome matched this signal row.,ticker_and_signal_date_or_signal_snapshot_id,ADD_SIGNAL_DATE_TO_FORWARD_OUTCOMES
V18_21B-2026-05-20-USFD-0C50DD5A2DA6,USFD,2026-05-20,,,none,UNMATCHED_OR_AMBIGUOUS,,,No usable local forward outcome matched this signal row.,ticker_and_signal_date_or_signal_snapshot_id,ADD_SIGNAL_DATE_TO_FORWARD_OUTCOMES
V18_21B-2026-05-20-V-7C2AEE31D04A,V,2026-05-20,,,none,UNMATCHED_OR_AMBIGUOUS,,,No usable local forward outcome matched this signal row.,ticker_and_signal_date_or_signal_snapshot_id,ADD_SIGNAL_DATE_TO_FORWARD_OUTCOMES
V18_21B-2026-05-20-VECO-9705B016D2A5,VECO,2026-05-20,,,none,UNMATCHED_OR_AMBIGUOUS,,,No usable local forward outcome matched this signal row.,ticker_and_signal_date_or_signal_snapshot_id,ADD_SIGNAL_DATE_TO_FORWARD_OUTCOMES
V18_21B-2026-05-20-VEEV-955D6AE41961,VEEV,2026-05-20,,,none,UNMATCHED_OR_AMBIGUOUS,,,No usable local forward outcome matched this signal row.,ticker_and_signal_date_or_signal_snapshot_id,ADD_SIGNAL_DATE_TO_FORWARD_OUTCOMES
V18_21B-2026-05-20-VIAV-8ADBDE2252A6,VIAV,2026-05-20,,,none,UNMATCHED_OR_AMBIGUOUS,,,No usable local forward outcome matched this signal row.,ticker_and_signal_date_or_signal_snapshot_id,ADD_SIGNAL_DATE_TO_FORWARD_OUTCOMES
V18_21B-2026-05-20-VIST-0FB6D395FE71,VIST,2026-05-20,,,none,UNMATCHED_OR_AMBIGUOUS,,,No usable local forward outcome matched this signal row.,ticker_and_signal_date_or_signal_snapshot_id,ADD_SIGNAL_DATE_TO_FORWARD_OUTCOMES
V18_21B-2026-05-20-VMC-D56063054E11,VMC,2026-05-20,,,none,UNMATCHED_OR_AMBIGUOUS,,,No usable local forward outcome matched this signal row.,ticker_and_signal_date_or_signal_snapshot_id,ADD_SIGNAL_DATE_TO_FORWARD_OUTCOMES
V18_21B-2026-05-20-VRT-3CD74E47399B,VRT,2026-05-20,,,none,UNMATCHED_OR_AMBIGUOUS,,,No usable local forward outcome matched this signal row.,ticker_and_signal_date_or_signal_snapshot_id,ADD_SIGNAL_DATE_TO_FORWARD_OUTCOMES
V18_21B-2026-05-20-VST-999F12581E7A,VST,2026-05-20,simulation|2026-05-20|VST,,none,UNMATCHED_OR_AMBIGUOUS,,,No usable local forward outcome matched this signal row.,ticker_and_signal_date_or_signal_snapshot_id,ADD_SIGNAL_DATE_TO_FORWARD_OUTCOMES
V18_21B-2026-05-20-WAB-FC9D1C193505,WAB,2026-05-20,,,none,UNMATCHED_OR_AMBIGUOUS,,,No usable local forward outcome matched this signal row.,ticker_and_signal_date_or_signal_snapshot_id,ADD_SIGNAL_DATE_TO_FORWARD_OUTCOMES
V18_21B-2026-05-20-WDAY-089BA13FEDF4,WDAY,2026-05-20,,,none,UNMATCHED_OR_AMBIGUOUS,,,No usable local forward outcome matched this signal row.,ticker_and_signal_date_or_signal_snapshot_id,ADD_SIGNAL_DATE_TO_FORWARD_OUTCOMES
V18_21B-2026-05-20-WDC-E3E0CFCD068E,WDC,2026-05-20,,,none,UNMATCHED_OR_AMBIGUOUS,,,No usable local forward outcome matched this signal row.,ticker_and_signal_date_or_signal_snapshot_id,ADD_SIGNAL_DATE_TO_FORWARD_OUTCOMES
V18_21B-2026-05-20-WHR-9BFB3F40C19E,WHR,2026-05-20,,,none,UNMATCHED_OR_AMBIGUOUS,,,No usable local forward outcome matched this signal row.,ticker_and_signal_date_or_signal_snapshot_id,ADD_SIGNAL_DATE_TO_FORWARD_OUTCOMES
V18_21B-2026-05-20-WING-6DDC7953F84A,WING,2026-05-20,,,none,UNMATCHED_OR_AMBIGUOUS,,,No usable local forward outcome matched this signal row.,ticker_and_signal_date_or_signal_snapshot_id,ADD_SIGNAL_DATE_TO_FORWARD_OUTCOMES
V18_21B-2026-05-20-WLK-F59F621F7C9D,WLK,2026-05-20,,,none,UNMATCHED_OR_AMBIGUOUS,,,No usable local forward outcome matched this signal row.,ticker_and_signal_date_or_signal_snapshot_id,ADD_SIGNAL_DATE_TO_FORWARD_OUTCOMES
V18_21B-2026-05-20-WOLF-B87FC5F07AD0,WOLF,2026-05-20,,,none,UNMATCHED_OR_AMBIGUOUS,,,No usable local forward outcome matched this signal row.,ticker_and_signal_date_or_signal_snapshot_id,ADD_SIGNAL_DATE_TO_FORWARD_OUTCOMES
V18_21B-2026-05-20-WULF-96D530A49726,WULF,2026-05-20,,,none,UNMATCHED_OR_AMBIGUOUS,,,No usable local forward outcome matched this signal row.,ticker_and_signal_date_or_signal_snapshot_id,ADD_SIGNAL_DATE_TO_FORWARD_OUTCOMES
V18_21B-2026-05-20-WVE-3ABB781F33CF,WVE,2026-05-20,,,none,UNMATCHED_OR_AMBIGUOUS,,,No usable local forward outcome matched this signal row.,ticker_and_signal_date_or_signal_snapshot_id,ADD_SIGNAL_DATE_TO_FORWARD_OUTCOMES
V18_21B-2026-05-20-WWD-6C54E40537FE,WWD,2026-05-20,,,none,UNMATCHED_OR_AMBIGUOUS,,,No usable local forward outcome matched this signal row.,ticker_and_signal_date_or_signal_snapshot_id,ADD_SIGNAL_DATE_TO_FORWARD_OUTCOMES
V18_21B-2026-05-20-WYFI-1C8D32EDB37E,WYFI,2026-05-20,,,none,UNMATCHED_OR_AMBIGUOUS,,,No usable local forward outcome matched this signal row.,ticker_and_signal_date_or_signal_snapshot_id,ADD_SIGNAL_DATE_TO_FORWARD_OUTCOMES
V18_21B-2026-05-20-XENE-0121E5C1D49F,XENE,2026-05-20,,,none,UNMATCHED_OR_AMBIGUOUS,,,No usable local forward outcome matched this signal row.,ticker_and_signal_date_or_signal_snapshot_id,ADD_SIGNAL_DATE_TO_FORWARD_OUTCOMES
V18_21B-2026-05-20-XLF-5E14EBFB3017,XLF,2026-05-20,,,none,UNMATCHED_OR_AMBIGUOUS,,,No usable local forward outcome matched this signal row.,ticker_and_signal_date_or_signal_snapshot_id,ADD_SIGNAL_DATE_TO_FORWARD_OUTCOMES
V18_21B-2026-05-20-XLK-5F1DFA9DA426,XLK,2026-05-20,,,none,UNMATCHED_OR_AMBIGUOUS,,,No usable local forward outcome matched this signal row.,ticker_and_signal_date_or_signal_snapshot_id,ADD_SIGNAL_DATE_TO_FORWARD_OUTCOMES
V18_21B-2026-05-20-XPO-01591C74283B,XPO,2026-05-20,,,none,UNMATCHED_OR_AMBIGUOUS,,,No usable local forward outcome matched this signal row.,ticker_and_signal_date_or_signal_snapshot_id,ADD_SIGNAL_DATE_TO_FORWARD_OUTCOMES
V18_21B-2026-05-20-XYZ-766BF3E37231,XYZ,2026-05-20,,,none,UNMATCHED_OR_AMBIGUOUS,,,No usable local forward outcome matched this signal row.,ticker_and_signal_date_or_signal_snapshot_id,ADD_SIGNAL_DATE_TO_FORWARD_OUTCOMES
V18_21B-2026-05-20-YPF-4D2436725510,YPF,2026-05-20,,,none,UNMATCHED_OR_AMBIGUOUS,,,No usable local forward outcome matched this signal row.,ticker_and_signal_date_or_signal_snapshot_id,ADD_SIGNAL_DATE_TO_FORWARD_OUTCOMES
V18_21B-2026-05-20-Z-563C28B15D54,Z,2026-05-20,,,none,UNMATCHED_OR_AMBIGUOUS,,,No usable local forward outcome matched this signal row.,ticker_and_signal_date_or_signal_snapshot_id,ADD_SIGNAL_DATE_TO_FORWARD_OUTCOMES
V18_21B-2026-05-20-ZG-C4BA187EB36E,ZG,2026-05-20,,,none,UNMATCHED_OR_AMBIGUOUS,,,No usable local forward outcome matched this signal row.,ticker_and_signal_date_or_signal_snapshot_id,ADD_SIGNAL_DATE_TO_FORWARD_OUTCOMES
V18_21B-2026-05-20-ZS-072839417689,ZS,2026-05-20,simulation|2026-05-20|ZS,,none,UNMATCHED_OR_AMBIGUOUS,,,No usable local forward outcome matched this signal row.,ticker_and_signal_date_or_signal_snapshot_id,ADD_SIGNAL_DATE_TO_FORWARD_OUTCOMES
